aaaT.aln,0.0010233178395463965
aaeA_1.aln,0.0010726740054409173
aaeA_2.aln,0.0016735867007966149
aaeB_1.aln,0.004576851434800498
aaeB_2.aln,0.002224010771280835
aaeR_1.aln,0.0038282152620407817
aaeR_2.aln,0.0038920188497414613
aaeR_3.aln,0.0010761342441681458
aaeX.aln,0.0024529530565597446
aas.aln,0.0020850100980757827
aat.aln,0.0
abgB_1~~~abgB_2~~~abgB.aln,0.15532159548157692
abgT.aln,0.0029493266613252723
accA.aln,0.00364876767163262
accB.aln,0.0
accC.aln,0.0
accD.aln,0.002034156193244666
aceA.aln,0.0011372782353140634
aceB.aln,0.0018741663802928385
aceE.aln,0.0007513549902975794
aceF.aln,0.0028985922374513253
aceI.aln,0.0
aceK.aln,0.0019623624452477957
aceR.aln,0.0011503503989383629
ackA.aln,0.0008319242286586665
acnA.aln,0.0017494317453478337
acnB.aln,0.0021187169587837053
acoA.aln,0.0010425050490378914
acoB.aln,0.0019623624452477957
acoR.aln,0.0013993356362924717
acpH.aln,0.00515878787152771
acpP.aln,0.0
acpS.aln,0.0013133921877642727
acrA.aln,0.0012572925214527333
acrB_1.aln,0.003213888397804675
acrB_2.aln,0.0006360373988410395
acrD.aln,0.0027503527966858043
acrE.aln,0.0021947474716587185
acrF.aln,0.0040212345189504
acrR_1.aln,0.0029532336840187427
acrR_2.aln,0.0007686673172629613
acrZ.aln,0.0
acsAB.aln,0.007332891665475289
acuI.aln,0.002046635679092793
acuR.aln,0.004258744030112237
ada_1.aln,0.0009450470699493633
ada_2.aln,0.0028191685833137345
add.aln,0.0024970180815278836
ade.aln,0.001597708887414393
ade2.aln,0.0044185644462533145
adeE.aln,0.0069231995534562675
adeP.aln,0.0007479856854083525
adeQ.aln,0.010425050490378915
adh.aln,0.0006672032313842505
adh1.aln,0.0026130674858391013
adhB.aln,0.004790623724038352
adhE_1.aln,0.0022439570562250576
adhP.aln,0.002474789433917843
adk.aln,0.0007758177109119192
admX.aln,0.004921991051195291
aegA_1.aln,0.00205926923266744
aegA_2.aln,0.005686391176570316
aegA_3.aln,0.004037538465260215
agaC.aln,0.004490790980470917
aglB.aln,0.0011346993731024668
agp_1.aln,0.003207707843193512
agp_2.aln,0.0035489533584268642
ahcY.aln,0.0031556909592498333
ahpC_1.aln,0.0017744766792134321
ahpC_2.aln,0.0
ahpF.aln,0.003195417774828786
ahr.aln,0.003434134279183642
aidB.aln,0.0045824397759907315
ais.aln,0.0024803094103503735
alaA.aln,0.00041083942819227247
alaC.aln,0.0016474153861339518
alaE.aln,0.002224010771280835
alaS.aln,0.000952059405514056
aldA.aln,0.004517521879164196
alkA.aln,0.02298668376677188
alkB.aln,0.004590847922368696
allS.aln,0.002324749935136761
alr.aln,0.003243349041451218
alsC.aln,0.001010913986945834
alsE_1.aln,0.0007348053209077648
alsE_2.aln,0.0007252209036785331
alsT.aln,0.002098123369132863
alx.aln,0.00205926923266744
amaB_1.aln,0.014694356881676945
amaB_2.aln,0.0032310083844273633
amiA.aln,0.0017195959571759034
amiB.aln,0.004428340031311397
amiC_1.aln,0.010375169866023035
amiD.aln,0.0030108449069686394
amn.aln,0.0027513535314814454
amnD.aln,0.0
ampD.aln,0.0
ampE.aln,0.00117053198488465
ampG.aln,0.0030512342898669992
ampH.aln,0.00732716726972368
amtB.aln,0.0027216915033157073
amyA.aln,0.001681459756512728
anmK.aln,0.000889604308512334
ansA.aln,0.0019623624452477957
ansB.aln,0.0023965633311215893
ansP2.aln,0.001031757574305542
apaG.aln,0.0
apaH.aln,0.0011788042957318913
apbC.aln,0.003606503953428381
apbE_1.aln,0.004752159767694092
apbE_2.aln,0.002104742054839907
aphA.aln,0.002803374921782565
aplK.aln,0.002302969733574829
appA.aln,0.007635248246474698
appY.aln,0.0038053416238645467
apt.aln,0.0027195783887944995
aptA.aln,0.0
aptB.aln,0.0026730898693279265
aqpZ_1.aln,0.0021569069980094304
araA.aln,0.0029964216978334603
araB_1.aln,0.005290324129446015
araB_2.aln,0.0023410639697693
araC_1.aln,0.0029574611320223867
araD.aln,0.003594844996682384
araE.aln,0.001759502192469015
araF.aln,0.004080753708772174
araG.aln,0.0023120904057870066
araH.aln,0.0005100942135965218
araJ.aln,0.004332488515482146
arcA.aln,0.0
arcB.aln,0.0019246247059161072
arfB.aln,0.0012087015061308887
argA.aln,0.0015027099805951588
argB.aln,0.015516354218238384
argC.aln,0.014937385777259338
argD.aln,0.0024589799682466235
argE_2.aln,0.011728181801676278
argG.aln,0.0014892929271969877
argH.aln,0.001820969517970116
argI.aln,0.00248956429620989
argO.aln,0.007811197521650133
argP_1.aln,0.0011194685090339773
argP_2.aln,0.002180402716941995
argP_3.aln,0.009748099159834829
argR.aln,0.002124851055363855
argS.aln,0.0
argT.aln,0.003834501329794543
argU.aln,0.009716551913362872
argV.aln,0.006415415686387024
ariR.aln,0.0028675953896375953
arnA.aln,0.0022676846988135403
arnB.aln,0.003950545448985694
arnC.aln,0.001017078096622333
arnD.aln,0.0027707775389711397
arnE.aln,0.0
arnF.aln,0.0
arnT.aln,0.0033239291418599437
aroA.aln,0.0015588860546360992
aroB.aln,0.0009139770292934938
aroC.aln,0.0009215514245638819
aroD.aln,0.007280987644074162
aroE_1.aln,0.0018329759103962926
aroE_2.aln,0.0
aroF.aln,0.0023361457681521374
aroG.aln,0.006085641067926308
aroH.aln,0.0047793927749588145
aroK.aln,0.0009586253324486357
aroL.aln,0.0018741663802928385
aroP_1.aln,0.0007252209036785331
aroP_2.aln,0.0010949724803899078
aroQ.aln,0.0022092822231266573
arsB_1.aln,0.0038700883490965805
arsC_1.aln,0.0023659689056179096
artI.aln,0.0013290901023590648
artJ_1.aln,0.0013672197364431363
artJ_2.aln,0.0013672197364431363
artM.aln,0.00598388548326682
artP.aln,0.006864230775558132
artQ_1.aln,0.0006541208150825985
artQ_2.aln,0.0
ascG_1.aln,0.0009899157735671373
ascG_2.aln,0.0
ascG_3.aln,0.0034544546003622435
asd_1.aln,0.002712208257659555
asd_2.aln,0.034433410734978076
asnA.aln,0.0
asnB.aln,0.0018032519767141905
asnC.aln,0.0010902013584709975
asnS.aln,0.0003571751774005624
aspA.aln,0.0027858172500386242
aspC.aln,0.001680612673511966
aspS.aln,0.0011194685090339773
aspT_1.aln,0.009634703702299647
aspT_2.aln,0.0005935971809468421
astA_1.aln,0.000978303858334678
astA_2.aln,0.0038678448196188433
astB_1.aln,0.006716811054203864
astB_2.aln,0.00301901914653507
astC_1.aln,0.0016597095308065932
astC_2.aln,0.0
astD_1.aln,0.0023877416256082584
astD_2.aln,0.004736736936805023
astE_1.aln,0.0
astE_2.aln,0.005698164243188475
atl.aln,0.001603853921596756
atoB_1.aln,0.0016977181460159046
atoB_2.aln,0.005503579954311711
atpA.aln,0.0009735455710859686
atpB.aln,0.0
atpC.aln,0.0
atpD.aln,0.0010854716345730757
atpE.aln,0.0
atpF.aln,0.0
atpG.aln,0.0
atpH.aln,0.0
atpI.aln,0.0
atsA.aln,0.0037515752629737266
atsB.aln,0.004778649749487488
atzE.aln,0.0236241487507299
avtA.aln,0.0027866483411036714
axe16A.aln,0.002143969252520085
azoR_1.aln,0.004954479440972157
azoR_2.aln,0.0008257465734953595
aztC.aln,0.013215835967544807
bacC.aln,0.001244782148104945
baeR.aln,0.004152717207785791
baeS.aln,0.004398398584176093
baiA1.aln,0.004406059075179013
bamA_1.aln,0.0043244653886016235
bamA_2.aln,0.0018579297903645589
bamB.aln,0.0012732886095119284
bamC.aln,0.0014504418073570662
bamD.aln,0.002268044057026602
bamE.aln,0.0014631649811058126
barA_1~~~barA_2~~~barA.aln,0.14970091875634017
basR.aln,0.0007446464635984939
basS.aln,0.005952453734778609
bauC.aln,0.006977723037385089
bcaP.aln,0.003988714970231932
bcp.aln,0.00424970211072771
bcr_1.aln,0.003439191914351807
bcr_2.aln,0.002090235687294018
bcsA.aln,0.0015285297397119142
bcsB_1.aln,0.0030812957114420437
bcsB_2.aln,0.00436099757335746
bcsC.aln,0.005875878760720468
bcsE.aln,0.0012880371262244219
bcsF.aln,0.0
bcsG.aln,0.0023828686835151804
bcsQ_1.aln,0.002762156808422304
bcsQ_2.aln,0.0020508296046647043
bcsZ.aln,0.004057316947606929
bdcA_1.aln,0.0035042186522282063
bdcA_2.aln,0.0006725839026050912
bdcR.aln,0.0075818549020937554
bdhA.aln,0.007788364568687749
benC.aln,0.010824831187650083
benM.aln,0.002292794609567871
bepA_1.aln,0.0029631527670655093
bepA_2.aln,0.004785269077550977
bepG.aln,0.003882851007085842
betA.aln,0.0015027099805951588
betB_1.aln,0.0044253275550996205
betB_2.aln,0.00305744861632294
betI_1.aln,0.005405581735752029
betI_2.aln,0.005896998257184032
betI_3.aln,0.0051061471789611
betT.aln,0.0027062077969125203
bfd.aln,0.0
bfr.aln,0.0010490616845664315
bglA_1.aln,0.0024426896546494528
bglA_2.aln,0.0010468669948497653
bglA_3.aln,0.005087606339531322
bglB.aln,0.0032284027325044378
bglC.aln,0.0018249541339831797
bglF_1.aln,0.00966961204904711
bglG.aln,0.0018000087177632658
bglH_1.aln,0.002458117168257765
bglH_3.aln,0.0009181695844737392
bglJ.aln,0.0014826738475205567
bglK.aln,0.0022389370180679546
bglT.aln,0.005801767229428265
bglY.aln,0.002188348790983329
bhsA_1.aln,0.0
bhsA_2.aln,0.0019172506648972715
bioA.aln,0.008108749223973246
bioB.aln,0.003845551765903461
bioC.aln,0.0013238159352862112
bioD1_1.aln,0.0014379379986729536
bioD1_2.aln,0.0013842390692619304
bioF.aln,0.004753390897167587
bioH_1.aln,0.0012930295181865319
bioP.aln,0.0005560026928202087
bipA.aln,0.0
birA.aln,0.0036374007941508985
bisC.aln,0.0023614013980781065
bla_4.aln,0.004088550838144405
blc_1.aln,0.010307915091610612
blc_2.aln,0.008433748711317773
bluF_2.aln,0.0
bluR.aln,0.0013616392477229602
bolA.aln,0.0
brnQ.aln,0.007788551482017097
bsmA.aln,0.0032388506377876236
bssS.aln,0.0
btsR.aln,0.005560026928202087
btsS.aln,0.003771148699128372
btsT.aln,0.0060485648591319776
btuB.aln,0.004447551941317061
btuC.aln,0.001013986673836247
btuD_1.aln,0.001334406462768501
btuD_2.aln,0.004725235349746816
btuE.aln,0.006345682907187165
btuF_1.aln,0.0049190586764254396
btuF_2.aln,0.002498888507057118
btuR.aln,0.0
budA.aln,0.0006415415686387023
budB.aln,0.004272763793455773
budC.aln,0.004543212665067854
cadA.aln,0.002329620221313724
cadB.aln,0.0018741663802928385
cadC.aln,0.0037845023779115314
caiE.aln,0.0008381950143018222
caiT.aln,0.002178368759183654
can_1.aln,0.001509509573267535
can_2.aln,0.019811783660125804
capC.aln,0.0019470911421719372
carA_1.aln,0.0028271323363739426
carA_2.aln,0.004355112476398502
carB.aln,0.0021722895905533736
cat3.aln,0.0021947474716587185
catA.aln,0.004318467517050165
catB.aln,0.004024684371620814
CatBsu.aln,0.0011270324854463691
catC.aln,0.0017195959571759034
catD.aln,0.005232966520660788
catM.aln,0.007156470303626449
cbdA.aln,0.01302565961487691
cbdB.aln,0.01235561539600464
cbiA.aln,0.00436080543388399
cbiC.aln,0.0007867962634248237
cbiD.aln,0.0065842424149761564
cbiE.aln,0.001651493146990719
cbiF.aln,0.0
cbiG.aln,0.010502217348900188
cbiH.aln,0.0020677786096619335
cbiJ.aln,0.0019099329142678925
cbiK.aln,0.0025177480429594357
cbiL.aln,0.002111402630962818
cbiM.aln,0.004068312386489332
cbiN.aln,0.0017744766792134321
cbiO.aln,0.001213096784335001
cbiQ.aln,0.01033279340639326
cbiT.aln,0.001755797977326975
cbl.aln,0.0026309275685498837
cca.aln,0.0020145025102181477
ccmA.aln,0.00400963480399189
ccmB.aln,0.002274556470628127
ccmC.aln,0.002034156193244666
ccmE.aln,0.006541208150825985
ccmF.aln,0.006661783416278998
ccmH.aln,0.011992214943180974
ccpA.aln,0.0004934935143374634
cdaR_1.aln,0.0025927586711823204
cdaR_2.aln,0.001651493146990719
cdd.aln,0.0022617058690991543
cdh.aln,0.005887087335743386
cdhR.aln,0.003147185053699295
cdiA.aln,0.0025103800511949224
cdiB.aln,0.0026951656563995756
cds1_1.aln,0.0039974049810603245
cds1_2.aln,0.0004752159767694092
cdsA.aln,0.003195417774828786
cecR.aln,0.0007581854902093756
cedA.aln,0.0015027099805951588
celA_1.aln,0.0015885791223434536
celA_3.aln,0.0032388506377876236
celA_4.aln,0.0
cfa.aln,0.0034840899811188013
cfxP.aln,0.0017255255984075443
chaA.aln,0.001817992456087876
chaB.aln,0.002166244257741073
chaC.aln,0.0022044159627232947
chbA_1.aln,0.003302986293981438
chbA_2.aln,0.0031771582446869073
chbA_3~~~chbA_4.aln,0.02831708530866763
chbA_5.aln,0.0015735925268496474
chbB.aln,0.0015588860546360992
chbC.aln,0.0018410685192722144
chbF.aln,0.002228964024668988
chbG.aln,0.005274333844934786
chbR.aln,0.004245838745172503
chcC2_1.aln,0.0071613942545715615
chcC2_2.aln,0.005146609438123883
chiA1.aln,0.001995224974235199
chiP.aln,0.0017820599128852844
chiQ.aln,0.0030054199611903175
chnA.aln,0.0012732886095119284
cho.aln,0.001158338943375435
chrR.aln,0.0008825439568574742
chuR.aln,0.0014056247852196288
cimH.aln,0.001466380728317034
cirA.aln,0.0015209800107543704
citA_1.aln,0.0036930068157799843
citA_2.aln,0.0002916098039266829
citB_1.aln,0.0014317665909533272
citB_2.aln,0.0028391626867414915
citC.aln,0.01829074529289985
citD.aln,0.0
citE.aln,0.00402622639628427
citF.aln,0.0037434993447019987
citG_1.aln,0.0011871943618936842
citG_3.aln,0.0038534840096450113
citS.aln,0.0014926246787119698
citX.aln,0.0
clcA.aln,0.0026476318705724224
clcB_1.aln,0.003200015498245806
clcB_2.aln,0.00308890384900116
clcD.aln,0.0012310022719266614
clpA.aln,0.001755797977326975
clpB.aln,0.002527284967364585
clpP.aln,0.000801926960798378
clpS.aln,0.0
clpV1.aln,0.004334936249106713
clpX.aln,0.0007849449780991182
clsA.aln,0.002055040753750258
clsB.aln,0.0012057889723811755
cmaX.aln,0.0024314986566481432
cmk.aln,0.0007315824905529063
cmoA.aln,0.0
cmoB.aln,0.000995825718483956
cmoJ.aln,0.006474003957495581
cmoM.aln,0.0006247221267642795
cmoO_1.aln,0.0004964309757323292
cmoO_2.aln,0.0009928619514646584
cmpB.aln,0.0022617058690991543
cmpR_1.aln,0.003971447805858634
cmtAa.aln,0.002926329962211625
cnoX.aln,0.00117053198488465
cntO.aln,0.005551980579536093
coaA.aln,0.0010796168792625413
coaBC.aln,0.00041083942819227247
coaD.aln,0.0041700201961515655
coaE.aln,0.0
cobB.aln,0.0024086759255749117
cobC_1.aln,0.0007942895611717268
cobC_2.aln,0.0
cobD_1.aln,0.004646262056993387
cobD_2.aln,0.0020850100980757827
cobQ.aln,0.005581916797998158
cobS_1.aln,0.004727148400495702
cobT_1.aln,0.005212525245189457
cobT_2.aln,0.005622499140878515
cobU.aln,0.003665951820792585
codAch2.aln,0.00974303784147562
codA_1.aln,0.0018911656218374448
codA_2.aln,0.01009690120133551
codB.aln,0.002117673286747433
cof.aln,0.0030549598506604877
comM.aln,0.0013159827048999024
comR.aln,0.002360388790274471
copA.aln,0.0046000222787283464
corA.aln,0.0015785565411299302
corC.aln,0.00777784582886319
cpdA.aln,0.0006043507530654443
cpdB.aln,0.00283149519491773
cpo.aln,0.004391190212949084
cpoB.aln,0.0006294370107398589
cpxA.aln,0.0007283878071880464
cpxP.aln,0.001985723902929317
cpxR.aln,0.0
cra.aln,0.001991651436967912
creB.aln,0.0007252209036785331
creC.aln,0.000351159595465395
creD.aln,0.0
crgA_1.aln,0.001651493146990719
crgA_2.aln,0.01671072149628119
crgA_4.aln,0.0068081962386148005
crgA_5.aln,0.0027616027789083217
crl.aln,0.003762424237129232
crnA.aln,0.0017020490596537001
crp.aln,0.0007905251556685432
crr.aln,0.0
csbX_1.aln,0.0031177721092721985
csbX_2.aln,0.011851908929574493
cscB.aln,0.000805801004087259
csdA.aln,0.0033194190616131864
csdE.aln,0.00231667788675087
csgD.aln,0.0007651413203947826
cspA.aln,0.0
cspC.aln,0.0
cspD.aln,0.0
cspE.aln,0.0
csrA.aln,0.0
csrD.aln,0.001289032518130314
cstA.aln,0.0038017278141552736
ctpF_2.aln,0.0034903252743118834
cueO.aln,0.003442418173183281
cueR.aln,0.004870096579447084
curA.aln,0.008677498674072621
cusB.aln,0.016640460640224772
cusC_1.aln,0.002762746299727745
cusC_2.aln,0.021010701844961968
cusF_1.aln,0.013053976266213596
cusR_1.aln,0.002926329962211625
cusS.aln,0.012213448273247263
cutA.aln,0.00308890384900116
cutC_1.aln,0.0
cvpA.aln,0.0
cvrA.aln,0.0008657481376093216
cyaA.aln,0.0011411685827552745
cyaY.aln,0.0015588860546360992
cybB.aln,0.002843195588285158
cybC.aln,0.0
cycA_1.aln,0.0
cycA_2.aln,0.0003564119825770569
cydA_1.aln,0.0014226081692627942
cydA_2.aln,0.001913584793645078
cydB_1.aln,0.002474789433917843
cydB_2.aln,0.0
cydB_3.aln,0.001755797977326975
cydC.aln,0.0027155813329354005
cydD.aln,0.0008495796664485363
cydX.aln,0.0
cynR_1.aln,0.0026990421981563533
cynR_2.aln,0.003302986293981438
cynR_3.aln,0.0016680080784606261
cynR_4.aln,0.003369713289819447
cynR_5.aln,0.0028271323363739426
cynT.aln,0.0007867962634248237
cyoA.aln,0.0005295263741144845
cyoB.aln,0.0005024120718254898
cyoC.aln,0.0008176510188532481
cyoD.aln,0.0015163709804187511
cyoE.aln,0.0
cysA.aln,0.0013709655439402408
cysB.aln,0.0005132332549109619
cysC.aln,0.003302986293981438
cysD.aln,0.006055474872299303
cysE.aln,0.017045338028064794
cysG_1.aln,0.006191296361098394
cysG_2.aln,0.0038873069625141713
cysH_1.aln,0.00408491774316888
cysH_2.aln,0.0008176510188532481
cysI.aln,0.0014606025205434556
cysJ.aln,0.0032813568170143997
cysK.aln,0.00102963461633372
cysM.aln,0.007681616150805515
cysN.aln,0.0031537967870053857
cysP.aln,0.0034442644687977535
cysQ.aln,0.004708087318235639
cysS.aln,0.003971447805858634
cysT.aln,0.0012000058118421771
cysW.aln,0.001713706929925301
cysZ.aln,0.001970088281646409
cytR_1.aln,0.004019296574603919
cytR_2.aln,0.0016077186298415675
cytR_3.aln,0.0019451989253185145
dacA.aln,0.0007867962634248237
dacB.aln,0.0048853793092989055
dacC.aln,0.001651493146990719
dacD.aln,0.002579393935763855
dadA_1.aln,0.0019261063261670048
dadA_2.aln,0.001995224974235199
dadX.aln,0.00373783322904342
damX.aln,0.0011914343417575902
dam_1.aln,0.0012087015061308887
dan.aln,0.002432511781088413
dapA_1.aln,0.001707858100812928
dapA_2.aln,0.0022693987462049335
dapA_3.aln,0.012439382280045347
dapB.aln,0.004870096579447084
dapD.aln,0.001213096784335001
dapE.aln,0.0013308575094100742
dapF.aln,0.0030327419608375023
darP.aln,0.0027195783887944995
dasC.aln,0.0
dat.aln,0.0003618238781910252
dauA_1.aln,0.005146304416303202
dauA_3~~~dauA_2.aln,0.019743769091982923
dauR.aln,0.0020763586038928957
dbpA_1.aln,0.0007283878071880464
dcd.aln,0.00515878787152771
dcm.aln,0.0035717517740056237
dcp.aln,0.004157791397922382
dcrB.aln,0.0008967785368067882
dctA_1.aln,0.0007776261438044878
dctA_2.aln,0.002747307423346914
dctD.aln,0.0024000116236843542
dcuA.aln,0.003843336586314807
dcuB.aln,0.002612093187745947
dcuC.aln,0.003641939035940232
dcuR.aln,0.0034750168301263045
dcuS.aln,0.002785171188524237
dcyD.aln,0.002027973347672494
ddc.aln,0.002378015590473398
ddlA.aln,0.0027344394728862726
ddlB.aln,0.001629975320971296
ddpA_1.aln,0.004957824958505054
ddpA_2.aln,0.004783961984112695
ddpC_1.aln,0.0044185644462533145
ddpC_2.aln,0.007662227922257294
ddpC_3.aln,0.007200034871053063
ddpD.aln,0.002550471067982609
ddrA.aln,0.0032921212074880782
deaD.aln,0.002072059724795809
decR.aln,0.00436080543388399
dedA.aln,0.0007581854902093756
dedD.aln,0.0014504418073570662
def.aln,0.005887087335743386
degP.aln,0.0020937339896995306
degQ.aln,0.0007315824905529063
degS.aln,0.0033076647448227717
deoA.aln,0.0011346993731024668
deoB.aln,0.0024529530565597446
deoC_1.aln,0.004205062382673847
deoC_2.aln,0.0019246247059161072
deoD.aln,0.0006950033660252609
deoR.aln,0.0006592917306168483
der.aln,0.004398398584176093
dgaE.aln,0.00044718715240231265
dgaF.aln,0.0
dgcM.aln,0.00351159595465395
dgcN.aln,0.0008176510188532481
dgcP.aln,0.002467467571687317
dgcQ.aln,0.005063595952469757
dgcR.aln,0.0026990421981563533
dgkA.aln,0.0013561041288297775
dgoA_1.aln,0.0137651152105974
dgoA_2.aln,0.0033360161569212523
dgoD.aln,0.012194314933915805
dgoK_1.aln,0.003985002235230165
dgoK_2.aln,0.006878383828703614
dgoR_1.aln,0.0029008836147141324
dgoR_2.aln,0.003564119825770569
dgoT_1.aln,0.006966159028373845
dgoT_2.aln,0.004917030616777356
dgt.aln,0.0013211945175925753
dhaB.aln,0.0024000116236843542
dhaD.aln,0.0031901793850339847
dhaK_1.aln,0.002426193568670002
dhaK_2.aln,0.0014016874608912826
dhaL.aln,0.0015810503113370864
dhaM.aln,0.000703800876987606
dhaR.aln,0.0036374007941508985
dhaT.aln,0.0017195959571759034
dhmA.aln,0.005039299330696756
diaA.aln,0.0008467046083556479
digH.aln,0.0007740176698193161
dinB.aln,0.003317061519666018
dinF.aln,0.0015198251284379283
dinG.aln,0.0012846808799301284
dinI_2.aln,0.003971447805858634
dipZ.aln,0.006722450694047864
djlA.aln,0.001813052259196333
dkgA.aln,0.003626104518392666
dkgB.aln,0.0018671732221574174
dksA.aln,0.0
dld.aln,0.0048721885453317255
dmdB.aln,0.0009215514245638819
dmlA.aln,0.001382327136845823
dmlR_1.aln,0.0038920188497414613
dmlR_2.aln,0.007843298174579747
dmlR_3.aln,0.0
dmlR_4.aln,0.0010761342441681458
dmoA.aln,0.003200868380841287
dmsA_1.aln,0.002667171589174433
dmsA_2.aln,0.010831221288705364
dmsB_1.aln,0.0
dmsC_1.aln,0.0017496588235600974
dmsC_2.aln,0.001158338943375435
dmsD.aln,0.0008216788563845449
dnaA_1.aln,0.0014256479303082275
dnaB.aln,0.0003533915420467428
dnaC_2.aln,0.0
dnaE.aln,0.008045517002049533
dnaG.aln,0.0005731986523919677
dnaJ.aln,0.00308890384900116
dnaK_1.aln,0.01947734201677942
dnaK_2.aln,0.0018272388965922353
dnaN.aln,0.002726988684131814
dnaQ.aln,0.0027012276574261153
dnaT.aln,0.0
dnaX.aln,0.0013113271057080395
dolP.aln,0.0
dpaL.aln,0.0028901130072337584
dppA_1.aln,0.001244782148104945
dppA_2.aln,0.00281652395987723
dppB_1.aln,0.0024529530565597446
dppB_2.aln,0.0024104162983535063
dppB_3.aln,0.004402367362506052
dppC.aln,0.003324933046765368
dppD_1.aln,0.002542695241555833
dppD_2.aln,0.010163490083810267
dppF_1.aln,0.00444144162903717
dppF_2.aln,0.0025740865408343
dppF_3.aln,0.012776232090336712
dps.aln,0.001985723902929317
drpB.aln,0.0
dsbA.aln,0.0
dsbB.aln,0.0028271323363739426
dsbC_1.aln,0.00560674984356513
dsbD_1.aln,0.006472867170145714
dsbD_2.aln,0.0027846545550260873
dsbE.aln,0.005409755930142572
dsbG.aln,0.004003219388305503
dsdA.aln,0.006400933935401951
dsdC_1.aln,0.009393344635952663
dsdC_2.aln,0.002926329962211625
dsdX.aln,0.0022439570562250576
dsrB.aln,0.005212525245189457
dszC.aln,0.00040882550942662407
dtd.aln,0.0011424712866168673
dtnK.aln,0.006477701275575247
dtpA.aln,0.0009968175767692984
dtpB.aln,0.0006794330258495422
dtpC.aln,0.002034156193244666
dtpD.aln,0.001353353410515721
dusA.aln,0.010093042512978313
dusB.aln,0.0
dusC.aln,0.0037543590190432102
dut.aln,0.0
dxr.aln,0.0
dxs.aln,0.00268600334695753
eamB.aln,0.0016934092167112957
ecdB.aln,0.0008424283224548617
eco.aln,0.0030512342898669992
ecoRIIM.aln,0.0
ecoRIIR.aln,0.02102979391033895
ecpA.aln,0.0034040981193074003
ecpB.aln,0.02019561350602552
ecpC.aln,0.010697438983001642
ecpD.aln,0.002130667253508099
ecpE.aln,0.001407601753975212
ecpR.aln,0.0036862056982555277
eda.aln,0.0007794430273180496
edcC.aln,0.002803374921782565
edd.aln,0.001656961667344993
efeB.aln,0.001948607568295124
efeO.aln,0.0017744766792134321
efeU.aln,0.003613013888362367
efp.aln,0.0035301758274298967
elaA.aln,0.002180402716941995
elbB.aln,0.002295423961184348
elfC.aln,0.1041606778749065
emrA_1.aln,0.0008532010631512154
emrA_2.aln,0.00046077571228194097
emrB.aln,0.0026011821886325554
emrD.aln,0.002111402630962818
emtA.aln,0.0032706040754129926
endA.aln,0.0007067830840934856
engB.aln,0.0007905251556685432
eno.aln,0.000770442530466802
entA.aln,0.00463335577350174
entB.aln,0.007047921458284336
entC.aln,0.0017020490596537001
entD.aln,0.005613488725588646
entE.aln,0.01244782148104945
entF.aln,0.0059295495833994434
entH.aln,0.003626104518392666
entS.aln,0.003223204016349036
envC.aln,0.0015923704806306694
envZ.aln,0.00405931169536878
epd.aln,0.0009725994626592572
epmA.aln,0.0010233178395463965
epmB.aln,0.018965689521855518
epmC.aln,0.0
eptA.aln,0.0027444374234269903
eptB.aln,0.0011957047157423843
era_1.aln,0.0027616027789083217
erfK.aln,0.009561829749137348
erpA.aln,0.0029008836147141324
eryD.aln,0.006374553166091565
etpD.aln,0.005361464852615611
ettA_1.aln,0.00463335577350174
ettA_2.aln,0.0012000058118421771
eutA.aln,0.004276943790924683
eutB_1.aln,0.0018370133022694122
eutB_2.aln,0.006484696633324249
eutC_1.aln,0.005560026928202087
eutC_2.aln,0.0032200928155610544
eutD.aln,0.0034442644687977535
eutE.aln,0.009623123529580536
eutG.aln,0.00463335577350174
eutH.aln,0.0028408896713441323
eutJ.aln,0.0035743030252727705
eutK.aln,0.00205926923266744
eutL_2~~~eutL~~~eutL_1.aln,0.28632049247152497
eutM.aln,0.0017195959571759034
eutN.aln,0.0034750168301263045
eutP.aln,0.0041700201961515655
eutQ.aln,0.004351325422071199
eutR.aln,0.002851295860616455
eutS.aln,0.0029785858543939754
eutT.aln,0.005580696173288341
evgA.aln,0.0032546499091914657
exaC.aln,0.0029609610860247804
exbB.aln,0.0020508296046647043
exbD.aln,0.0011746535763807228
exoX.aln,0.0037909274510468777
exuT_1.aln,0.0
exuT_2.aln,0.0
exuT_3.aln,0.0018249541339831797
exuT_4.aln,0.0026903356104203647
fabA.aln,0.0
fabB.aln,0.0004098299947077706
fabD_1.aln,0.000554155507794228
fabD_2.aln,0.0016142013662522189
fabF_1.aln,0.019623624452477954
fabF_2.aln,0.0020145025102181477
fabG_1.aln,0.002637166922467393
fabG_3.aln,0.001985723902929317
fabG_4.aln,0.0026267843755285454
fabG_5.aln,0.0013616392477229602
fabG_6.aln,0.0033360161569212523
fabG_7.aln,0.0
fabG_8.aln,0.011592334136019795
fabG_9.aln,0.005253568751057091
fabH.aln,0.0005245308422832158
fabI.aln,0.0006342236039774244
fabR.aln,0.0015735925268496474
fabY.aln,0.004824850843303947
fabZ.aln,0.0
fadA.aln,0.0012896969678819275
fadB.aln,0.0013709655439402408
fadD.aln,0.001746605317759818
fadE.aln,0.0016373085432742343
fadH.aln,0.0034647052074849804
fadI.aln,0.002290171274774315
fadJ_2~~~fadJ_1~~~fadJ.aln,0.15315043744217363
fadL.aln,0.0007564662487349778
fadM.aln,0.006223910740524725
fadR.aln,0.0006950033660252609
farR.aln,0.004538797492409867
fba.aln,0.004068312386489332
fbaA_1.aln,0.0018533423094006958
fbaA_2.aln,0.004748777447574737
fbaB.aln,0.0019008639070776368
fbp.aln,0.0025045166343252647
fbpC2_2~~~fbpC2_1~~~fbpC2.aln,0.15619825168889181
fcs.aln,0.00385666607736561
fcuA.aln,0.0013653544980578114
fdhD.aln,0.0005978523578711922
fdhE.aln,0.0010761342441681458
fdhF_1.aln,0.013492952378063642
fdnG_1.aln,0.0034040981193074003
fdnG_2.aln,0.0018671732221574174
fdnH.aln,0.0028271323363739426
fdnI.aln,0.008378122768523693
fdoG_1.aln,0.0
fdoG_2.aln,0.005180149311989522
fdoH.aln,0.001662466523382684
fdoI.aln,0.0
fdtC.aln,0.0032921212074880782
fdx.aln,0.0
feaB_1.aln,0.0033360161569212523
feaB_2.aln,0.0060654839216750045
feaR.aln,0.006649866093530736
fecE.aln,0.003940176563292818
feoA.aln,0.0
feoB.aln,0.02000820495354968
feoC.aln,0.0041700201961515655
fepA_1.aln,0.007632876805876351
fepA_2.aln,0.004873330375316571
fepB.aln,0.0020850100980757827
fepC.aln,0.003147185053699295
fepD.aln,0.0024821548786616464
fepG.aln,0.005039299330696756
fes.aln,0.002483386717311106
fetA.aln,0.004428340031311397
fetB.aln,0.0025563342198630288
feuC.aln,0.005227375744463501
ffh.aln,0.002932761456634068
fhlA.aln,0.0037041223331133076
fhmpcd1.aln,0.004332488515482146
fhuA_1.aln,0.002359275924272456
fhuA_2.aln,0.022006487140629125
fhuB.aln,0.002775807694866398
fhuC_1.aln,0.001881212118564616
fhuC_2.aln,0.0
fhuD.aln,0.002246475526546298
fhuF.aln,0.003171118019887122
fic.aln,0.00746869288862967
fieF.aln,0.001108311015588456
fim.aln,0.0009114798242954242
fimA.aln,0.0035489533584268642
fimC_1.aln,0.0
fimC_2.aln,0.06191296361098394
fimF.aln,0.002843195588285158
fimG.aln,0.0009988072326111534
fimH.aln,0.001651493146990719
fimI.aln,0.004659240442627448
fis.aln,0.0
fiu.aln,0.002188986979607121
fklB.aln,0.0024174030122617774
fkpA.aln,0.0048173518511498235
fkpB.aln,0.0
fldA.aln,0.0009423774454579809
fldB.aln,0.0009586253324486357
fldC.aln,0.0008687542075315761
flk.aln,0.018261654167219282
fluC_1.aln,0.003909393933892093
fmt.aln,0.0026392532887035227
fnr.aln,0.001993635153538597
focA.aln,0.0005832196078533658
folB.aln,0.0026062626225947286
folC.aln,0.0023659689056179096
folD.aln,0.002885827125364405
folE.aln,0.001495971370816705
folK.aln,0.0010425050490378914
folM.aln,0.004152717207785791
folP.aln,0.001768206443597837
folX.aln,0.002757038146215911
fosA.aln,0.004765737367030361
fpr.aln,0.0013397655248679728
frdA.aln,0.0027939833810060742
frdB.aln,0.00408491774316888
frdC.aln,0.0075818549020937554
frdD.aln,0.008340040392303131
fre.aln,0.0021384718954623413
frlB_1.aln,0.005069933369181235
frlB_2.aln,0.0029697473207014116
frlB_3.aln,0.0
frlD.aln,0.0018000087177632658
frmA.aln,0.0022359357620115633
frmR.aln,0.0
frr.aln,0.007174228294454306
frsA.aln,0.0016077186298415675
fruA_1.aln,0.00141656737024257
fruA_2.aln,0.002657004018786838
fruB_1.aln,0.0026546547667808374
fruB_2.aln,0.003381097456339107
fruK.aln,0.005329099292206474
fruR.aln,0.003983302873935824
fsaB.aln,0.001509509573267535
fsr.aln,0.0004098299947077706
ftnA_1.aln,0.003014472430952939
ftnA_2.aln,0.0019623624452477957
ftsA.aln,0.001981007219074378
ftsB.aln,0.0
ftsE.aln,0.001495971370816705
ftsH_1.aln,0.00051481730816686
ftsI_1.aln,0.0014329966309799195
ftsI_2.aln,0.002831932221495121
ftsL.aln,0.0013672197364431363
ftsN.aln,0.001755797977326975
ftsP.aln,0.000708283685121285
ftsQ.aln,0.0012043379627874559
ftsW.aln,0.0
ftsX.aln,0.0037909274510468777
ftsY.aln,0.001970088281646409
ftsZ.aln,0.00043437710376578807
fucA.aln,0.0
fucI.aln,0.0011270324854463691
fucK.aln,0.0014105776562034894
fucO.aln,0.006532668714597753
fucP_1.aln,0.0026718664872367012
fucP_2.aln,0.0014993331042342708
fucU.aln,0.0023659689056179096
fumA.aln,0.0024306128647877978
fumB_1.aln,0.0033299616811373663
fumC.aln,0.0007143503548011248
fumD.aln,0.004698614305522891
fur.aln,0.0
fusA1_1.aln,0.00023659689056179095
fusA1_2.aln,0.006424567491931086
gabD_1.aln,0.00552549259945549
gabD_2.aln,0.0013813731498638726
gabP.aln,0.005714802838408998
gabR_1.aln,0.0026267843755285454
gabR_2.aln,0.002588926064129575
gabR_4.aln,0.0010338893048309668
gabT.aln,0.002338329081954149
galA.aln,0.0037024790620069355
galB.aln,0.0033765345717826443
galC.aln,0.004205062382673847
galD.aln,0.0069116356842291145
galE.aln,0.0019681511250272876
galF.aln,0.0033471734015932298
galK.aln,0.003919601228758652
galM.aln,0.0019172506648972715
galP.aln,0.0003587114147227153
galR.aln,0.006396491156338685
galS.aln,0.001956607716669356
galT.aln,0.0014338178324876443
galU.aln,0.002216622031176912
gamA.aln,0.0020850100980757827
ganB.aln,0.0024957726859759994
ganP.aln,0.0007651413203947826
ganQ.aln,0.008222575034665058
ganS.aln,0.002435048289723542
gap.aln,0.001001806653730106
gapA.aln,0.0010048241436509796
garD.aln,0.0009549664571339463
garK_1.aln,0.006549769941599318
garK_2.aln,0.0008778989886634875
garK_3.aln,0.004680634914047676
garL.aln,0.0
garP.aln,0.0011270324854463691
garR.aln,0.0016848566449097235
gatA.aln,0.0
gatB.aln,0.0
gatC_1.aln,0.0014472955127641008
gatC_2.aln,0.003962014438148756
gatD.aln,0.0019172506648972715
gatY.aln,0.001755797977326975
gatZ.aln,0.0
gbpR.aln,0.0010831221288705366
gcd.aln,0.0016742866534109173
gci.aln,0.0025994931092892877
gcvA_1.aln,0.0006065483921675005
gcvA_2.aln,0.001093775789154509
gcvA_3.aln,0.0022617058690991543
gcvA_4.aln,0.0033471734015932298
gcvA_5.aln,0.003918139781618921
gcvH.aln,0.0025661662745548094
gcvP.aln,0.0033081579844208664
gcvR.aln,0.0
gcvT.aln,0.0022849425732337347
gdhA_1.aln,0.0007849449780991182
gdhA_2.aln,0.0022339393907954814
gdx_1.aln,0.0015735925268496474
ggt.aln,0.00659178450250763
ghrA.aln,0.001598729787661942
ghrB.aln,0.00154445192450058
glaH.aln,0.0010233178395463965
glaR.aln,0.012922270123704413
glcR_1.aln,0.004596872657174954
glcR_2.aln,0.02521407560463737
glcR_3.aln,0.001970088281646409
gldA.aln,0.00045326306479908323
glgA.aln,0.0010468669948497653
glgB.aln,0.003203307695260462
glgC_1.aln,0.001158338943375435
glgC_2.aln,0.0030605652815791306
glgS_1.aln,0.0
glgS_2.aln,0.0
glgX.aln,0.002024895998131261
glk.aln,0.002590074655994761
glmM.aln,0.0011219785281125288
glmS_1.aln,0.0018847548909159619
glmS_2.aln,0.0028271323363739426
glmS_3.aln,0.0019141076310203908
glmU.aln,0.0018249541339831797
glnA.aln,0.0007097906716853729
glnB.aln,0.0014761133437704657
glnD.aln,0.0015027099805951588
glnE.aln,0.0026448331053815425
glnH_1.aln,0.0019546969669460464
glnH_2.aln,0.0013397655248679728
glnH_3.aln,0.0037066846188013917
glnK.aln,0.0
glnL.aln,0.0014297212101091082
glnP_1.aln,0.002274556470628127
glnP_2.aln,0.004351325422071199
glnQ_1.aln,0.005712356433084337
glnQ_2.aln,0.007613314880940618
glnQ_3.aln,0.022375718125691325
glnQ_4.aln,0.0020763586038928957
glnQ_5.aln,0.0018329759103962926
glnS.aln,0.0009000043588816329
gloA.aln,0.0
gloB.aln,0.001985723902929317
gloC.aln,0.00077222596225029
glpA.aln,0.0015415971150283053
glpB.aln,0.0035743030252727705
glpC.aln,0.0008488590730079523
glpD.aln,0.00132644777611183
glpE_1.aln,0.0
glpE_2.aln,0.0031651007181416058
glpF_1.aln,0.0005873267881903614
glpF_2.aln,0.00248956429620989
glpG.aln,0.0018196451765025014
glpK.aln,0.0013238159352862112
glpP.aln,0.0
glpQ.aln,0.005139520689934703
glpR_1.aln,0.0013185834612336965
glpR_2.aln,0.006490303807239791
glpR_4.aln,0.0040355034156305475
glpT_1.aln,0.002228964024668988
glpT_2.aln,0.0025774959269811003
glpX.aln,0.0029697473207014116
glrK.aln,0.002111402630962818
glrR.aln,0.00299194274163341
glsA2.aln,0.005044477945323365
gltA_1.aln,0.0007794430273180496
gltA_2.aln,0.01355742986396504
gltB.aln,0.0015704178277369716
gltC_1.aln,0.0027986712725849433
gltC_2.aln,0.0
gltC_3.aln,0.0011157244671977434
gltD.aln,0.001057933242152617
gltI.aln,0.0005486868679146796
gltJ_1.aln,0.0033765345717826443
gltJ_2.aln,0.003322725255897662
gltK.aln,0.002224010771280835
gltR_1.aln,0.0013506138287130577
gltR_2.aln,0.014787305660111934
gltR_3.aln,0.001707858100812928
gltS.aln,0.00041596211432933325
gltX.aln,0.001057933242152617
gluA.aln,0.0013785190731079556
gluQ.aln,0.0011346993731024668
glvR.aln,0.002745692310223253
glyA.aln,0.005187584933011517
glyQ.aln,0.006035555547061477
glyS.aln,0.0012087015061308887
gmhA.aln,0.002579393935763855
gmhB.aln,0.0026476318705724224
gmk.aln,0.0
gmuB.aln,0.004765737367030361
gmuD_1.aln,0.0021025311913369237
gmuD_2.aln,0.0017858758870028118
gmuR.aln,0.0027916453195993745
gnd.aln,0.026318251131361693
gntK.aln,0.0
gntR_1.aln,0.0035168845027784288
gntR_2.aln,0.00047252353497468166
gntT.aln,0.0022797376926568923
gntU.aln,0.0015810503113370864
gor.aln,0.0014793863223597572
gpdQ.aln,0.004852387137340004
gph.aln,0.0013133921877642727
gpmA.aln,0.003987270307077194
gpmI.aln,0.0029149655740088615
gppA.aln,0.00132644777611183
gpr.aln,0.003527509531487729
gpsA.aln,0.0014717718339358466
gpt.aln,0.0010902013584709975
gpx1.aln,0.0
graF.aln,0.014949732265938029
grcA.aln,0.0013031313112973643
greA.aln,0.002098123369132863
greB.aln,0.04393025823581936
groEL.aln,0.003342092689083222
groES.aln,0.0
group_1.aln,0.004334439556838719
group_1007.aln,0.002021827973891668
group_1008.aln,0.0030327419608375023
group_101.aln,0.004590847922368696
group_1011.aln,0.0030512342898669992
group_1013.aln,0.0030699535186391896
group_1014.aln,0.0
group_102.aln,0.0003066191320699681
group_1020.aln,0.00205926923266744
group_1026.aln,0.010360298623979044
group_1027.aln,0.0
group_1028.aln,0.0
group_1033.aln,0.0041700201961515655
group_1034.aln,0.0020850100980757827
group_1035.aln,0.0
group_1041.aln,0.0
group_1044.aln,0.005245308422832158
group_1045.aln,0.0010490616845664315
group_1046.aln,0.0
group_1047.aln,0.002098123369132863
group_1048.aln,0.003147185053699295
group_105.aln,0.002774874807050949
group_1054.aln,0.001055701315481409
group_1057.aln,0.002124851055363855
group_1058.aln,0.0010624255276819275
group_1061.aln,0.0
group_1064.aln,0.0
group_1065.aln,0.0032284027325044378
group_107.aln,0.0009283903961747455
group_1071.aln,0.0
group_1072.aln,0.00436080543388399
group_1073.aln,0.00255645771361099
group_1074.aln,0.0
group_1075.aln,0.0
group_1076.aln,0.0010973737358293593
group_1078.aln,0.0021947474716587185
group_108.aln,0.0028007598332361263
group_1080.aln,0.011046411115633287
group_1087.aln,0.0033360161569212523
group_1089.aln,0.0022389370180679546
group_1090.aln,0.0
group_1092.aln,0.0022389370180679546
group_1093.aln,0.003358405527101932
group_1094.aln,0.0
group_11.aln,0.003360455835726536
group_110.aln,0.0031119553702623625
group_1100.aln,0.0011270324854463691
group_1102.aln,0.0
group_1103.aln,0.0
group_1106.aln,0.0011346993731024668
group_111.aln,0.0031119553702623625
group_1111.aln,0.005712356433084337
group_1113.aln,0.006902102393630177
group_1114.aln,0.0038478540553692694
group_1115.aln,0.0023007007978767258
group_1116.aln,0.0
group_1117.aln,0.005751751994691814
group_1122.aln,0.00231667788675087
group_1124.aln,0.001158338943375435
group_1128.aln,0.002332878431413463
group_1129.aln,0.0034993176471201947
group_114.aln,0.006318212418411463
group_1148.aln,0.0
group_1149.aln,0.0011829844528089548
group_1150.aln,0.0035489533584268642
group_1152.aln,0.0011914343417575902
group_1158.aln,0.0024000116236843542
group_1159.aln,0.0012000058118421771
group_1161.aln,0.0012087015061308887
group_1163.aln,0.002435048289723542
group_1164.aln,0.0
group_1166.aln,0.007305144869170626
group_1169.aln,0.0024529530565597446
group_117.aln,0.0022325155925859244
group_1170.aln,0.004905906113119489
group_1171.aln,0.0012264765282798723
group_1174.aln,0.0037066846188013917
group_1177.aln,0.00497912859241978
group_118.aln,0.0019246247059161072
group_1180.aln,0.0012541414123764106
group_1183.aln,0.0012636424836822925
group_1185.aln,0.002527284967364585
group_1186.aln,0.0
group_1190.aln,0.0012732886095119284
group_1191.aln,0.0050931544380477135
group_1192.aln,0.0012732886095119284
group_1196.aln,0.0038492494118322145
group_1197.aln,0.0
group_1198.aln,0.0025661662745548094
group_1199.aln,0.0012830831372774047
group_120.aln,0.0032200928155610544
group_1200.aln,0.0012830831372774047
group_1201.aln,0.0025661662745548094
group_1202.aln,0.0038492494118322145
group_1204.aln,0.0012930295181865319
group_1205.aln,0.031032708436476767
group_1206.aln,0.0025860590363730638
group_1207.aln,0.0
group_1216.aln,0.003909393933892093
group_1217.aln,0.0
group_1224.aln,0.005253568751057091
group_1226.aln,0.003940176563292818
group_1229.aln,0.0026476318705724224
group_123.aln,0.0013056814704192768
group_1230.aln,0.0013238159352862112
group_1231.aln,0.0
group_1235.aln,0.0
group_1238.aln,0.0040355034156305475
group_1239.aln,0.0040355034156305475
group_124.aln,0.0035906240436530115
group_1240.aln,0.0026903356104203647
group_1242.aln,0.0026903356104203647
group_1246.aln,0.008136624772978664
group_1247.aln,0.002712208257659555
group_125.aln,0.001632101838024096
group_1250.aln,0.00542441651531911
group_1251.aln,0.012204937159467997
group_1252.aln,0.006780520644148887
group_1258.aln,0.0027344394728862726
group_1259.aln,0.0027344394728862726
group_1260.aln,0.0
group_1261.aln,0.0
group_1266.aln,0.0013785190731079556
group_1268.aln,0.002757038146215911
group_1269.aln,0.002757038146215911
group_1270.aln,0.0013785190731079556
group_1271.aln,0.0
group_1272.aln,0.005514076292431822
group_1276.aln,0.006950033660252609
group_1277.aln,0.006950033660252609
group_1278.aln,0.0013900067320505218
group_1279.aln,0.0013900067320505218
group_128.aln,0.0026267843755285454
group_1280.aln,0.0
group_1285.aln,0.0014016874608912826
group_1286.aln,0.0
group_1291.aln,0.0
group_1292.aln,0.0028271323363739426
group_1293.aln,0.0028271323363739426
group_1294.aln,0.0
group_1295.aln,0.016962794018243656
group_1299.aln,0.0
group_1305.aln,0.002875875997345907
group_1306.aln,0.004313813996018861
group_131.aln,0.004328164674648332
group_1313.aln,0.0029008836147141324
group_1315.aln,0.0
group_1316.aln,0.007252209036785332
group_1318.aln,0.0014631649811058126
group_1319.aln,0.0
group_1324.aln,0.0029522266875409314
group_133.aln,0.0023540436591178195
group_1330.aln,0.0014892929271969877
group_1332.aln,0.004467878781590963
group_1336.aln,0.0
group_1337.aln,0.0030054199611903175
group_1338.aln,0.0015027099805951588
group_1341.aln,0.0015163709804187511
group_1346.aln,0.0
group_1347.aln,0.00817927021762082
group_1348.aln,0.0
group_1352.aln,0.00617780769800232
group_1353.aln,0.00154445192450058
group_1354.aln,0.0
group_1355.aln,0.0
group_1356.aln,0.00463335577350174
group_1357.aln,0.0
group_1362.aln,0.0015588860546360992
group_1363.aln,0.006235544218544397
group_1368.aln,0.0015588860546360992
group_1369.aln,0.004676658163908298
group_1370.aln,0.0031177721092721985
group_1375.aln,0.0015735925268496474
group_1380.aln,0.0
group_1381.aln,0.0051679210640751165
group_1382.aln,0.004765737367030361
group_1383.aln,0.0063543164893738145
group_1388.aln,0.004811561764790268
group_1389.aln,0.006415415686387024
group_1390.aln,0.004811561764790268
group_1397.aln,0.004858275956681436
group_1398.aln,0.0016194253188938118
group_1400.aln,0.0
group_1403.aln,0.0016353020377064963
group_1404.aln,0.0016353020377064963
group_1407.aln,0.0
group_1409.aln,0.001651493146990719
group_1415.aln,0.0016680080784606261
group_1417.aln,0.0016680080784606261
group_1419.aln,0.0016680080784606261
group_142.aln,0.0024174030122617774
group_1420.aln,0.0
group_1427.aln,0.0
group_1428.aln,0.0017020490596537001
group_143.aln,0.0017338961314559524
group_1430.aln,0.0
group_1435.aln,0.0017195959571759034
group_1436.aln,0.0017195959571759034
group_1437.aln,0.003439191914351807
group_1438.aln,0.013756767657407227
group_1439.aln,0.0017195959571759034
group_144.aln,0.003127515147113674
group_1440.aln,0.0017195959571759034
group_1441.aln,0.0
group_1442.aln,0.006878383828703614
group_1447.aln,0.005212525245189457
group_1448.aln,0.005212525245189457
group_1449.aln,0.0034750168301263045
group_1454.aln,0.0
group_1455.aln,0.005267393931980925
group_1456.aln,0.01053478786396185
group_1458.aln,0.001755797977326975
group_1464.aln,0.0
group_1466.aln,0.0070979067168537285
group_147.aln,0.010468669948497654
group_1472.aln,0.0
group_1473.aln,0.0017935570736135765
group_1476.aln,0.0
group_148.aln,0.0017484361409440526
group_1481.aln,0.0
group_1482.aln,0.0
group_1483.aln,0.0
group_1486.aln,0.003665951820792585
group_1487.aln,0.0
group_1489.aln,0.0
group_1490.aln,0.0
group_1494.aln,0.0037066846188013917
group_1496.aln,0.0018533423094006958
group_1499.aln,0.0018741663802928385
group_1507.aln,0.0037909274510468777
group_1509.aln,0.0037909274510468777
group_151.aln,0.001755797977326975
group_1510.aln,0.0
group_1511.aln,0.0
group_1512.aln,0.0
group_1524.aln,0.005818632831839394
group_1526.aln,0.003879088554559596
group_1527.aln,0.001939544277279798
group_1528.aln,0.001939544277279798
group_1531.aln,0.005887087335743386
group_1533.aln,0.003924724890495591
group_1538.aln,0.0
group_1539.aln,0.001985723902929317
group_1541.aln,0.0020096482873019593
group_1542.aln,0.0
group_1543.aln,0.0020096482873019593
group_1544.aln,0.0
group_1551.aln,0.004068312386489332
group_1557.aln,0.0
group_1558.aln,0.0
group_156.aln,0.0035264441405087237
group_1564.aln,0.0041700201961515655
group_1565.aln,0.006255030294227348
group_1566.aln,0.0020850100980757827
group_1567.aln,0.0
group_1568.aln,0.0
group_1569.aln,0.0
group_157.aln,0.007405532695068319
group_1577.aln,0.004222805261925636
group_158.aln,0.002115866484305234
group_1589.aln,0.002166244257741073
group_159.aln,0.004240698504560914
group_1590.aln,0.008664977030964293
group_1591.aln,0.002166244257741073
group_1595.aln,0.0021947474716587185
group_1596.aln,0.0
group_1602.aln,0.0
group_1603.aln,0.002224010771280835
group_1610.aln,0.0022540649708927382
group_1611.aln,0.0045081299417854765
group_1612.aln,0.0
group_1613.aln,0.0022540649708927382
group_1617.aln,0.004569885146467469
group_1619.aln,0.0
group_1632.aln,0.00231667788675087
group_1633.aln,0.0
group_1634.aln,0.0
group_1635.aln,0.00231667788675087
group_1639.aln,0.0023493071527614456
group_164.aln,0.0021476498864299908
group_1640.aln,0.0023493071527614456
group_1641.aln,0.0
group_1642.aln,0.0023493071527614456
group_1647.aln,0.009531474734060722
group_1648.aln,0.0023828686835151804
group_1649.aln,0.0
group_165.aln,0.0042952997728599816
group_1650.aln,0.0
group_1654.aln,0.0
group_1655.aln,0.007252209036785332
group_1656.aln,0.007252209036785332
group_1657.aln,0.0024174030122617774
group_166.aln,0.003954329496350622
group_1661.aln,0.0024529530565597446
group_1662.aln,0.0024529530565597446
group_1663.aln,0.0
group_1669.aln,0.0
group_1670.aln,0.00497912859241978
group_1671.aln,0.0
group_1675.aln,0.0
group_1676.aln,0.0
group_1677.aln,0.022745564706281265
group_1678.aln,0.002527284967364585
group_1683.aln,0.0
group_1684.aln,0.005132332549109619
group_1691.aln,0.0
group_1692.aln,0.0
group_1693.aln,0.007818787867784185
group_1694.aln,0.0
group_170.aln,0.001809119390955126
group_1700.aln,0.0
group_1702.aln,0.005295263741144845
group_1708.aln,0.0053806712208407294
group_1709.aln,0.0
group_1710.aln,0.0
group_1715.aln,0.0
group_1716.aln,0.0
group_1718.aln,0.0
group_172.aln,0.0025549357875764515
group_1722.aln,0.0
group_1725.aln,0.008778989886634874
group_1726.aln,0.002926329962211625
group_1732.aln,0.0
group_1733.aln,0.0
group_1735.aln,0.0030327419608375023
group_1736.aln,0.0030327419608375023
group_1738.aln,0.00308890384900116
group_174.aln,0.0014696106418155296
group_1740.aln,0.00629437010739859
group_1741.aln,0.003147185053699295
group_1747.aln,0.0
group_1749.aln,0.0
group_1750.aln,0.0
group_1755.aln,0.0033360161569212523
group_1758.aln,0.0
group_176.aln,0.0018616161589962345
group_1766.aln,0.0
group_177.aln,0.005004007213124559
group_1773.aln,0.0075818549020937554
group_1778.aln,0.008136624772978664
group_1779.aln,0.0
group_1781.aln,0.004389494943317437
group_1785.aln,0.013524389825356429
group_179.aln,0.001455894740559715
group_1790.aln,0.0
group_1791.aln,0.0
group_1792.aln,0.0
group_1794.aln,0.0
group_1795.aln,0.0
group_1797.aln,0.0
group_1798.aln,0.0
group_1799.aln,0.0
group_1800.aln,0.005212525245189457
group_1801.aln,0.0
group_1802.aln,0.0
group_1803.aln,0.0
group_1804.aln,0.0
group_1805.aln,0.0
group_1830.aln,0.0
group_185.aln,0.0030676010638356344
group_1859.aln,0.00248956429620989
group_1878.aln,0.002429137978340718
group_1879.aln,0.002306001951788884
group_188.aln,0.0015480353396386322
group_1892.aln,0.006487236274416999
group_1896.aln,0.013369132818941407
group_1897.aln,0.004276943790924683
group_1898.aln,0.03561332749254121
group_1899.aln,0.02391757114235112
group_190.aln,0.0015552522876089755
group_1900.aln,0.009202803191506903
group_1901.aln,0.007774613925028343
group_1902.aln,0.014280764346171104
group_1903.aln,0.032580773699141787
group_1904.aln,0.005468878945772545
group_1905.aln,0.007358859169679233
group_1906.aln,0.0033360161569212523
group_1907.aln,0.003879088554559596
group_1909.aln,0.3449814409243675
group_191.aln,0.0027216915033157073
group_1910.aln,0.006311521225231765
group_1911.aln,0.005514076292431822
group_1912.aln,0.011533604892558693
group_1913.aln,0.008416554524342609
group_1914.aln,0.00920653809539956
group_1915.aln,0.008677498674072621
group_1916.aln,0.021576612019777685
group_1917.aln,0.06551549758278014
group_192.aln,0.005672374679449192
group_1920.aln,0.011803571403201154
group_1921.aln,0.05927526009152837
group_1923.aln,0.010567204120095784
group_1924.aln,0.00889604308512334
group_1925.aln,0.00463335577350174
group_1926.aln,0.007942895611717267
group_1927.aln,0.15663990539200387
group_1930.aln,0.004603737208932206
group_1931.aln,0.010306759135928115
group_1932.aln,0.0070979067168537285
group_1933.aln,0.012800783362781619
group_1934.aln,0.00515878787152771
group_1935.aln,0.19846186232819976
group_1937.aln,0.007076397908620838
group_1938.aln,0.0035489533584268642
group_1942.aln,0.00939903216432235
group_1945.aln,0.054991053849642015
group_1947.aln,0.008424283224548617
group_1948.aln,0.02078413198176487
group_1949.aln,0.16216099895247973
group_195.aln,0.00249340440911456
group_1952.aln,0.33923383320697775
group_1957.aln,0.006806811740066809
group_1959.aln,0.27035016612035834
group_1962.aln,0.15893788331753925
group_1964.aln,0.00831036053325579
group_1969.aln,0.03356997390612581
group_1971.aln,0.06273483206694278
group_1972.aln,0.015516354218238384
group_1973.aln,0.06901460274293812
group_1974.aln,0.03578549045214346
group_1976.aln,0.012114025150831364
group_1977.aln,0.02368159617567556
group_1979.aln,0.012000058118421772
group_198.aln,0.0023493071527614456
group_1981.aln,0.013900067320505218
group_1982.aln,0.016680080784606262
group_1983.aln,0.013597891943972496
group_1984.aln,0.023007007978767258
group_1985.aln,0.03486636341211798
group_1986.aln,0.040752470098753935
group_1989.aln,0.09784881780517322
group_199.aln,0.0007831023842538151
group_1990.aln,0.01585296934074149
group_1991.aln,0.012788061934864802
group_1993.aln,0.06272713950957984
group_1995.aln,0.05450322969520829
group_1997.aln,0.2766055083060669
group_1998.aln,0.007956920378257112
group_1999.aln,0.1826888151376749
group_200.aln,0.0054817166897767056
group_2000.aln,0.012830831372774049
group_2004.aln,0.02224010771280835
group_2006.aln,0.010425050490378915
group_2007.aln,0.039985630832647265
group_2010.aln,0.024032736364263778
group_2017.aln,0.021528009307422914
group_2020.aln,0.02192239188833966
group_2021.aln,0.3347903896057542
group_2022.aln,0.04314842263516916
group_2024.aln,0.029593691714624015
group_2025.aln,0.13310786124724727
group_2026.aln,0.017045338028064794
group_2027.aln,0.21015393019858025
group_203.aln,0.00629437010739859
group_2031.aln,0.060048290824582545
group_2032.aln,0.1559785264335754
group_2034.aln,0.02780013464101044
group_2036.aln,0.13709117038479204
group_2037.aln,0.09104580606766446
group_204.aln,0.007845635176629409
group_2040.aln,0.054657891836562895
group_209.aln,0.013502922539919356
group_211.aln,0.001596179979388159
group_214.aln,0.00846091054291622
group_216.aln,0.007269768864961567
group_217.aln,0.001214568989170359
group_218.aln,0.0
group_220.aln,0.002331930927720115
group_222.aln,0.004098299947077706
group_223.aln,0.004108394281922724
group_228.aln,0.0028972845035296238
group_229.aln,0.004552875648403694
group_23.aln,0.0021615655444414163
group_237.aln,0.003352780057207289
group_240.aln,0.00463335577350174
group_242.aln,0.005080227650133887
group_245.aln,0.0021330026578780387
group_246.aln,0.00042769437909246825
group_249.aln,0.04416576660191375
group_252.aln,0.0017285057807882138
group_253.aln,0.0017285057807882138
group_255.aln,0.0021832566471997727
group_260.aln,0.0013168484829952313
group_261.aln,0.0008778989886634875
group_262.aln,0.0021947474716587185
group_264.aln,0.003960969051753466
group_265.aln,0.0030807537069193623
group_266.aln,0.004412719784287371
group_267.aln,0.0
group_268.aln,0.001334406462768501
group_270.aln,0.006725839026050912
group_275.aln,0.005409755930142572
group_276.aln,0.0004508129941785476
group_278.aln,0.0018081388384397032
group_279.aln,0.0018081388384397032
group_280.aln,0.0058924198423880815
group_282.aln,0.002272490570109845
group_283.aln,0.00454498114021969
group_284.aln,0.004090483026197721
group_293.aln,0.0027494638655944387
group_295.aln,0.0013785190731079556
group_297.aln,0.001382327136845823
group_300.aln,0.0013900067320505218
group_301.aln,0.0041700201961515655
group_308.aln,0.001863696177050979
group_311.aln,0.0018741663802928385
group_312.aln,0.004228752874970602
group_313.aln,0.003758891444418313
group_314.aln,0.0023493071527614456
group_317.aln,0.0028271323363739426
group_318.aln,0.00895258573185082
group_319.aln,0.0037801882797974533
group_322.aln,0.004752159767694092
group_324.aln,0.0009531474734060722
group_325.aln,0.0038125898936242886
group_326.aln,0.0028676356649752887
group_327.aln,0.0038235142199670516
group_328.aln,0.0038235142199670516
group_329.aln,0.0009558785549917629
group_330.aln,0.0009558785549917629
group_333.aln,0.002884163824427596
group_335.aln,0.006267082375719116
group_336.aln,0.0029008836147141324
group_337.aln,0.0029008836147141324
group_341.aln,0.004368015358971433
group_344.aln,0.0019508866414744165
group_347.aln,0.001956607716669356
group_348.aln,0.004891519291673391
group_35.aln,0.004400021310087983
group_352.aln,0.00441531550180754
group_353.aln,0.0
group_355.aln,0.0023661066123037413
group_356.aln,0.0019798315471342746
group_359.aln,0.0014892929271969877
group_363.aln,0.001997614465222307
group_364.aln,0.0004994036163055767
group_366.aln,0.0015027099805951588
group_367.aln,0.01352438982535643
group_368.aln,0.0020096482873019593
group_369.aln,0.0020096482873019593
group_370.aln,0.004019296574603919
group_371.aln,0.002512060359127449
group_374.aln,0.001010913986945834
group_375.aln,0.010614596862931256
group_376.aln,0.005069933369181235
group_379.aln,0.0
group_382.aln,0.006121130563158261
group_383.aln,0.0010201884271930435
group_385.aln,0.006651565957051577
group_386.aln,0.00154445192450058
group_388.aln,0.0030984670188123086
group_390.aln,0.0
group_392.aln,0.002078514739514799
group_395.aln,0.0
group_396.aln,0.009903797965859969
group_398.aln,0.003660205814803882
group_399.aln,0.003137319269831899
group_402.aln,0.008392493476531452
group_403.aln,0.002098123369132863
group_405.aln,0.002407600030265705
group_407.aln,0.0026309275685498837
group_409.aln,0.011576081301619487
group_41.aln,0.002072059724795809
group_410.aln,0.0031571130822598604
group_411.aln,0.0015835519732221135
group_412.aln,0.003167103946444227
group_415.aln,0.0015885791223434536
group_417.aln,0.0031771582446869073
group_420.aln,0.0015936382915228912
group_423.aln,0.003197459575323884
group_424.aln,0.002664549646103237
group_425.aln,0.0021316397168825896
group_427.aln,0.004276943790924683
group_428.aln,0.005880797712521439
group_429.aln,0.003207707843193512
group_431.aln,0.004290696021763669
group_432.aln,0.0010726740054409173
group_433.aln,0.002681685013602293
group_434.aln,0.02359882811970018
group_435.aln,0.00914714107542924
group_436.aln,0.0016142013662522189
group_437.aln,0.007557318154837789
group_438.aln,0.0016194253188938118
group_439.aln,0.0010796168792625413
group_44.aln,0.008890398387734304
group_440.aln,0.0027078053221763414
group_442.aln,0.004346600855923456
group_443.aln,0.006223559615064918
group_444.aln,0.0016353020377064963
group_447.aln,0.005468878945772545
group_448.aln,0.005468878945772545
group_45.aln,0.004656875345956063
group_450.aln,0.007681616150805515
group_451.aln,0.0065842424149761564
group_455.aln,0.001651493146990719
group_456.aln,0.001100995431327146
group_464.aln,0.00386624389047165
group_465.aln,0.0049708850020349785
group_466.aln,0.0005523205557816643
group_467.aln,0.008284808336724965
group_468.aln,0.001662466523382684
group_469.aln,0.001108311015588456
group_471.aln,0.000554155507794228
group_472.aln,0.0011120053856404175
group_475.aln,0.0039050356351921015
group_477.aln,0.004462897868790974
group_478.aln,0.0039050356351921015
group_479.aln,0.002231448934395487
group_482.aln,0.001679202763550966
group_483.aln,0.006157076799686875
group_484.aln,0.0011194685090339773
group_49.aln,0.0028308231096590263
group_490.aln,0.00617780769800232
group_492.aln,0.003944613699062292
group_493.aln,0.0022540649708927382
group_497.aln,0.0022617058690991543
group_498.aln,0.0033925588036487313
group_499.aln,0.003971447805858634
group_50.aln,0.005253568751057091
group_501.aln,0.0
group_502.aln,0.003985002235230165
group_503.aln,0.0022771441344172374
group_504.aln,0.003998649503159035
group_507.aln,0.0011463973047839355
group_509.aln,0.0
group_510.aln,0.0011463973047839355
group_511.aln,0.0040123905667437745
group_513.aln,0.0005751751994691814
group_514.aln,0.005176576795222633
group_515.aln,0.007477277593099359
group_516.aln,0.017830431183544625
group_517.aln,0.002308661700291524
group_518.aln,0.0017314962752186431
group_519.aln,0.0017314962752186431
group_52.aln,0.008837128892506629
group_522.aln,0.005212525245189457
group_524.aln,0.009845881018691195
group_528.aln,0.002324749935136761
group_529.aln,0.00426878769830242
group_53.aln,0.004563633593599525
group_530.aln,0.002324749935136761
group_535.aln,0.0034993176471201947
group_538.aln,0.001755797977326975
group_54.aln,0.0029785858543939754
group_541.aln,0.0011746535763807228
group_546.aln,0.0035615830856810526
group_548.aln,0.008586924973843916
group_549.aln,0.0035615830856810526
group_553.aln,0.033360161569212524
group_555.aln,0.004184966505098345
group_556.aln,0.005875855456414173
group_558.aln,0.0012000058118421771
group_559.aln,0.0012000058118421771
group_560.aln,0.0018000087177632658
group_561.aln,0.005400026153289797
group_565.aln,0.004422895557446912
group_572.aln,0.001217524144861771
group_575.aln,0.006109919701320975
group_576.aln,0.0012219839402641951
group_577.aln,0.0
group_578.aln,0.0
group_58.aln,0.0019172506648972715
group_581.aln,0.0006155011359633307
group_582.aln,0.0036930068157799843
group_585.aln,0.00744092823105112
group_586.aln,0.00186023205776278
group_587.aln,0.004340541468113154
group_589.aln,0.0018671732221574174
group_59.aln,0.003129019483403772
group_593.aln,0.002498888507057118
group_594.aln,0.003748332760585677
group_595.aln,0.003748332760585677
group_60.aln,0.0036579124527645313
group_601.aln,0.0012588740214797178
group_602.aln,0.0012684472079548489
group_603.aln,0.0025368944159096978
group_61.aln,0.0022141700156556986
group_611.aln,0.008981581960941834
group_613.aln,0.0
group_615.aln,0.0006415415686387023
group_616.aln,0.003207707843193512
group_617.aln,0.0032200928155610544
group_618.aln,0.0025760742524488438
group_619.aln,0.0019320556893366327
group_623.aln,0.0006515656556486822
group_624.aln,0.0019546969669460464
group_627.aln,0.0
group_630.aln,0.001970088281646409
group_632.aln,0.0013185834612336965
group_636.aln,0.0026476318705724224
group_638.aln,0.003971447805858634
group_643.aln,0.001334406462768501
group_645.aln,0.0013397655248679728
group_647.aln,0.0026795310497359456
group_648.aln,0.004708087318235639
group_649.aln,0.0040355034156305475
group_650.aln,0.0006725839026050912
group_659.aln,0.006127376614753321
group_660.aln,0.0020508296046647043
group_664.aln,0.003432115387779066
group_667.aln,0.004824816755877845
group_668.aln,0.0006892595365539778
group_672.aln,0.0027684781385238608
group_674.aln,0.0
group_675.aln,0.0062290758116786875
group_677.aln,0.0013900067320505218
group_678.aln,0.00764503702627787
group_679.aln,0.0013958226597996872
group_680.aln,0.0027916453195993745
group_681.aln,0.005583290639198749
group_682.aln,0.016749871917596245
group_683.aln,0.0020937339896995306
group_684.aln,0.01326031526809703
group_686.aln,0.0007008437304456413
group_688.aln,0.004205062382673847
group_69.aln,0.0034805947062581284
group_690.aln,0.001407601753975212
group_691.aln,0.0
group_692.aln,0.002111402630962818
group_693.aln,0.0014135661681869713
group_694.aln,0.006361047756841372
group_695.aln,0.0
group_701.aln,0.0014317665909533272
group_703.aln,0.005751751994691814
group_705.aln,0.0014379379986729536
group_706.aln,0.003594844996682384
group_707.aln,0.0007220814192470243
group_71.aln,0.005686391176570316
group_711.aln,0.003626104518392666
group_712.aln,0.0014504418073570662
group_718.aln,0.0014631649811058126
group_722.aln,0.0007380566718852328
group_726.aln,0.0007413369237602783
group_727.aln,0.0029653476950411133
group_73.aln,0.0024569677096801367
group_730.aln,0.003723232317992469
group_732.aln,0.001495971370816705
group_733.aln,0.001495971370816705
group_734.aln,0.0007479856854083525
group_741.aln,0.0
group_743.aln,0.030054199611903174
group_744.aln,0.0015027099805951588
group_745.aln,0.0007513549902975794
group_746.aln,0.0
group_749.aln,0.004549112941256254
group_75.aln,0.0013993356362924717
group_751.aln,0.005307298431465629
group_753.aln,0.004070960975893467
group_757.aln,0.0065742431720315474
group_758.aln,0.005355989242763479
group_76.aln,0.0033640499061390783
group_766.aln,0.00077222596225029
group_767.aln,0.00231667788675087
group_77.aln,0.0033640499061390783
group_770.aln,0.003103270843647677
group_772.aln,0.005430723976383434
group_775.aln,0.0007794430273180496
group_777.aln,0.004698614305522891
group_778.aln,0.0
group_782.aln,0.0015735925268496474
group_789.aln,0.0
group_79.aln,0.0028271323363739426
group_790.aln,0.004597703305754733
group_792.aln,0.0015885791223434536
group_793.aln,0.005560026928202087
group_796.aln,0.0023942699690822386
group_797.aln,0.0023942699690822386
group_800.aln,0.0
group_801.aln,0.001603853921596756
group_803.aln,0.001611602008174518
group_804.aln,0.000805801004087259
group_806.aln,0.004858275956681436
group_81.aln,0.0025574229482360536
group_811.aln,0.0032546499091914657
group_812.aln,0.0024409874318935994
group_813.aln,0.004881974863787199
group_814.aln,0.0008136624772978664
group_815.aln,0.0040882550942662405
group_816.aln,0.004905906113119489
group_821.aln,0.004930073138307269
group_822.aln,0.0008216788563845449
group_825.aln,0.0024772397204860784
group_826.aln,0.001651493146990719
group_830.aln,0.0016597095308065932
group_831.aln,0.0033194190616131864
group_832.aln,0.005808983357823076
group_833.aln,0.00248956429620989
group_840.aln,0.0016763900286036445
group_843.aln,0.0
group_847.aln,0.0
group_848.aln,0.0
group_849.aln,0.0017020490596537001
group_850.aln,0.0
group_855.aln,0.003439191914351807
group_856.aln,0.003439191914351807
group_86.aln,0.001160353445885653
group_861.aln,0.006049770232758748
group_862.aln,0.0017285057807882138
group_863.aln,0.005185517342364641
group_864.aln,0.0008642528903941069
group_867.aln,0.0026062626225947286
group_868.aln,0.0026062626225947286
group_869.aln,0.001746605317759818
group_870.aln,0.001746605317759818
group_879.aln,0.0008825439568574742
group_88.aln,0.007277522157332575
group_880.aln,0.0008825439568574742
group_887.aln,0.0026617150188201484
group_888.aln,0.0017744766792134321
group_89.aln,0.0034993176471201947
group_890.aln,0.0
group_894.aln,0.0008919829296580889
group_895.aln,0.0071358634372647115
group_896.aln,0.006277449757647518
group_898.aln,0.0026903356104203647
group_90.aln,0.002926329962211625
group_900.aln,0.003606503953428381
group_901.aln,0.0018032519767141905
group_905.aln,0.003626104518392666
group_906.aln,0.001813052259196333
group_908.aln,0.006345682907187165
group_91.aln,0.0005883626379049828
group_912.aln,0.003645919297181697
group_919.aln,0.0009164879551981463
group_920.aln,0.0027494638655944387
group_927.aln,0.0009215514245638819
group_928.aln,0.0
group_929.aln,0.0018431028491277639
group_932.aln,0.0027800134641010436
group_933.aln,0.0037066846188013917
group_939.aln,0.0027955442655764684
group_941.aln,0.0009318480885254896
group_942.aln,0.0027955442655764684
group_943.aln,0.0009318480885254896
group_944.aln,0.003727392354101958
group_948.aln,0.0028112495704392575
group_949.aln,0.003748332760585677
group_95.aln,0.0009048868418412077
group_953.aln,0.0009370831901464192
group_956.aln,0.005654264672747885
group_958.aln,0.0075390195636638475
group_961.aln,0.0018954637255234389
group_963.aln,0.0037909274510468777
group_965.aln,0.0019172506648972715
group_97.aln,0.0024174030122617774
group_973.aln,0.003879088554559596
group_978.aln,0.0019623624452477957
group_979.aln,0.002943543667871693
group_98.aln,0.001813052259196333
group_981.aln,0.0009811812226238979
group_987.aln,0.003947948114699707
group_99.aln,0.002421790313554448
group_993.aln,0.0009928619514646584
group_995.aln,0.008935757563181925
group_996.aln,0.004964309757323293
group_999.aln,0.004994036163055767
grpE.aln,0.0008467046083556479
grxA.aln,0.0
grxC.aln,0.0
grxD.aln,0.002875875997345907
gshA.aln,0.0016069441989023374
gshB.aln,0.0015785565411299302
gsiA_1.aln,0.005570342377048474
gsiA_2.aln,0.0008071006831261094
gsiB.aln,0.002271606332533927
gsiC_1.aln,0.00364876767163262
gsiC_2.aln,0.002300760780554307
gsiC_3.aln,0.002173300427961728
gsiD_1.aln,0.002111402630962818
gsiD_2.aln,0.0005486868679146796
gsk.aln,0.0015338005319178172
gspK.aln,0.004055946695344988
gss_1~~~gss_2~~~gss.aln,0.1599129060579221
gstA.aln,0.001651493146990719
gstB_1.aln,0.00400963480399189
gstB_2.aln,0.0137651152105974
gstB_3.aln,0.004788539938164477
gstB_4.aln,0.017895275176408574
guaA.aln,0.0022197826139209857
guaB.aln,0.000682211893030931
guaC.aln,0.0023965633311215893
guaD_1.aln,0.00436080543388399
guaD_2.aln,0.024428493597592697
gudD.aln,0.0007463123393559849
gudP_1.aln,0.0018492329029496965
gudP_3.aln,0.0045081299417854765
gudP_4.aln,0.002290171274774315
gudX.aln,0.0014926246787119698
gutQ.aln,0.006734194105586379
gyrA.aln,0.0024697158337116335
gyrB.aln,0.0021435335316161274
hadI.aln,0.0026062626225947286
hcaB.aln,0.0020096482873019593
hcaR.aln,0.001108311015588456
hcaT.aln,0.003960969051753466
hcp.aln,0.006207203050783582
hcpA_1.aln,0.007142826655291829
hcpA_3.aln,0.0010360298623979046
hcpA_4.aln,0.002034156193244666
hcr.aln,0.002065644679208206
hcxA.aln,0.01010913986945834
hcxB.aln,0.00231667788675087
hda.aln,0.0
hdeB_1.aln,0.0016353020377064963
hdeB_2.aln,0.0
hdeD.aln,0.0008687542075315761
hdfR_1.aln,0.0024469556163236573
hdfR_2.aln,0.007681616150805515
hdfR_3.aln,0.005004024235381879
hdfR_4.aln,0.002435048289723542
helD.aln,0.0014610289738341252
hemA.aln,0.002388555720946004
hemB.aln,0.004105866039287695
hemC.aln,0.0005228865449719831
hemD.aln,0.0020259207430695864
hemE.aln,0.003758891444418313
hemF.aln,0.0
hemG.aln,0.0018741663802928385
hemH.aln,0.0015588860546360992
hemL.aln,0.0015625368416492987
hemN.aln,0.0010925817107820695
hemS.aln,0.0033942024852396465
hemW.aln,0.0013203230172511553
hemX.aln,0.0012700569125334718
hemY.aln,0.003762424237129232
hexR_1.aln,0.0005635162427231846
hexR_2.aln,0.001158338943375435
hexR_3.aln,0.004708087318235639
hexR_4.aln,0.005832196078533658
hflC.aln,0.001493738577725934
hflD.aln,0.003897215136590248
hflK.aln,0.0015848057752595023
hflX.aln,0.0015625368416492987
hfq.aln,0.0
hha.aln,0.0022849425732337347
higB2~~~higB2_1.aln,0.005751751994691814
hinT.aln,0.0
hipA.aln,0.0015129324974699557
hipB.aln,0.0034750168301263045
hipO_1.aln,0.006914023123152855
hipO_2.aln,0.003421555032739746
hipO_3.aln,0.0012863815515120512
hipO_4.aln,0.0025465772190238567
hisA.aln,0.008136624772978664
hisB.aln,0.007965207116244563
hisC_1.aln,0.0014135661681869713
hisC_2.aln,0.00787149879722992
hisD.aln,0.003834501329794543
hisF.aln,0.005796167068009898
hisG.aln,0.0033360161569212523
hisH.aln,0.0025401138250669437
hisI.aln,0.005838028274612192
hisJ_1.aln,0.0019172506648972715
hisJ_2.aln,0.0025760742524488438
hisM.aln,0.0027916453195993745
hisP.aln,0.013576809940958584
hisQ_1.aln,0.004370326843128278
hisQ_2.aln,0.0030054199611903175
hisS.aln,0.0015698899561982364
hiuH.aln,0.003734346444314835
hldD.aln,0.0005363370027204586
hldE.aln,0.0006979113298998436
hmp.aln,0.0025209190102679488
hmuT.aln,0.0048879357610567805
hmuU_1.aln,0.004521708646429408
hmuU_2.aln,0.00771333215473122
hmuU_3.aln,0.002310260496482862
hmuV.aln,0.0038492494118322145
hns.aln,0.0
hokE.aln,0.0032706040754129926
holA.aln,0.0014504418073570662
holB.aln,0.000995825718483956
holC.aln,0.0022540649708927382
holD.aln,0.0024174030122617774
holE.aln,0.002166244257741073
hosA.aln,0.0
hoxN.aln,0.0009869870286749267
hpaB.aln,0.0070434122315036025
hpaC.aln,0.00585265992442325
hpcB.aln,0.008748294117800487
hpcC.aln,0.0030699535186391896
hpcD.aln,0.0
hpcE_1.aln,0.011067352179359606
hpcE_2.aln,0.013736537116734568
hpcG.aln,0.00248956429620989
hpcH.aln,0.006270707061882054
hpf_1.aln,0.0
hpf_2.aln,0.0016353020377064963
hpt.aln,0.0009318480885254896
hpxO.aln,0.0008664977030964292
hpxW.aln,0.022387253983119935
hrpA.aln,0.009102888053090275
hrpB.aln,0.0028829769257344155
hscA.aln,0.0024330749928923234
hscB.aln,0.000969772138639899
hslJ.aln,0.005673496865512334
hslO.aln,0.003985002235230165
hslR.aln,0.00248956429620989
hslU.aln,0.0014993331042342708
hslV.aln,0.0
hspQ.aln,0.01258874021479718
hsrA_1.aln,0.002463303069456621
hsrA_2.aln,0.001789708238691659
htpG.aln,0.006938913606396206
htpX_1.aln,0.0005654264672747886
htrE_1.aln,0.0016096579768015693
htrE_2.aln,0.0012325182845768173
hupA.aln,0.0
hupB_1.aln,0.0
hutH.aln,0.0036047325860642217
hutI.aln,0.010058212320600425
hutT.aln,0.0025327671473371763
hutU.aln,0.001777628502799957
hxpA.aln,0.004549112941256254
hxpB_1.aln,0.06490891165050401
hxpB_2.aln,0.001495971370816705
hycA.aln,0.0
hycB.aln,0.0024650365691536347
hycC.aln,0.0035606083776663616
hycD.aln,0.0027078053221763414
hycE.aln,0.0023410639697693
hycF.aln,0.00460775712281941
hycG.aln,0.0013031313112973643
hycI.aln,0.0010624255276819275
hypA.aln,0.005801767229428265
hypB.aln,0.002865993261959839
hypC.aln,0.003665951820792585
hypD.aln,0.0008919829296580889
hypE.aln,0.0014848736603507058
hypF.aln,0.0031345118252951365
hyuA.aln,0.022867852688573102
iaaA.aln,0.002124851055363855
iaaspH.aln,0.006107123399398174
ibaG.aln,0.0019623624452477957
ibpA.aln,0.003626104518392666
ibpB_1.aln,0.0011664392157067316
icd.aln,0.0024000116236843542
iclR.aln,0.0012043379627874559
idi.aln,0.0
igaA.aln,0.0016445150069330117
ihfA.aln,0.0
ihfB.aln,0.0
ileS.aln,0.0022801372260765657
ilvA.aln,0.0032388506377876236
ilvB_1.aln,0.0029627141713332614
ilvB_2.aln,0.003964187389394541
ilvC.aln,0.002034156193244666
ilvD.aln,0.0024330749928923234
ilvE.aln,0.0
ilvG.aln,0.0012153064323938989
ilvH.aln,0.001017078096622333
ilvI.aln,0.001160353445885653
ilvM.aln,0.0
ilvN.aln,0.005212525245189457
infA.aln,0.0
infB.aln,0.0007438163114651622
infC.aln,0.0
iolB.aln,0.00617780769800232
iolC.aln,0.0049674221772338404
iolD.aln,0.002578065036260628
iolE_1.aln,0.004332488515482146
iolE_2.aln,0.0014674557875020173
iolE_3.aln,0.004346600855923456
iolE_4.aln,0.0066720323138425046
iolG_1.aln,0.0038394047841804695
iolG_2.aln,0.005460740733055622
iolG_3.aln,0.0033954362920318093
iolG_4.aln,0.0014804805430123902
iolI.aln,0.0030438103621544276
iolS.aln,0.0015027099805951588
iolT.aln,0.0027684781385238608
iolU_1.aln,0.002527284967364585
iolU_2.aln,0.002909316415919697
ipdC.aln,0.0018065069441811836
iprA_1.aln,0.0021476498864299908
iprA_2.aln,0.00829963315109126
iprA_3.aln,0.0032578282782434105
ipuF.aln,0.00542441651531911
iraM.aln,0.0
iraP.aln,0.0019172506648972715
iroE.aln,0.004842604098756657
iroN.aln,0.004353317787191195
iscA.aln,0.0
iscR.aln,0.0
iscS.aln,0.0008237076930669759
iscU.aln,0.0
iscX.aln,0.00746869288862967
iseH.aln,0.0027800134641010436
isfD.aln,0.001308241630165197
ispA.aln,0.0005560026928202087
ispB.aln,0.00154445192450058
ispD.aln,0.004926606138913242
ispE.aln,0.0023493071527614456
ispF.aln,0.0010425050490378914
ispG.aln,0.00044599146482904447
ispH.aln,0.0015785565411299302
iutA.aln,0.0022849425732337347
ivy.aln,0.0022389370180679546
jefA_1.aln,0.005407507486281332
jefA_2.aln,0.0017521093261141031
katE.aln,0.002215150170598441
katG.aln,0.002147029869290523
kbl.aln,0.0012572925214527333
kbp.aln,0.0
kdgK_1.aln,0.0005346179738655853
kdgK_2.aln,0.0026903356104203647
kdgM.aln,0.006470720994028291
kdgR.aln,0.0
kdpA.aln,0.0041700201961515655
kdpB.aln,0.004640139603331171
kdpC.aln,0.0034750168301263045
kdpD.aln,0.0009308080794981173
kdpE.aln,0.0022141700156556986
kdsA.aln,0.00117053198488465
kdsB.aln,0.0020096482873019593
kdsC.aln,0.0035301758274298967
kdsD.aln,0.002027973347672494
kduD_1.aln,0.0013133921877642727
kduD_2.aln,0.0032834804694106814
kefC_1.aln,0.000554155507794228
kefC_2.aln,0.00402252752040344
kefF_1.aln,0.006277449757647518
kefF_2.aln,0.01218208147190345
kefG.aln,0.0089471697695206
kgtP_1.aln,0.001155663795700203
kgtP_2.aln,0.00231667788675087
kup.aln,0.0010709522173101935
lacF.aln,0.001123237763273149
lacI_2.aln,0.0032706040754129926
lamB_2.aln,0.0015735925268496474
lamB_3~~~lamB_1.aln,0.07490124612735063
lamB_4.aln,0.0003879088554559596
lapA.aln,0.0
lapB.aln,0.0038492494118322145
ldcA.aln,0.0038282152620407817
ldcC.aln,0.0015354411627713678
ldh1.aln,0.0015885791223434536
ldhA.aln,0.003712551725493317
lepA.aln,0.002885588214293314
lepB.aln,0.0020529330196438476
letA.aln,0.0007794430273180496
letB.aln,0.0026596939747663743
leuA_1.aln,0.0017903485636428904
leuA_2.aln,0.0012732886095119284
leuB.aln,0.0009164879551981463
leuC.aln,0.0017858758870028118
leuD1.aln,0.003302986293981438
leuE.aln,0.0023493071527614456
leuO.aln,0.0010523710274199535
leuS.aln,0.0009686458063069838
lexA_2.aln,0.0016433577127690899
lgdh_1.aln,0.005212525245189457
lgdh_2.aln,0.0025596031894536465
lgoT_1.aln,0.0036884699523699353
lgoT_2.aln,0.0
lgt.aln,0.0022849425732337347
lhgD.aln,0.003943281509363183
lhpD.aln,0.0029522266875409314
licC_1.aln,0.0011346993731024668
licC_2.aln,0.0018699642135208813
licC_3.aln,0.0037823312436748896
licC_3~~~licC_4.aln,0.016671286655282756
licC_6.aln,0.0022339393907954814
licC_7.aln,0.0033286192253094535
licH_1.aln,0.04498752573936311
licH_2.aln,0.0026779946213817394
licR.aln,0.0037562758623787018
ligA.aln,0.0024821548786616464
ligB.aln,0.008653351390940636
lipA.aln,0.0015540447935968567
lipB.aln,0.003103270843647677
lipL.aln,0.01148021754406099
livF_1.aln,0.00560674984356513
livF_2.aln,0.0013900067320505218
livF_5.aln,0.0006921195346309652
livF_6.aln,0.0007189689993364768
livH_1.aln,0.0016194253188938118
livH_2.aln,0.0016406636837317636
livH_3.aln,0.002224010771280835
livJ.aln,0.0022786995607385605
livK.aln,0.003606503953428381
lldD_1.aln,0.0025336831571553817
lldD_2.aln,0.0029559636833479453
lldP.aln,0.0027195783887944995
lldR_1.aln,0.0006465147590932659
lldR_2.aln,0.0006440185631122109
lldR_3.aln,0.0
lnt.aln,0.0026011821886325554
loiP.aln,0.007252209036785332
lolA.aln,0.0016353020377064963
lolB.aln,0.0024529530565597446
lolC.aln,0.0008340040392303131
lolD.aln,0.0014256479303082275
lolE.aln,0.002411577944762351
lon_1.aln,0.0019925011176150824
lon_2.aln,0.002549821266436626
lpd.aln,0.005369124716074977
lpdA.aln,0.001053478786396185
lpdC.aln,0.001989671664167745
lplA.aln,0.0019681511250272876
lplT.aln,0.0012572925214527333
lpoA.aln,0.00430464224399539
lpoB.aln,0.00154445192450058
lpp1.aln,0.0
lpsL.aln,0.005477041451661758
lptA.aln,0.0018329759103962926
lptB_1.aln,0.0019546969669460464
lptB_2.aln,0.004824816755877845
lptB_3.aln,0.0012781671099315144
lptC.aln,0.0008687542075315761
lptD.aln,0.0015646769724301335
lptE.aln,0.0
lptF.aln,0.0022786995607385605
lptG.aln,0.0018482083971862896
lptM.aln,0.0
lpxA.aln,0.003171118019887122
lpxB.aln,0.00043437710376578807
lpxC.aln,0.0
lpxD.aln,0.0009754433207372083
lpxH.aln,0.0055369562770477216
lpxK.aln,0.006121130563158261
lpxL_1.aln,0.000543325106990432
lpxL_2.aln,0.003259950641942592
lpxM.aln,0.0020529330196438476
lpxP.aln,0.0012824197710901031
lpxT.aln,0.002727795998215785
lrhA_1.aln,0.0026990421981563533
lrhA_2.aln,0.013616392477229601
lrpA.aln,0.003381097456339107
lrp_1.aln,0.0010425050490378914
lrp_2.aln,0.0010761342441681458
lrp_3.aln,0.002021827973891668
lspA.aln,0.0
lsrA.aln,0.026567064152901103
lsrB_1.aln,0.00948866870980596
lsrB_2.aln,0.0
lsrC.aln,0.00531828662697591
lsrD_1.aln,0.000500903326865053
lsrD_2.aln,0.0034853900146938456
lsrF_1.aln,0.00619867866995503
lsrF_2.aln,0.0012636424836822925
lsrG.aln,0.0016848566449097235
lsrK.aln,0.009701360306243793
lsrR.aln,0.01184079808783778
ltaE.aln,0.0029964216978334603
luxA.aln,0.009125880064526222
luxS.aln,0.000969772138639899
lysA.aln,0.006339223101038009
lysC.aln,0.0
lysN_1.aln,0.0029634661292447673
lysN_2.aln,0.005080143788397522
lysO.aln,0.0016680080784606261
lysP.aln,0.00034040981193074005
lysS.aln,0.001977875191850545
lysU.aln,0.00395575038370109
lyx_1.aln,0.003676971716045469
lyx_2.aln,0.002926329962211625
maa.aln,0.0008825439568574742
macA.aln,0.0013451678052101824
macB.aln,0.001289032518130314
madA.aln,0.0012087015061308887
madC.aln,0.010800052306579594
maeA.aln,0.004715217182927565
maeB.aln,0.0037310707018198214
mak_1.aln,0.0027344394728862726
mak_2.aln,0.002187551578309018
malE.aln,0.0021007658418899576
malF.aln,0.0009716551913362871
malG.aln,0.0028080944081828726
malH.aln,0.0018826276280593975
malI.aln,0.06019626055524822
malK_1.aln,0.009016259883570953
malK_2.aln,0.0004508129941785476
malP_1.aln,0.006783027306124543
malP_2.aln,0.0009623123529580536
malP_3.aln,0.0032706040754129926
malP_4.aln,0.0008371433267054586
malP_5.aln,0.005875566616886746
malQ.aln,0.0021507267487314665
malS.aln,0.0034442644687977535
malT_1.aln,0.001109539741769818
malT_2.aln,0.0021947474716587185
malX.aln,0.0023072355356173156
malY.aln,0.0021330026578780387
malZ.aln,0.003302986293981438
mamB.aln,0.004332488515482146
manA.aln,0.0008488590730079523
manX.aln,0.00102963461633372
manY.aln,0.0006247221267642795
manZ_1.aln,0.0023493071527614456
manZ_2.aln,0.001755797977326975
manZ_3.aln,0.0023493071527614456
maoA.aln,0.006398443687216687
maoP.aln,0.0029522266875409314
map_1.aln,0.0006390835549657572
map_2.aln,0.0018883110322195768
marR.aln,0.01351059352795861
matP.aln,0.0
mazG.aln,0.002527284967364585
mcbA.aln,0.009586253324486357
mdaB.aln,0.0017195959571759034
mdcC.aln,0.0016680080784606261
mdcG.aln,0.0008097126594469059
mdfA.aln,0.001217524144861771
mdh.aln,0.0005329099292206474
mdoB.aln,0.001746605317759818
mdoC.aln,0.0025860590363730638
mdoD.aln,0.0013561041288297775
mdoG.aln,0.00043308344080389736
mdoH.aln,0.0035615830856810526
mdpK.aln,0.005132332549109619
mdrA.aln,0.0007892782705649651
mdtA_1.aln,0.009128156584492082
mdtA_2.aln,0.004958942935964024
mdtA_4.aln,0.0027800134641010436
mdtB.aln,0.005768327648855192
mdtC.aln,0.004714642716896507
mdtD.aln,0.0024737407943272
mdtH_1.aln,0.0020292069081029518
mdtH_2.aln,0.0004138977862185177
mdtI.aln,0.0
mdtJ_1.aln,0.0
mdtK.aln,0.0025493573251581625
mdtL.aln,0.002122147682519881
mdtM_1.aln,0.0008116827632411806
mdtM_2.aln,0.005640607028610813
mdtN.aln,0.002926329962211625
mdtO.aln,0.002840261433911283
mdtP.aln,0.003014472430952939
melY.aln,0.006324201245348346
menA.aln,0.001086650213980864
menB.aln,0.0011664392157067316
menC.aln,0.00466213438079057
menD.aln,0.0032940913578217036
menE.aln,0.0018170022641183293
menF.aln,0.0015516354218238384
menH_1.aln,0.0032451519036198954
menH_2.aln,0.001977875191850545
menH_3.aln,0.004316471922079255
menH_4.aln,0.004003219388305503
menI.aln,0.001217524144861771
mepA.aln,0.002858111291915902
mepH.aln,0.0005731986523919677
mepK.aln,0.007497142403248945
mepM_1.aln,0.002274556470628127
mepS_1.aln,0.001755797977326975
mepS_2.aln,0.004304536976672583
metAS.aln,0.0026903356104203647
metB.aln,0.0008620196787910213
metC_1.aln,0.00042121416122743087
metC_2.aln,0.003919601228758652
metE.aln,0.0011046411115633286
metF.aln,0.0005635162427231846
metG.aln,0.006368312781200629
metH.aln,0.001629975320971296
metI_1.aln,0.0
metI_2.aln,0.008935757563181925
metI_3.aln,0.006731871168675173
metI_4.aln,0.0030605652815791306
metJ.aln,0.0
metK.aln,0.0017329954061928584
metL.aln,0.002673749077680412
metN2.aln,0.012004603594981778
metN_1.aln,0.000978303858334678
metN_2.aln,0.002926329962211625
metN_3.aln,0.002909316415919697
metQ_1.aln,0.0006247221267642795
metQ_2.aln,0.006200773525875934
metQ_3.aln,0.0006200773525875934
metQ_4.aln,0.008585335697959105
metR.aln,0.002622654211416079
mexA.aln,0.003558417234049336
mfd.aln,0.003048578733478951
mglA_1.aln,0.0003289956762249756
mglA_2.aln,0.0026634859536297426
mglA_3.aln,0.0030327419608375023
mglB.aln,0.001001806653730106
mglC.aln,0.0029697473207014116
mgsA.aln,0.001055701315481409
mgtA.aln,0.001108311015588456
mgtC.aln,0.006613247888169884
mgtE_1.aln,0.002467467571687317
mgtE_2.aln,0.004875180187567592
mhpA.aln,0.013524389825356429
mhpB.aln,0.004236210992915876
mhpC.aln,0.002308661700291524
mhpD.aln,0.00186023205776278
mhpE.aln,0.007380566718852328
mhpF.aln,0.0052618551370997675
mhpT.aln,0.0
miaA.aln,0.0010523710274199535
miaB.aln,0.001755797977326975
miaE.aln,0.004578845705578189
minC.aln,0.0
minD.aln,0.0012310022719266614
minE.aln,0.0
mioC.aln,0.0011346993731024668
mipA.aln,0.0013397655248679728
mlaA.aln,0.0013133921877642727
mlaB.aln,0.00515878787152771
mlaC.aln,0.0007867962634248237
mlaD.aln,0.0
mlaE.aln,0.0006390835549657572
mlaF.aln,0.0018465034078899922
mlc.aln,0.0016353020377064963
mliC.aln,0.0
mlrA.aln,0.006864230775558132
mltA.aln,0.0004557399121477121
mltB.aln,0.0
mltC.aln,0.0018431028491277639
mltD.aln,0.0008664977030964292
mltF_1.aln,0.004641951980873728
mltF_2.aln,0.00031651007181416057
mltG.aln,0.0014674557875020173
mmuM.aln,0.0010726740054409173
mnaT.aln,0.001928333038682805
mngA.aln,0.0031872765830457824
mngR_1.aln,0.0027684781385238608
mngR_2.aln,0.0021476498864299908
mnmA.aln,0.000428793850504017
mnmC.aln,0.001509509573267535
mnmE.aln,0.0018329759103962926
mnmG.aln,0.0018533423094006958
mntB_1.aln,0.00351159595465395
mntB_2.aln,0.008841032217989184
mntB_3.aln,0.006087620724308855
mntB_4.aln,0.006026975954668075
mntB_5.aln,0.004054186301814022
mntH.aln,0.0040290050204362955
mntP.aln,0.0008825439568574742
mntR.aln,0.003167103946444227
mntS.aln,0.007942895611717267
moaA.aln,0.005144363421274473
moaB.aln,0.003901773282948833
moaC.aln,0.006139907037278379
moaD.aln,0.0
moaE.aln,0.0011046411115633286
moaF.aln,0.01010913986945834
mobA.aln,0.002579393935763855
mobB.aln,0.0029609610860247804
modA.aln,0.00323257379546633
modB.aln,0.005076546325749732
modE.aln,0.0006342236039774244
modF.aln,0.0020382990775486267
moeA.aln,0.0032388506377876236
moeB.aln,0.0013238159352862112
mog.aln,0.0017020490596537001
molA.aln,0.00283514120984809
molB.aln,0.00645360268452028
molC.aln,0.005337625851074004
mpaA.aln,0.0014135661681869713
mpl.aln,0.003277745132346209
mppA.aln,0.0009283903961747455
mprA.aln,0.0
mqo_1.aln,0.0015302826407895653
mqo_2.aln,0.0027344394728862726
mraY.aln,0.0027723125957794343
mraZ.aln,0.0010902013584709975
mrcA.aln,0.0013688225731798807
mrcB.aln,0.002125874561284011
mrdA.aln,0.0010474148059407386
mrdB.aln,0.0022479893240709248
mreB.aln,0.00047931266622431787
mreC.aln,0.0005039299330696756
mreD.aln,0.0010233178395463965
mrkD_1.aln,0.0005024120718254898
mrkD_2.aln,0.004481215733177802
msbA.aln,0.0020027541250813696
mscK.aln,0.0022419463420169706
mscL.aln,0.003626104518392666
mscM.aln,0.0022540649708927382
mscS.aln,0.0011664392157067316
msrA.aln,0.006264819074030521
msrB.aln,0.0
msrC.aln,0.0
msrP.aln,0.0014982108489167301
msrQ.aln,0.0008216788563845449
msuD_1.aln,0.0017064021263024308
msuD_2.aln,0.00921551424563882
msyB.aln,0.0
mtfA.aln,0.004389494943317437
mtgA.aln,0.006892595365539778
mtlA.aln,0.007343431791965021
mtlD.aln,0.0013065337429195507
mtlK.aln,0.0047552861885938906
mtlR.aln,0.0
mtnA.aln,0.0024314986566481432
mtnB.aln,0.0024650365691536347
mtnC.aln,0.003626104518392666
mtnD.aln,0.00460775712281941
mtnE.aln,0.004255122649134251
mtnK.aln,0.003753018176536409
mtnN.aln,0.0028635331819066544
mtr.aln,0.002813507602222743
mtrA.aln,0.0044185644462533145
mug.aln,0.005921922172049561
mukB.aln,0.0015746536141907463
mukE.aln,0.0007097906716853729
mukF.aln,0.0011346993731024668
murA.aln,0.001985723902929317
murB.aln,0.0024314986566481432
murC.aln,0.0016951301610372217
murD.aln,0.0011398688463284462
murE.aln,0.0020177517078152738
murF.aln,0.0018410685192722144
murG.aln,0.00047793927749588145
murI.aln,0.004698614305522891
murJ.aln,0.0022804797947703873
murP.aln,0.0020937339896995306
murQ_1.aln,0.0027707775389711397
murQ_2.aln,0.00271662553495216
murR.aln,0.0029470107393297284
mutH.aln,0.0007189689993364768
mutL.aln,0.0026903356104203647
mutM.aln,0.000617780769800232
mutS_2~~~mutS_1~~~mutS.aln,0.15808080694506688
mutT.aln,0.003819865828535785
mutY.aln,0.006615329489645543
mzrA.aln,0.003879088554559596
nadA.aln,0.0023965633311215893
nadB.aln,0.008957821162103363
nadC.aln,0.0011194685090339773
nadD.aln,0.002306001951788884
nadE.aln,0.0012087015061308887
nadK.aln,0.003415716201625856
nadR.aln,0.002435048289723542
nadX.aln,0.005887087335743386
nagA.aln,0.0013065337429195507
nagB.aln,0.001249444253528559
nagC_1.aln,0.005016565649505643
nagC_2.aln,0.002049149973538853
nagD.aln,0.0026581802047181296
nagE.aln,0.0005116589197731983
nagK.aln,0.0027434343395733984
nagR.aln,0.002757038146215911
nagZ.aln,0.0034240635041713737
nanE.aln,0.00496853470179761
nanX.aln,0.0032467310529647225
narG.aln,0.003341362336659908
narH.aln,0.0029320454504190695
narI.aln,0.0014761133437704657
narJ.aln,0.001407601753975212
narK.aln,0.0021615655444414163
narL.aln,0.002306001951788884
narU.aln,0.001809119390955126
narV.aln,0.004408831925446589
narW.aln,0.005032782995355338
narX.aln,0.0014064149059533106
narY.aln,0.004210505829123911
narZ.aln,0.005082943623216022
nasA.aln,0.003078215600388699
nasD.aln,0.0013768934609934415
nasR.aln,0.0016934092167112957
ndh.aln,0.0011503503989383629
ndk.aln,0.0
ndmA.aln,0.0161572846949624
ndoA.aln,0.00617780769800232
nei.aln,0.006318212418411463
nemA.aln,0.0018229596485908484
nemR.aln,0.005838028274612192
nepI_1.aln,0.005867365100112755
nepI_2.aln,0.004846512576641045
nepI_3.aln,0.009151166515245333
nfdA_1.aln,0.004925018681212704
nfdA_2.aln,0.004551546923568322
nfi.aln,0.0007446464635984939
nfo.aln,0.00117053198488465
nfsA.aln,0.08787316643402891
nfsB_1~~~nfsB~~~nfsB_2.aln,0.29497393248127385
nfuA.aln,0.0
ngcG.aln,0.007889227398124584
nhaA_1.aln,0.0044970806036928644
nhaB.aln,0.00430106135769834
nhaR.aln,0.0016735867007966149
nhoA.aln,0.0035489533584268642
niaP.aln,0.0028452163385255884
nicS.aln,0.0007831023842538151
nifJ.aln,0.005815334287150143
nikA.aln,0.0015946539947042317
nikB.aln,0.002118105496457938
nikC.aln,0.0006000029059210886
nikD.aln,0.0019623624452477957
nikE.aln,0.01010913986945834
nikR.aln,0.0025082828247528213
nimR_1.aln,0.0013031313112973643
nimR_2.aln,0.018243838358163098
nimR_3.aln,0.01099075090458552
nimR_4.aln,0.004748777447574737
nimR_5.aln,0.0006318212418411463
nimT.aln,0.0012668415785776909
nirD.aln,0.0015302826407895653
nlhH.aln,0.044153155018075395
nlpA.aln,0.002471123079200928
nlpD_1.aln,0.0007008437304456413
nlpD_2.aln,0.002200538362085259
nlpE.aln,0.0021476498864299908
nlpI.aln,0.0005654264672747886
nnr.aln,0.0006619079676431056
nodD2_1.aln,0.0005380671220840729
nodD2_2.aln,0.0037909274510468777
norB_1~~~norB_2~~~norB.aln,0.1628642981910025
norG_1.aln,0.0007008437304456413
norG_2.aln,0.0024789928979244975
norR_1.aln,0.00051481730816686
norR_2.aln,0.002903689111440162
norR_3.aln,0.000733190364158517
norR_4.aln,0.00343732684281474
norV.aln,0.0
norW_1.aln,0.0004412719784287371
norW_2.aln,0.0028292172422267263
nqrA.aln,0.0018616161589962345
nqrB.aln,0.005250388624694465
nqrC.aln,0.0037766220644391535
nqrD.aln,0.0007831023842538151
nqrE.aln,0.0025145850429054667
nqrF.aln,0.0016353020377064963
nrdA.aln,0.0017511895836856968
nrdB.aln,0.003097097227910977
nrdD.aln,0.0025733644969238275
nrdE.aln,0.0032706040754129926
nrdF.aln,0.0010392573697573994
nrdG.aln,0.0064568054650088755
nrdH.aln,0.002034156193244666
nrdI.aln,0.001217524144861771
nrdR.aln,0.0
nrtA.aln,0.0015923704806306694
nrtD.aln,0.0012684472079548489
nsrR.aln,0.0011746535763807228
nth.aln,0.0007867962634248237
ntrC.aln,0.0017744766792134321
nudB.aln,0.0
nudC.aln,0.001939544277279798
nudE.aln,0.0008919829296580889
nudF.aln,0.0
nudG.aln,0.006087620724308855
nudI.aln,0.006888687673282139
nudJ.aln,0.0032706040754129926
nudK_1.aln,0.0025145850429054667
nudK_2.aln,0.005867365100112755
nuoA.aln,0.0013900067320505218
nuoB.aln,0.0007413369237602783
nuoC.aln,0.0005532365102688644
nuoE.aln,0.0009988072326111534
nuoF.aln,0.0011219785281125288
nuoG.aln,0.0014679939084361947
nuoH.aln,0.002046635679092793
nuoI.aln,0.002764654273691646
nuoJ.aln,0.003606503953428381
nuoK.aln,0.0
nuoL.aln,0.000814987660485648
nuoM.aln,0.002943543667871693
nuoN.aln,0.004461750004112786
nupC_1.aln,0.001663848457317333
nupC_2.aln,0.0016433577127690899
nupG.aln,0.0011971349845411193
nupX.aln,0.010571882187426504
nusA.aln,0.0003362919513025456
nusB.aln,0.0
nusG.aln,0.0
oadA_2~~~oadA.aln,0.12494879362419116
oadG~~~oadG_2.aln,0.027800134641010436
obgE.aln,0.0016977181460159046
occP.aln,0.003940176563292818
ogl.aln,0.001276536794740275
ogt.aln,0.000969772138639899
ompA_1.aln,0.0031603034603985437
ompA_2.aln,0.0004672291536304275
ompC.aln,0.033068139251954586
ompN_1.aln,0.0013099539883198634
ompN_2.aln,0.0008664977030964292
ompR_1.aln,0.0
ompW.aln,0.0031324095370152604
ompX.aln,0.0
opgE.aln,0.0015825503590708029
opmQ.aln,0.003127515147113674
oppA_1.aln,0.0027545087534212175
oppA_2.aln,0.004238133048720285
oppB.aln,0.00271662553495216
oppC.aln,0.002201990862654292
oppD_1.aln,0.005791694716877175
oppD_2.aln,0.0009869870286749267
oppF_1.aln,0.0025860590363730638
oppF_2.aln,0.000995825718483956
oprB.aln,0.006598713277426653
oprD.aln,0.005126265962172138
oprM_1.aln,0.0003665951820792585
oprM_2.aln,0.0014504418073570662
opuE.aln,0.0053806712208407294
orn.aln,0.0009164879551981463
ortT.aln,0.002875875997345907
osmB.aln,0.0045081299417854765
osmC.aln,0.00231667788675087
osmE.aln,0.0
osmY.aln,0.0
otsA.aln,0.0
otsB.aln,0.0
outC.aln,0.004155180266627895
outE.aln,0.005694003480688884
outF.aln,0.00411853846533488
outN.aln,0.0033494138121699323
outO.aln,0.003748332760585677
oxlT.aln,0.0038522126523340096
oxyR_1.aln,0.006562654734927054
oxyR_2.aln,0.006240846552063567
oxyR_4.aln,0.003931332171456021
oxyR_5.aln,0.0010902013584709975
paaA.aln,0.003414004069570103
paaB.aln,0.0
paaC.aln,0.0013238159352862112
paaD.aln,0.005024120718254898
paaE.aln,0.00373783322904342
paaF.aln,0.007818787867784185
paaG.aln,0.004439565227841971
paaH.aln,0.00809371008535747
paaI.aln,0.0023659689056179096
paaJ.aln,0.00248956429620989
paaK.aln,0.0030396502568758566
paaX.aln,0.00801926960798378
paaZ.aln,0.01051676647709779
pabA.aln,0.0008872383396067161
pabB.aln,0.003321255023483548
pabC.aln,0.00308890384900116
padC.aln,0.0019739740573498535
paeA.aln,0.0011219785281125288
pagP.aln,0.0028924995580242073
pal_1~~~pal_3.aln,0.1493425215176789
pal_4.aln,0.0
panB.aln,0.0006318212418411463
panC.aln,0.0
panD.aln,0.0
panE.aln,0.0
panF.aln,0.0024124083779389223
panM.aln,0.003909393933892093
panS.aln,0.0
parC.aln,0.0013290901023590648
parE.aln,0.002111402630962818
patA.aln,0.003626104518392666
patD.aln,0.0017521093261141031
pat_1.aln,0.0011611311199665442
pat_2.aln,0.0
pbpC.aln,0.004304536976672583
pbpG.aln,0.0015785565411299302
pcaB.aln,0.007766778192388725
pcaF.aln,0.001663848457317333
pcaG.aln,0.001611602008174518
pcaH.aln,0.0
pcaI.aln,0.002185163421564139
pcaJ.aln,0.004569885146467469
pcaK_1.aln,0.0025549357875764515
pcaK_2.aln,0.0014761133437704657
pcaK_3.aln,0.0018329759103962926
pcaR_1.aln,0.0025082828247528213
pcaR_1~~~xynR.aln,0.00570801243579682
pcaR_2.aln,0.0024803094103503735
pcaR_3.aln,0.0006592917306168483
pckA_1.aln,0.0006166388460113221
pckA_2.aln,0.003652572434585313
pcm.aln,0.0
pcnB.aln,0.0
pcp.aln,0.01008563024185495
pcpR_1.aln,0.004318467517050165
pcpR_2.aln,0.0016194253188938118
pdeA.aln,0.004307633126629159
pdeB.aln,0.007698498823664429
pdeC_1.aln,0.0009353316327816596
pdeD.aln,0.003171118019887122
pdeF.aln,0.002244963766434221
pdeG.aln,0.1725074754721699
pdeH_1.aln,0.0006979113298998436
pdeH_2.aln,0.002185163421564139
pdeK.aln,0.006731871168675172
pdeN.aln,0.002561240811455856
pdhC.aln,0.0022804797947703873
pdhR.aln,0.0012830831372774047
pduA.aln,0.04152647651843461
pduB.aln,0.0018465034078899922
pduC.aln,0.002704877965071286
pduD_1.aln,0.0025661662745548094
pduD_2.aln,0.003626104518392666
pduE_1.aln,0.0011746535763807228
pduE_2.aln,0.0038125898936242886
pduF.aln,0.002471123079200928
pduG.aln,0.0038219497706135463
pduH.aln,0.0014256479303082275
pduJ_1.aln,0.0
pduK.aln,0.0011194685090339773
pduL_1.aln,0.0007905251556685432
pduM.aln,0.005085390483111666
pduN.aln,0.0
pduO_1.aln,0.0047118872272899045
pduO_2.aln,0.04026789357949869
pduO_3.aln,0.0029522266875409314
pduP.aln,0.0014410436962942776
pduQ.aln,0.00269758718888511
pduS.aln,0.0029587726447195145
pduT.aln,0.0018032519767141905
pduU.aln,0.0
pduV.aln,0.0
pduW.aln,0.0016474153861339518
pduX.aln,0.004987399570148052
pdxA.aln,0.0015163709804187511
pdxA2_1.aln,0.0035489533584268642
pdxB.aln,0.0013203230172511553
pdxH.aln,0.00301901914653507
pdxI.aln,0.0028464301680215464
pdxJ.aln,0.009570538155101954
pdxK.aln,0.002308661700291524
pdxY.aln,0.0029059374189209517
pecS.aln,0.0019739740573498535
pepA.aln,0.00231667788675087
pepB.aln,0.003110504575217951
pepD.aln,0.003432115387779066
pepN.aln,0.0009564266504934783
pepP.aln,0.0011398688463284462
pepQ.aln,0.0007513549902975794
pepT.aln,0.0008116827632411806
perR.aln,0.0032493663866116095
pfkA.aln,0.002078514739514799
pfkB.aln,0.004290696021763669
pflA.aln,0.0020259207430695864
pflB.aln,0.0015343044085708783
pfp.aln,0.0015302826407895653
pgi.aln,0.0006065483921675005
pgk.aln,0.001437986695949856
pglJ.aln,0.004112896631820722
pgl_1.aln,0.0020096482873019593
pgl_2.aln,0.0
pgm.aln,0.0021345624404432145
pgpA.aln,0.006950033660252609
pgpB.aln,0.0013031313112973643
pgpC.aln,0.0015735925268496474
pgrR_1.aln,0.0035778663751307614
pgrR_2.aln,0.0016905487281695536
pgrR_3.aln,0.001651493146990719
pgrR_4.aln,0.003167103946444227
pgrR_5.aln,0.0028271323363739426
pgsA.aln,0.0018229596485908484
pgtB.aln,0.0027591111072281034
pgtC.aln,0.004917959936493247
pgtP.aln,0.002875875997345907
pheA.aln,0.0017240393575820427
pheP.aln,0.005814407245178653
pheS.aln,0.001017078096622333
pheT.aln,0.0016763900286036445
phnC.aln,0.0023743887237873684
phnE_1.aln,0.007915970541847039
phnO.aln,0.037855502489886554
phnR.aln,0.00764503702627787
phnS.aln,0.006415415686387024
phnT.aln,0.015735925268496476
phnU.aln,0.016273249545957328
phnV_1~~~phnV_2~~~phnV.aln,0.15598366828809493
phnW.aln,0.014051155008771578
phnX.aln,0.014826738475205567
phoA.aln,0.002120349252280457
phoB.aln,0.0
phoC.aln,0.004019296574603919
phoE.aln,0.0009504319535388184
phoH.aln,0.0
phoP_1.aln,0.004276943790924683
phoP_2.aln,0.0
phoP_3.aln,0.0007446464635984939
phoQ.aln,0.01185282892402878
phoR.aln,0.00231667788675087
phoU.aln,0.0013785190731079556
phrB.aln,0.003467792262911905
pilB.aln,0.0010831221288705366
pilC.aln,0.004149273827016483
pilQ.aln,0.0012057889723811755
pitA.aln,0.0003342701560041335
pknK.aln,0.010311980528444219
plaP.aln,0.004786778150107757
pldA.aln,0.0011623749675683805
pldB.aln,0.0020157197322787025
pldht.aln,0.004670422619689753
plsB.aln,0.0010321832168691994
plsC.aln,0.0006780520644148887
plsX.aln,0.0021550491969775532
plsY.aln,0.004048563297234529
pmbA.aln,0.0037315616967799245
pmrD.aln,0.008136624772978664
pnbA.aln,0.003654997781487428
pncA.aln,0.005456101191226348
pncB.aln,0.0024232562883205223
pncC_1.aln,0.0
pncC_2.aln,0.0033443770996704285
pnoA.aln,0.02551627088863281
pnp.aln,0.001171353987683024
pntA.aln,0.0006541208150825985
pntB.aln,0.0032423483166621244
pnuC.aln,0.0013900067320505218
pobA.aln,0.0018347839136065992
pocR.aln,0.0021947474716587185
polA.aln,0.0017916305891091582
polB.aln,0.003819865828535785
por_1.aln,0.001364423786061862
por_2.aln,0.0023926345387754885
potA_1.aln,0.00373783322904342
potA_2.aln,0.002467467571687317
potA_3.aln,0.001217612075293256
potB.aln,0.0
potC.aln,0.0006366443047559642
potD.aln,0.0
potF.aln,0.0022479893240709248
potG.aln,0.0025727631030241023
potH.aln,0.0010490616845664315
potI.aln,0.0011829844528089548
poxB.aln,0.0029110088629330302
ppa_1.aln,0.0
ppa_2.aln,0.0009423774454579809
ppc.aln,0.005094594809777931
ppdD.aln,0.0034750168301263045
pphA.aln,0.005355989242763479
ppiA.aln,0.0008778989886634875
ppiB.aln,0.001010913986945834
ppiC_1.aln,0.0
ppiC_2.aln,0.0
ppiD.aln,0.0021350503404296015
ppk.aln,0.0007283878071880464
ppnN.aln,0.0018289562263822657
ppnP.aln,0.0
ppsA.aln,0.0033654639666292584
ppsC.aln,0.0030605652815791306
ppsR.aln,0.0036000174355265316
pptA.aln,0.019752727244928468
ppx.aln,0.0009792611028144576
pqiA.aln,0.0007886563018726365
pqiB.aln,0.0036167168236060404
pqiC.aln,0.0
pqqB.aln,0.006477701275575247
pqqC.aln,0.006619079676431056
pqqD.aln,0.0053806712208407294
pqqE.aln,0.002188986979607121
pqqU.aln,0.0021384718954623413
prc.aln,0.0021979608647358178
prfA.aln,0.003696416794372579
prfB.aln,0.002078514739514799
prfC.aln,0.0009441555161097884
priA.aln,0.0020508296046647043
priB.aln,0.004765737367030361
priC.aln,0.0009477318627617194
prlC.aln,0.0019594808557540397
prmA.aln,0.0
prmB.aln,0.004290696021763669
prmC.aln,0.0029470107393297284
proA.aln,0.006783764912399675
proB.aln,0.0027195783887944995
proC.aln,0.0
proP_1.aln,0.0019172506648972715
proQ.aln,0.0
proS_1.aln,0.001746605317759818
proS_2.aln,0.0
proV.aln,0.0008319242286586665
proW.aln,0.0032797911655124672
proX.aln,0.0030054199611903175
proXpy.aln,0.001997614465222307
proY.aln,0.0010925817107820695
prs.aln,0.0005278506577407045
psd.aln,0.002078514739514799
psiE.aln,0.001217524144861771
psiF.aln,0.0
pspA.aln,0.001495971370816705
pspB.aln,0.0
pspC.aln,0.0027800134641010436
pspD.aln,0.0
pspF_2.aln,0.003820389446557648
pspG.aln,0.0
pssA.aln,0.0011070850078278493
pstA.aln,0.0028080944081828726
pstB.aln,0.0006465147590932659
pstC.aln,0.0041700201961515655
pstS.aln,0.002884163824427596
pta.aln,0.001863696177050979
pth.aln,0.0008553887581849365
ptpB.aln,0.003819865828535785
ptrA.aln,0.00329440264976631
ptrB.aln,0.0014804805430123902
ptsG.aln,0.0006979113298998436
ptsH.aln,0.0
ptsI.aln,0.0005791694716877175
ptsJ.aln,0.002311327591400406
ptsN.aln,0.0010233178395463965
ptsO.aln,0.0
ptsP.aln,0.0011134900390257852
ptxR_1.aln,0.0045081299417854765
ptxR_2.aln,0.0
ptxS.aln,0.0
pucG.aln,0.022965328616486883
pucI.aln,0.026407342324326545
pucM.aln,0.006121130563158261
pulA.aln,0.002722044008367296
pulG.aln,0.0035489533584268642
pulH.aln,0.006788404970479293
pulI.aln,0.0013672197364431363
pulJ.aln,0.006705560114414578
pulL.aln,0.006631642951123535
pulM.aln,0.00205926923266744
punC.aln,0.0041730324962040745
punR.aln,0.00248956429620989
purA.aln,0.001155663795700203
purB.aln,0.0021899449607798156
purC.aln,0.0
purD.aln,0.00154445192450058
purE.aln,0.002943543667871693
purF.aln,0.0
purH.aln,0.0022030295375895063
purK.aln,0.004685415950732096
purL.aln,0.00205926923266744
purM.aln,0.0009641665193414025
purN.aln,0.0007794430273180496
purR_1.aln,0.001997614465222307
purR_2.aln,0.0019508866414744165
purT.aln,0.0050931544380477135
purU.aln,0.0023743887237873684
putA.aln,0.0032829833489762513
putP.aln,0.0009948358320838724
puuA.aln,0.001759502192469015
puuB_1.aln,0.001171902631236974
puuB_2.aln,0.0015373346345259227
puuC.aln,0.0026903356104203647
puuD.aln,0.002616483260330394
puuE.aln,0.003952625778342716
puuP.aln,0.003954329496350622
puuR.aln,0.0008967785368067882
pxpA.aln,0.003362919513025456
pxpB.aln,0.003808237622056224
pxpC.aln,0.0010726740054409173
pykA.aln,0.002774233810329524
pykF.aln,0.0038955602681670677
pyrB.aln,0.0021384718954623413
pyrC.aln,0.0028676356649752887
pyrD.aln,0.0004949578867835686
pyrE.aln,0.0
pyrF.aln,0.0013561041288297775
pyrG_1.aln,0.0009164879551981463
pyrG_2.aln,0.0007220814192470243
pyrH.aln,0.0006892595365539778
pyrI.aln,0.002166244257741073
qmcA.aln,0.002180402716941995
qorA_2.aln,0.001017078096622333
qorB.aln,0.005304619330793511
qseB.aln,0.0
qseC.aln,0.002224010771280835
qseG.aln,0.0
queA.aln,0.007987644319388913
queC.aln,0.0
queD.aln,0.0027344394728862726
queE.aln,0.0014892929271969877
queF.aln,0.0023659689056179096
queG.aln,0.001755797977326975
quiA.aln,0.0033739733571896357
quiC1.aln,0.0021592337585250826
radA.aln,0.0021709432691461514
radD.aln,0.002561787151219392
rafA.aln,0.0023559436136449522
rafB_1.aln,0.000805801004087259
rafR.aln,0.0020096482873019593
raiA.aln,0.0
ramA_1.aln,0.007315824905529063
ramA_2.aln,0.002712208257659555
ramR_2~~~ramR_1~~~ramR.aln,0.15886392838394178
rapA.aln,0.00223778173580889
rapZ.aln,0.0
rarA.aln,0.005957171708787951
rarD.aln,0.0022389370180679546
ratA.aln,0.01713706929925301
ravA.aln,0.0010008048470763757
rbbA.aln,0.00455739912147712
rbfA.aln,0.001244782148104945
rbn_1.aln,0.003803275748933024
rbn_2.aln,0.0006490303807239791
rbsA_1.aln,0.0016194253188938118
rbsA_3.aln,0.001985723902929317
rbsA_4.aln,0.0026581802047181296
rbsB_2.aln,0.0015302826407895653
rbsB_3.aln,0.002166244257741073
rbsB_5.aln,0.0016848566449097235
rbsC_2.aln,0.00497912859241978
rbsC_3.aln,0.006010839922380635
rbsC_4.aln,0.0032797911655124672
rbsC_5.aln,0.002909316415919697
rbsC_7.aln,0.0034750168301263045
rbsC_8.aln,0.0010360298623979046
rbsD.aln,0.0
rbsK_2.aln,0.00424970211072771
rbsK_4.aln,0.0032180220163227514
rbsR_2.aln,0.004806939707379327
rbsR_3.aln,0.0066312247767547836
rbsR_4.aln,0.0015256171449334996
rbtD.aln,0.002668812925537002
rcdA.aln,0.0017744766792134321
rclR.aln,0.009001948359946235
rcnA.aln,0.003642698237788501
rcnB.aln,0.003147185053699295
rcnR.aln,0.0054989277311888775
rcsA.aln,0.000801926960798378
rcsB.aln,0.0015373346345259227
rcsC_1.aln,0.002160232479042439
rcsC_2.aln,0.0014090881338632533
rcsC_3.aln,0.007818787867784185
rcsD.aln,0.0016943648652534577
rcsF.aln,0.0024529530565597446
rdgB.aln,0.00505456993472917
rdgC.aln,0.0016460606037440391
rdsA.aln,0.002177556238199251
recA.aln,0.00283514120984809
recB.aln,0.0029710067555278326
recC.aln,0.004147799839866566
recD.aln,0.000542441651531911
recF_1.aln,0.001863696177050979
recG.aln,0.0016824288975827641
recJ.aln,0.002308661700291524
recN.aln,0.0018065069441811836
recO.aln,0.004068312386489332
recQ.aln,0.0019172506648972715
recR.aln,0.009908958881944313
recX.aln,0.004994036163055767
relA.aln,0.0024595293382127198
relB.aln,0.00205926923266744
relE.aln,0.001755797977326975
rep.aln,0.0022273104905260587
repB.aln,0.005444536754619255
resA.aln,0.008935757563181925
rfaH.aln,0.0
rfbP.aln,0.15643135647233497
rffG.aln,0.0009370831901464192
rffH.aln,0.0034040981193074003
rhaA.aln,0.0031771582446869073
rhaB.aln,0.002046635679092793
rhaD.aln,0.0030108449069686394
rhaM.aln,0.0031771582446869073
rhaR_1.aln,0.002875875997345907
rhaR_2.aln,0.005484823155687732
rhaR_3.aln,0.0005673496865512334
rhaR_4.aln,0.015163709804187513
rhaR_5.aln,0.0035489533584268642
rhaS_1.aln,0.00411853846533488
rhaS_2.aln,0.006274707247094481
rhaS_6.aln,0.006132382641399361
rhaS_7.aln,0.004245838745172503
rhaS_8.aln,0.0035489533584268642
rhaS_9.aln,0.0011957047157423843
rhaT.aln,0.0014504418073570662
rhlB.aln,0.0035573632005084445
rhlE.aln,0.004428340031311397
rhmA.aln,0.00248956429620989
rhmD_1~~~rhmD_2~~~rhmD.aln,0.1517543025873439
rhmR.aln,0.0019099329142678925
rhmT.aln,0.0011610265047289742
rho.aln,0.0007942895611717268
rhtA.aln,0.0016905487281695536
rhtB_2.aln,0.001611602008174518
rhtC_1.aln,0.004765737367030361
rhtC_2.aln,0.004528528719802605
rhtC_3.aln,0.003223204016349036
ribA.aln,0.00248956429620989
ribB.aln,0.004590847922368696
ribC.aln,0.0007867962634248237
ribD.aln,0.0027195783887944995
ribE.aln,0.0
ribF.aln,0.0005329099292206474
ribX_1.aln,0.0036794295848396165
ribX_2.aln,0.010146638148805487
ribY.aln,0.00505456993472917
ribZ_1.aln,0.0021615655444414163
ribZ_2.aln,0.0010949724803899078
ridA_1.aln,0.0
ridA_2.aln,0.0012930295181865319
ridA_3.aln,0.014447314065406999
rihA.aln,0.007484651634118195
rihC.aln,0.003281327367463527
rimI_1.aln,0.0022389370180679546
rimI_2.aln,0.02150967306275025
rimI_3.aln,0.003169359932859438
rimJ.aln,0.0
rimK.aln,0.0
rimL.aln,0.0034570115615764276
rimM.aln,0.0
rimO.aln,0.0022642643599013025
rimP.aln,0.012510015275901815
rlhA.aln,0.0005100942135965218
rlmA.aln,0.0012588740214797178
rlmB.aln,0.0009194148456410608
rlmC.aln,0.003105334188623506
rlmD.aln,0.0034510511968150887
rlmE.aln,0.0
rlmF.aln,0.0016406636837317636
rlmG.aln,0.0035395396890411167
rlmH.aln,0.0021384718954623413
rlmI.aln,0.0029117348003053324
rlmJ.aln,0.0017807915428405263
rlmL.aln,0.0019008639070776368
rlmM.aln,0.003181486798153783
rlmN.aln,0.001715175402016068
rlpA.aln,0.0017420449905594007
rluA_1.aln,0.0021476498864299908
rluA_2.aln,0.0007581854902093756
rluB.aln,0.000554155507794228
rluC.aln,0.0020096482873019593
rluD.aln,0.0035706594951756526
rluE.aln,0.006149338538103691
rluF.aln,0.003998649503159035
rna.aln,0.001881212118564616
rnb.aln,0.0023274531327357574
rnc.aln,0.0022044159627232947
rnd.aln,0.0013451678052101824
rne.aln,0.002166244257741073
rng.aln,0.00034040981193074005
rnhA.aln,0.0010692359477311706
rnhB.aln,0.0008340040392303131
rnk.aln,0.0
rnm.aln,0.00231667788675087
rnpA.aln,0.07577019513574744
rnr.aln,0.0014397110418279142
rnt.aln,0.0
rob_2.aln,0.0
rocC.aln,0.0028391626867414915
rodZ.aln,0.0010048241436509796
rof.aln,0.0
roxA_1.aln,0.0022299573241452222
roxA_2.aln,0.0026759487889742666
rpe.aln,0.0007380566718852328
rph.aln,0.0
rpiA.aln,0.0007581854902093756
rplA.aln,0.0007097906716853729
rplB.aln,0.0
rplC.aln,0.0
rplD.aln,0.0
rplE.aln,0.0
rplF.aln,0.0
rplI.aln,0.002224010771280835
rplJ.aln,0.0
rplK.aln,0.0011664392157067316
rplL.aln,0.0
rplM.aln,0.0
rplN.aln,0.0
rplO.aln,0.0
rplP.aln,0.0
rplQ.aln,0.0
rplR.aln,0.0
rplS.aln,0.0
rplT.aln,0.0014016874608912826
rplU.aln,0.0
rplV.aln,0.0
rplW.aln,0.0
rplX.aln,0.0
rplY.aln,0.001755797977326975
rpmA.aln,0.0
rpmB.aln,0.0
rpmC.aln,0.0
rpmD.aln,0.0
rpmE.aln,0.0
rpmE2.aln,0.0018954637255234389
rpmF.aln,0.0
rpmG.aln,0.0
rpmI.aln,0.0
rpoA.aln,0.0
rpoB.aln,0.0006210007738125936
rpoC.aln,0.0010661983456069343
rpoD.aln,0.001086650213980864
rpoE.aln,0.0
rpoH.aln,0.000585265992442325
rpoN.aln,0.0020937339896995306
rpoS.aln,0.0010078598661393513
rpoZ.aln,0.0
rppH_1.aln,0.005351897577948533
rppH_2.aln,0.0
rpsA.aln,0.0002989261789355961
rpsB.aln,0.0016162728519937251
rpsC.aln,0.0
rpsD.aln,0.0
rpsE.aln,0.0
rpsF.aln,0.0
rpsG.aln,0.0
rpsH.aln,0.0
rpsI.aln,0.0
rpsJ.aln,0.0
rpsL.aln,0.0
rpsM.aln,0.0
rpsN.aln,0.0
rpsO.aln,0.0
rpsP.aln,0.0
rpsQ.aln,0.0
rpsR.aln,0.0
rpsS.aln,0.0
rpsU.aln,0.0
rraA.aln,0.00205926923266744
rraB.aln,0.0
rsd.aln,0.0020096482873019593
rseA.aln,0.0015373346345259227
rseB.aln,0.003660205814803882
rseC.aln,0.0
rseP.aln,0.002219079483539636
rsfS.aln,0.0
rsgA.aln,0.0009423774454579809
rsmA.aln,0.0
rsmB.aln,0.013127841358254927
rsmC.aln,0.002112943573978445
rsmD.aln,0.0008381950143018222
rsmE.aln,0.0
rsmF.aln,0.0021615655444414163
rsmG.aln,0.0
rsmH.aln,0.002124851055363855
rsmI.aln,0.0
rsmJ.aln,0.009968175767692985
rspB.aln,0.0009840755625136438
rspR.aln,0.004370326843128278
rssB.aln,0.0014804805430123902
rstA.aln,0.0027800134641010436
rstB_1.aln,0.00047118872272899047
rstB_2.aln,0.0007686673172629613
rsuA.aln,0.0020850100980757827
rsxA.aln,0.0017195959571759034
rsxB.aln,0.0
rsxC.aln,0.029860419010017722
rsxD.aln,0.0009504319535388184
rsxE.aln,0.0
rsxG.aln,0.0
rutA.aln,0.0027494638655944387
rutB_1.aln,0.005630407015900848
rutB_2.aln,0.0028112495704392575
rutC_1.aln,0.003127515147113674
rutC_2.aln,0.0025465772190238567
rutD.aln,0.00248956429620989
rutE.aln,0.0033868184334225914
rutF.aln,0.0060654839216750045
rutG.aln,0.0018911656218374448
rutR.aln,0.0031324095370152604
ruvA.aln,0.0
ruvB.aln,0.0
ruvC.aln,0.00671037732714045
sacA.aln,0.004875180187567592
sacP_1.aln,0.005201688394367857
sacP_2.aln,0.0018249541339831797
sad_1.aln,0.006124435709250679
sad_2.aln,0.0029199266143730873
sapA.aln,0.004870096579447084
sapB.aln,0.005180149311989522
sapC.aln,0.00505456993472917
sapD.aln,0.0015117897992090268
sapF.aln,0.004942246158401856
sasA_1.aln,0.017515432164772325
sasA_2.aln,0.0020382990775486267
satP.aln,0.0017650879137149484
sauU.aln,0.0007961852403153347
sbcB.aln,0.00842783029116948
sbcC.aln,0.003882175719690114
sbcD.aln,0.001244782148104945
sbmA.aln,0.01661809146333569
sbmC.aln,0.002111402630962818
sbnD_1~~~mdtG.aln,0.15342935446328648
sbnD_2.aln,0.0020850100980757827
sbp.aln,0.0015163709804187511
scmP.aln,0.013379743944871333
scoA.aln,0.0035339154204674286
scoB.aln,0.0015232950488224897
scrB.aln,0.003928926951406186
scrK.aln,0.0032493663866116095
scrY_1.aln,0.0007479856854083525
scrY_2.aln,0.00495141544626531
scrY_3.aln,0.0
sdaA.aln,0.0032993566387133264
sdaB.aln,0.0007315824905529063
sdaC_1.aln,0.004266997410015555
sdaC_2.aln,0.0029778550178763586
sdhA.aln,0.001982352555046585
sdhB.aln,0.0
sdhC.aln,0.001235561539600464
sdhD.aln,0.002875875997345907
sdhE.aln,0.0
sdhL.aln,0.0
sdiA.aln,0.0006921195346309652
secA.aln,0.0016643096126547267
secB.aln,0.0010692359477311706
secD.aln,0.0005514076292431823
secE.aln,0.0
secF.aln,0.00205926923266744
secG.aln,0.0
secM.aln,0.0029785858543939754
secY.aln,0.0
selA.aln,0.011168088646280652
selB.aln,0.005161588516409105
selD.aln,0.0014379379986729536
selO.aln,0.0031210130366207144
selU.aln,0.007473464422830851
seqA.aln,0.0
serA.aln,0.002435048289723542
serB.aln,0.00205926923266744
serC.aln,0.0022975317885132593
serS.aln,0.0023220530094579485
setA.aln,0.0012668415785776909
setB.aln,0.0008467046083556479
sfaF.aln,0.0003830098917245984
sfsA.aln,0.0020937339896995306
sgrR_1.aln,0.001470906594762457
sgrR_2.aln,0.004532630647990832
shiA_1.aln,0.00341183470594219
shiA_2.aln,0.0025885394294193525
silA_1.aln,0.010166906382998104
siwR.aln,0.028758759973459072
sixA.aln,0.0012930295181865319
skp.aln,0.00308890384900116
slmA.aln,0.0
slp.aln,0.003439191914351807
slt.aln,0.005680522867822567
slyA_1.aln,0.0011503503989383629
slyA_2.aln,0.00231667788675087
slyA_3.aln,0.0021522684883362917
slyB.aln,0.003207707843193512
slyX.aln,0.0022849425732337347
smc_1.aln,0.05901690532356461
smdA.aln,0.0028223486945188263
smdB.aln,0.0014064149059533106
smf1.aln,0.0
smg.aln,0.003167103946444227
smoE_1.aln,0.00044361916980335803
smoE_2.aln,0.003564119825770569
smpB.aln,0.004144119449591618
smrA.aln,0.0008872383396067161
smrB.aln,0.001813052259196333
smvA.aln,0.002668812925537002
sodA.aln,0.000805801004087259
sodB.aln,0.006878383828703614
sodC.aln,0.0019172506648972715
sohB.aln,0.0032343646950760067
solA.aln,0.001341561457206938
sopB.aln,0.0102963461633372
sorA.aln,0.0
sorB_1.aln,0.0
sorB_2.aln,0.0
sorB_3.aln,0.0
sorC_2.aln,0.0031571130822598604
sorC_3.aln,0.0020177517078152738
sorC_4.aln,0.0015735925268496474
sorF.aln,0.023303054037317573
sorM.aln,0.0006065483921675005
sotB_1.aln,0.0020850100980757827
sotB_2.aln,0.004930073138307269
sotB_3.aln,0.0028829769257344155
speA.aln,0.0025311199976640764
speB.aln,0.001629975320971296
speC.aln,0.004210960085875353
speD.aln,0.0006294370107398589
speE.aln,0.001743562451352571
speG.aln,0.0
spoT.aln,0.0037748414788359294
sppA.aln,0.0021592337585250826
sprT.aln,0.0032706040754129926
spy.aln,0.0010360298623979046
sqwG.aln,0.0029574611320223867
sqwH.aln,0.0015117897992090268
sra.aln,0.0
srkA.aln,0.0015209800107543704
srlA.aln,0.0017744766792134321
srlB_1.aln,0.0013785190731079556
srlD.aln,0.0006415415686387023
srlE.aln,0.0010201884271930435
srlR_1.aln,0.0006465147590932659
srlR_2.aln,0.0017871515126363852
srlR_3.aln,0.0025860590363730638
srlR_4.aln,0.004997777014114236
srlR_5.aln,0.0
srmB.aln,0.0011270324854463691
ssb1.aln,0.0009531474734060722
sseA.aln,0.0
sspA.aln,0.0007831023842538151
sspB.aln,0.001010913986945834
sstT.aln,0.002004817401995945
ssuA_1.aln,0.0010624255276819275
ssuA_2.aln,0.0036374007941508985
ssuA_3.aln,0.006235544218544397
ssuB_1.aln,0.0051721180727461276
ssuB_2.aln,0.002745692310223253
ssuB_3.aln,0.0025860590363730638
ssuC_1.aln,0.0012636424836822925
ssuC_2.aln,0.0030217537653272216
ssuD.aln,0.002619907976639727
ssuE.aln,0.0008687542075315761
steT.aln,0.003002414541229127
sthA.aln,0.0003571751774005624
stp.aln,0.007507668454910843
stpA.aln,0.0
sucA.aln,0.003029501851904983
sucB.aln,0.0008156518721078857
sucC.aln,0.0012863815515120512
sucD.aln,0.0005751751994691814
sufA.aln,0.0026476318705724224
sufB.aln,0.0030266275617229104
sufC.aln,0.004019296574603919
sufD.aln,0.002354834934297355
sufE.aln,0.0012000058118421771
sufS.aln,0.002049149973538853
suhB_1.aln,0.001244782148104945
suhB_2.aln,0.0037066846188013917
suhB_3.aln,0.001970088281646409
sul2.aln,0.0
sulA.aln,0.0
surA.aln,0.0019440653595112194
surE.aln,0.004596872657174954
sutR_1.aln,0.0
sutR_2.aln,0.0009114798242954242
sxy.aln,0.0016763900286036445
syd.aln,0.0
symE.aln,0.0
syrM1.aln,0.020918913195215775
tabA.aln,0.0022092822231266573
tacA3.aln,0.0
tacT3.aln,0.0018741663802928385
tadA.aln,0.0009811812226238979
tag.aln,0.0017195959571759034
tagG.aln,0.1600890949792675
tagK.aln,0.0005468878945772545
talB_1.aln,0.003660205814803882
talB_3.aln,0.0
tam.aln,0.005253568751057091
tamA.aln,0.003174409837900846
tamB.aln,0.003444655285145058
tapT.aln,0.0007158832954766636
tas.aln,0.001442081912213798
tatA.aln,0.0
tatB.aln,0.0009318480885254896
tatC.aln,0.0
tatD.aln,0.0037909274510468777
tatE.aln,0.0
tauA.aln,0.002078514739514799
tauB.aln,0.0019546969669460464
tauD.aln,0.005285941093713252
tauR.aln,0.0037598542752186248
tcdA.aln,0.00547885865187797
tcyJ_2.aln,0.005827102457504371
tcyJ_3.aln,0.017826040533166998
tcyJ_4.aln,0.005285941093713252
tcyL_1.aln,0.00299194274163341
tcyL_2.aln,0.028448938899642708
tcyL_3.aln,0.0031177721092721985
tcyN.aln,0.003322725255897662
tcyP.aln,0.002875875997345907
tdcB.aln,0.0030327419608375023
tdcC.aln,0.002629742466041528
tdcD.aln,0.0028972845035296238
tdcE.aln,0.006270156326998278
tdcF.aln,0.0
tdh.aln,0.00048772166036860413
tdk.aln,0.0018954637255234389
tehA_1.aln,0.001991651436967912
tehB.aln,0.03289869519308919
tenA_1.aln,0.012222472988720104
tenA_2.aln,0.012413083374590708
tesA.aln,0.11526444115532455
tesB.aln,0.001158338943375435
tgt.aln,0.0
thiB.aln,0.0015256171449334996
thiC.aln,0.002111402630962818
thiD.aln,0.003748332760585677
thiE.aln,0.003933981317124118
thiF.aln,0.003971447805858634
thiG.aln,0.004543212665067854
thiH.aln,0.0013238159352862112
thiI.aln,0.0013813731498638726
thiK.aln,0.005439156777588999
thiL.aln,0.00463335577350174
thiM.aln,0.0051721180727461276
thiP.aln,0.0015530801475424824
thiQ.aln,0.0021384718954623413
thiS.aln,0.00248956429620989
thlA.aln,0.001680612673511966
thpA.aln,0.0016406636837317636
thpR.aln,0.005591088531152937
thrA.aln,0.00020316785364928456
thrB.aln,0.0
thrC.aln,0.00039063421041232466
thrP.aln,0.002166244257741073
thrS.aln,0.0005188205531759335
thyA.aln,0.0006294370107398589
tig.aln,0.000770442530466802
tilS.aln,0.0022849425732337347
tktA_2~~~tktA~~~tktA_1.aln,0.20906721997410038
tktB.aln,0.0030099393897033856
tldD.aln,0.0020763586038928957
tmaR.aln,0.0
tmcA.aln,0.002746719889680672
tmexD1.aln,0.001284318058487489
tmk.aln,0.0007794430273180496
tnpR.aln,0.02891568546388878
tolB.aln,0.001294521665959499
tolC.aln,0.016943870124894383
tolQ.aln,0.0014441628384940486
tolR.aln,0.0
tomB.aln,0.0
tonB.aln,0.0033902603220744435
topA_1.aln,0.0009215514245638819
topA_2.aln,0.0017334956935503045
topB_1.aln,0.001542072183476696
tpa.aln,0.0018699642135208813
tpiA.aln,0.0019546969669460464
tpx.aln,0.0019739740573498535
tqsA.aln,0.003384364217166488
treA.aln,0.002865993261959839
treB.aln,0.003173799726457851
treC.aln,0.002115227635729055
treF.aln,0.0018163427351658363
treR.aln,0.001055701315481409
treS.aln,0.003385256247798319
trhO.aln,0.0004698614305522891
trhP.aln,0.0029392212836310593
trkA.aln,0.0029072036225893266
trkH.aln,0.0013785190731079556
trmA.aln,0.002726988684131814
trmB.aln,0.0027800134641010436
trmD.aln,0.0
trmH.aln,0.005076546325749732
trmJ.aln,0.00204245887158444
trmL_1.aln,0.001055701315481409
trmL_2.aln,0.0
trmO.aln,0.0014135661681869713
trpA.aln,0.002471123079200928
trpB.aln,0.0029336825500563776
trpC.aln,0.0022092822231266573
trpE.aln,0.002561240811455856
trpGD.aln,0.0034488888840351296
trpR.aln,0.028811048627956273
trpS.aln,0.000497912859241978
trpS2.aln,0.005957171708787951
truA.aln,0.0012310022719266614
truB.aln,0.002118105496457938
truC.aln,0.0
truD.aln,0.0028594424202182164
trxA.aln,0.0
trxB.aln,0.0010048241436509796
trxC.aln,0.0011746535763807228
tsaB.aln,0.0
tsaC.aln,0.000873302658879909
tsaD.aln,0.003947948114699707
tsaE.aln,0.0
tsaR_1.aln,0.0028175812136159227
tsaR_2.aln,0.0015936382915228912
tsaR_3.aln,0.00550497715663573
tsf.aln,0.0
tsgA.aln,0.0021060708061371542
tssB1_1~~~tssB1.aln,0.0061024685797339984
tssC1_2~~~tssC1.aln,0.016116367543083095
tssF1_3.aln,0.004255122649134251
tssF1_4.aln,0.003421555032739746
tssK1_3.aln,0.0037315616967799245
tssK1_4.aln,0.0033509090861932223
tsx.aln,0.0016962794018243656
ttcA.aln,0.0021384718954623413
ttdT.aln,0.0010468669948497653
ttr.aln,0.0009423774454579809
ttuB_1.aln,0.0007812684208246493
ttuB_2.aln,0.0007479856854083525
ttuB_3.aln,0.005523205557816643
tufA~~~tufA_1.aln,0.13315173156750781
tusA.aln,0.0
tusB.aln,0.0017375084150631523
tusC.aln,0.0027800134641010436
tusD.aln,0.0
tusE.aln,0.0015163709804187511
tus_1.aln,0.002681685013602293
tyrA.aln,0.0026759487889742666
tyrB_1.aln,0.007089034333457661
tyrB_2~~~tyrB_3.aln,0.15446541091919905
tyrP.aln,0.0013133921877642727
tyrR.aln,0.0025961215228959165
tyrS.aln,0.0011774174671486774
uao.aln,0.0029964216978334603
ubiA.aln,0.007503150525947453
ubiB.aln,0.0012197499659675512
ubiC.aln,0.0
ubiD.aln,0.0016951301610372217
ubiE.aln,0.0013238159352862112
ubiF.aln,0.004255122649134251
ubiG.aln,0.002745692310223253
ubiH.aln,0.0025465772190238567
ubiI.aln,0.0029117348003053324
ubiJ.aln,0.0024772397204860784
ubiK.aln,0.0018329759103962926
ubiT.aln,0.0
ubiU.aln,0.002512060359127449
ubiV.aln,0.003415716201625856
ubiX.aln,0.0008778989886634875
udk.aln,0.0031177721092721985
udp.aln,0.005910264844939226
ufaA1.aln,0.01352438982535643
ugd.aln,0.008147083159576324
ugpA_1.aln,0.0011270324854463691
ugpA_2.aln,0.00515878787152771
ugpB_1.aln,0.0018997814105474102
ugpB_2.aln,0.009542380311559646
ugpC_1.aln,0.004672291536304275
ugpC_2.aln,0.02306163802058912
ugpE.aln,0.0059149222640447734
ugpQ.aln,0.004727148400495702
uhpA.aln,0.003369713289819447
uhpB.aln,0.003329357442037178
uhpC.aln,0.003012204204895036
uhpT.aln,0.002875875997345907
uidB.aln,0.007222303020138794
ulaA_1.aln,0.0023772086628892535
ulaA_2.aln,0.002516391497677669
ulaA_3.aln,0.0017858758870028118
ulaA_4.aln,0.002560538716935172
ulaB_1.aln,0.003748332760585677
ulaB_2.aln,0.0016353020377064963
ulaC_1.aln,0.009139770292934939
ulaC_2.aln,0.0010692359477311706
ulaC_3.aln,0.0011424712866168673
ulaD.aln,0.0007686673172629613
ulaE.aln,0.004096861947096275
ulaF.aln,0.0
ulaG.aln,0.0018794457222091564
ulaR.aln,0.0006619079676431056
umuC_2.aln,0.001185787733502815
umuD_2.aln,0.0
ung.aln,0.0029008836147141324
upp.aln,0.0023942699690822386
uppP.aln,0.001217524144861771
uppS.aln,0.0006440185631122109
uraA.aln,0.0011664392157067316
ureA.aln,0.003302986293981438
ureB.aln,0.0
ureC.aln,0.01926563572037695
ureD.aln,0.002426193568670002
ureE.aln,0.002098123369132863
ureF.aln,0.001407601753975212
ureG.aln,0.0008097126594469059
usg.aln,0.0019739740573498535
ushA.aln,0.0018163427351658363
uspA.aln,0.0
uspB.aln,0.0
uspC.aln,0.0
uspE.aln,0.0031571130822598604
uspF.aln,0.0011503503989383629
uspG_1.aln,0.00231667788675087
uspG_2.aln,0.0011664392157067316
uup_2.aln,0.0013113271057080395
uup_3.aln,0.000969772138639899
uvrA.aln,0.003010205661765461
uvrB.aln,0.0019798315471342746
uvrC.aln,0.0013649820609334094
uvrD.aln,0.0032388506377876236
uvrY.aln,0.0022849425732337347
uxaA.aln,0.0010088758539076369
uxaB.aln,0.004480186987600856
uxaC.aln,0.0003541418425606425
uxuA_1.aln,0.0
uxuA_2.aln,0.0021007658418899576
valS.aln,0.004555484247896668
vapC.aln,0.0
vdcD.aln,0.0
vdh.aln,0.001744778324749609
ves.aln,0.0018431028491277639
vgrG1~~~vgrG2b_5.aln,0.09388531452258449
vgrG2b_2~~~vgrG2b_6.aln,0.008624001414487477
viaA.aln,0.0013813731498638726
vldW_2.aln,0.014588991939888857
vsr.aln,0.010048241436509796
waaA.aln,0.0031397799123964727
waaC.aln,0.00566299038983546
waaF.aln,0.002943543667871693
waaG.aln,0.011977717584690668
waaQ.aln,0.0037170096455947104
walR.aln,0.0006979113298998436
wecA.aln,0.0009065261295981665
wecB.aln,0.002303878561409705
wecC.aln,0.0035658129943338802
wecD.aln,0.0
wecE.aln,0.0013273273833904187
wecF.aln,0.005575514468392066
wecG.aln,0.008103682972278346
wecH.aln,0.002512060359127449
wza.aln,0.0869305797504612
wzxE.aln,0.0036000174355265316
wzyE.aln,0.002971952032891984
wzzE.aln,0.0004920377812568219
xanP_1.aln,0.001797422498341192
xanP_2.aln,0.0014504418073570662
xecA1.aln,0.001939544277279798
xerC_1~~~xerC_7~~~xerC_5.aln,0.07240443760376884
xerD.aln,0.0005578622335988717
xerD_2~~~xerC_7.aln,0.03070551052118599
xseA.aln,0.005032782995355338
xseB.aln,0.0
xthA.aln,0.00186023205776278
xylA_1.aln,0.0015129324974699557
xylA_2.aln,0.00682366941188438
xylB_1.aln,0.0027513535314814454
xylB_3~~~xylB_2.aln,0.16598056493055618
xylB_4.aln,0.002757038146215911
xylB_5.aln,0.001661362627948831
xylC.aln,0.003415716201625856
xylE.aln,0.0017411357812741402
xylF.aln,0.0020096482873019593
xylG_1.aln,0.0006490303807239791
xylG_2.aln,0.007743170963840431
xylH.aln,0.00042335230417782393
xylP.aln,0.0010854716345730757
xylR.aln,0.0025465772190238567
xynB.aln,0.007744323221424335
yaaA.aln,0.0025860590363730638
yabI_1.aln,0.0009988072326111534
yabI_2.aln,0.0019546969669460464
yacG.aln,0.0
yadG.aln,0.0016194253188938118
yadH.aln,0.005459734501428045
yadV_1.aln,0.0
yadV_2.aln,0.0021569069980094304
yaeQ.aln,0.0045824397759907315
yafJ.aln,0.0013031313112973643
yafK.aln,0.0013506138287130577
yafP_1.aln,0.005415610644352683
yafP_2.aln,0.005523205557816643
yafV.aln,0.0012980607614479583
yagG_1.aln,0.001280620405727928
yagG_2.aln,0.0
yahK.aln,0.008101753523951613
yaiA.aln,0.0
yaiY.aln,0.004954479440972157
yajC.aln,0.0015027099805951588
yajI.aln,0.0009266711547003479
yajL.aln,0.0008424283224548617
yajO_1.aln,0.00441531550180754
yajO_2.aln,0.008618886727608098
yajO_3.aln,0.001928333038682805
yajO_4.aln,0.012064209372513963
yajO_5.aln,0.004105866039287695
yajQ.aln,0.002034156193244666
yajR.aln,0.0010997855462377755
ybaB.aln,0.0015027099805951588
ybaK.aln,0.0020850100980757827
ybaL.aln,0.0011935657090952603
ybaN.aln,0.0
ybaY.aln,0.0
ybbJ.aln,0.002180402716941995
ybcJ.aln,0.0
ybdG_1.aln,0.0015923704806306694
ybdG_2.aln,0.005225085546985094
ybdK.aln,0.0026903356104203647
ybdL.aln,0.0060341377515371495
ybdM.aln,0.0023942699690822386
ybdO_1.aln,0.0010726740054409173
ybdO_2.aln,0.0039050356351921015
ybdZ.aln,0.007358859169679233
ybeM.aln,0.0038053416238645467
ybeY.aln,0.002111402630962818
ybeZ.aln,0.0023896963874794072
ybfE.aln,0.0
ybfF.aln,0.0
ybgC.aln,0.0
ybgI.aln,0.0026903356104203647
ybhA.aln,0.0024439678805283902
ybhC.aln,0.002728050595613174
ybhF_1~~~ybhF_2.aln,0.17319493897311014
ybhF_2.aln,0.005751751994691814
ybhK.aln,0.001656961667344993
ybhL.aln,0.0014195813433707457
ybhN.aln,0.002072059724795809
ybhQ.aln,0.003427413859850602
ybhR_1.aln,0.0
ybhR_2.aln,0.002712208257659555
ybhS.aln,0.15641163370645542
ybiB.aln,0.0030984670188123086
ybiI.aln,0.0018741663802928385
ybiO.aln,0.0025065695168124164
ybiR.aln,0.003147185053699295
ybiS.aln,0.001010913986945834
ybiT.aln,0.0018847548909159619
ybiU.aln,0.0027668380448399015
ybiV.aln,0.01717067139591821
ybiW.aln,0.0028794220836558283
ybjG.aln,0.002527284967364585
ybjI.aln,0.0
ybjJ.aln,0.003327696914634666
ybjM.aln,0.0026062626225947286
ybjN.aln,0.0
ybjO.aln,0.0010233178395463965
ybjP.aln,0.0
ycaC.aln,0.0007380566718852328
ycaD_1.aln,0.003753018176536409
ycaD_2.aln,0.0026130674858391013
ycaO.aln,0.0017049486321573692
ycaQ.aln,0.0024409874318935994
ycbB.aln,0.0062613459727868595
ycbX_1.aln,0.0018032519767141905
yccA.aln,0.0030327419608375023
yccF.aln,0.0011194685090339773
yccJ.aln,0.004389494943317437
yccS.aln,0.002342707975366048
yccU.aln,0.010878313555177998
yccX.aln,0.0035489533584268642
ycdX.aln,0.0013561041288297775
ycdY.aln,0.005285800389996793
ycdZ.aln,0.0
yceB.aln,0.0026759487889742666
yceD.aln,0.0
yceF.aln,0.001710777516369873
yceI.aln,0.0
yceM.aln,0.0016246831933058048
yceO.aln,0.004389494943317437
ycfH.aln,0.0025177480429594357
ycfS.aln,0.0026062626225947286
ycgJ.aln,0.0025961215228959165
ycgL.aln,0.0
ycgM.aln,0.0015163709804187511
ycgR.aln,0.0021293720150561187
ycgZ.aln,0.0
ychF.aln,0.0015327990055729233
ychN.aln,0.0
ychQ.aln,0.0025465772190238567
yciB.aln,0.0
yciE_1.aln,0.0
yciE_2.aln,0.0009869870286749267
yciF.aln,0.001010913986945834
yciH.aln,0.006121130563158261
yciI.aln,0.0016848566449097235
yciK.aln,0.0018741663802928385
yciN.aln,0.0
yciO.aln,0.004834806024523555
yciU.aln,0.0015163709804187511
ycjG.aln,0.0010360298623979046
ycjX.aln,0.0042952997728599816
ycnE.aln,0.0017195959571759034
ydbH.aln,0.003980473823599221
ydbM.aln,0.0017375084150631523
ydcF.aln,0.03311027271850681
ydcJ.aln,0.0011169696953977407
ydcO.aln,0.005574320056552221
ydcS.aln,0.000873302658879909
ydcU.aln,0.0010761342441681458
ydcV.aln,0.0024803094103503735
ydcY.aln,0.0021384718954623413
ydcZ.aln,0.00444802154256167
yddE.aln,0.00809826875752963
yddG.aln,0.0291166788950875
ydeP.aln,0.003262075772739165
ydfG.aln,0.001334406462768501
ydfK_1.aln,0.0007008437304456413
ydfK_2.aln,0.0027684781385238608
ydfO.aln,0.0025465772190238567
ydfZ.aln,0.0024529530565597446
ydgA.aln,0.002293920736586323
ydgC.aln,0.004467878781590963
ydgD.aln,0.0012310022719266614
ydgH.aln,0.0010523710274199535
ydgI.aln,0.0025327671473371763
ydgJ_1.aln,0.003845551765903461
ydgJ_2.aln,0.0
ydgK.aln,0.0
ydgT.aln,0.0
ydhF.aln,0.0005578622335988717
ydhP_1.aln,0.0012863815515120512
ydhP_2.aln,0.01932704574538761
ydiB_1.aln,0.004782818862969537
ydiB_2.aln,0.004870096579447084
ydiJ.aln,0.003764885751186889
ydiK.aln,0.00359678291851348
ydiM.aln,0.00205926923266744
ydjA.aln,0.0027195783887944995
ydjF.aln,0.002111402630962818
ydjH.aln,0.0005312127638409638
ydjM.aln,0.0
ydjZ.aln,0.004222805261925636
yeaD.aln,0.0011308529345495772
yeaE.aln,0.0046821279395386
yeaG.aln,0.0023274531327357574
yeaR_1.aln,0.0030054199611903175
yeaR_2.aln,0.0029008836147141324
yeaW.aln,0.000889604308512334
yeaX_1.aln,0.010328223396041029
yeaX_2.aln,0.004144119449591618
yebC.aln,0.0020259207430695864
yebE.aln,0.002274556470628127
yebV.aln,0.0020850100980757827
yebY.aln,0.0
yebZ.aln,0.00402622639628427
yecD.aln,0.0
yecM.aln,0.0
yecN.aln,0.0
yedA.aln,0.0032921212074880782
yedE.aln,0.0016555911448740707
yedF.aln,0.0021384718954623413
yedI.aln,0.0021947474716587185
yedJ.aln,0.0014135661681869713
yedK.aln,0.0066720323138425046
yedS.aln,0.020882055404156812
yeeA.aln,0.00283514120984809
yeeO.aln,0.004178725875057936
yeeZ.aln,0.0030327419608375023
yegS.aln,0.0039050356351921015
yegT.aln,0.000805801004087259
yehW.aln,0.0013561041288297775
yehX.aln,0.0026392532887035227
yehY.aln,0.00907465534913812
yehZ.aln,0.0010902013584709975
yeiE.aln,0.001154330850145762
yeiG.aln,0.0036000174355265316
yeiP.aln,0.000873302658879909
yeiR.aln,0.0015349767593195948
yejA.aln,0.002216622031176912
yejB.aln,0.004112896631820722
yejE.aln,0.003901773282948833
yejF.aln,0.00597965160202866
yejG.aln,0.0014504418073570662
yejK.aln,0.0009928619514646584
yejM.aln,0.0022732648428764922
yesO.aln,0.0015552522876089755
yesR.aln,0.0
yfbR_1.aln,0.0041700201961515655
yfcA.aln,0.001235561539600464
yfcD.aln,0.001813052259196333
yfcE.aln,0.001813052259196333
yfcF.aln,0.0015662047685076302
yfcG.aln,0.0007942895611717268
yfcJ_1.aln,0.001276536794740275
yfcJ_2.aln,0.0029336825500563776
yfdC.aln,0.0010761342441681458
yfdX.aln,0.0009127247140458036
yfeO.aln,0.004048563297234529
yfeX.aln,0.0011120053856404175
yfeY.aln,0.0
yfeZ.aln,0.0
yffB.aln,0.0014135661681869713
yfgD.aln,0.0
yfgG.aln,0.0
yfgJ.aln,0.009139770292934939
yfgM.aln,0.001611602008174518
yfhL.aln,0.003834501329794543
yfhM.aln,0.006520736193435488
yfiB.aln,0.0010360298623979046
yfiC.aln,0.0006780520644148887
yfiF.aln,0.002303878561409705
yfiH.aln,0.0034180493411078406
yfiR.aln,0.0019623624452477957
yfiZ.aln,0.005096287064146586
yfkN.aln,0.010605831712755425
ygaM.aln,0.0
ygaP.aln,0.01291642494464435
ygaV.aln,0.005004024235381879
ygaZ_1.aln,0.0006698827624339864
ygaZ_2.aln,0.0027012276574261153
ygbE.aln,0.0
ygcS.aln,0.000351900438493803
ygdG.aln,0.003309539838215528
ygdR_1.aln,0.0
ygdR_2.aln,0.002166244257741073
ygdR_3.aln,0.0
ygdR_4.aln,0.0021384718954623413
ygeA.aln,0.0007008437304456413
ygfA.aln,0.0016763900286036445
ygfF.aln,0.006053255123445821
ygfX.aln,0.001217524144861771
ygfZ.aln,0.005085390483111666
yggP.aln,0.0
yggR.aln,0.005100942135965218
yggS.aln,0.003564119825770569
yggX.aln,0.0
yghA_2.aln,0.0027344394728862726
yghB.aln,0.0
yghU.aln,0.0034629925504372863
ygiC.aln,0.0025860590363730638
ygiD.aln,0.0031591062092057314
ygiF.aln,0.003466991387100609
ygiN.aln,0.0015885791223434536
ygiW_1.aln,0.002527284967364585
ygiW_2.aln,0.002471123079200928
ygjP.aln,0.001997614465222307
ygjV.aln,0.0018032519767141905
yhaH.aln,0.00542441651531911
yhaI.aln,0.03418049341107841
yhaJ_1.aln,0.02733524944634471
yhaJ_2.aln,0.00617780769800232
yhaJ_3.aln,0.002216622031176912
yhaK.aln,0.0021384718954623413
yhbE.aln,0.002590074655994761
yhbO.aln,0.001863696177050979
yhbY.aln,0.0015027099805951588
yhcO.aln,0.001813052259196333
yhdE.aln,0.0011563774347238085
yhdP_2~~~yhdP_1~~~yhdP.aln,0.1508020671267511
yhdT.aln,0.0
yheS_1.aln,0.0021014275004228363
yheS_2.aln,0.006415415686387023
yhfA.aln,0.001235561539600464
yhfG.aln,0.0
yhgF.aln,0.0027907471068195806
yhhA.aln,0.0015588860546360992
yhhJ.aln,0.002668812925537002
yhhQ.aln,0.0007513549902975794
yhhS_1.aln,0.0024589799682466235
yhhS_2.aln,0.003369713289819447
yhhT_1.aln,0.0023828686835151804
yhhT_2.aln,0.0014135661681869713
yhhW.aln,0.00312387778394227
yhhX.aln,0.0024104162983535063
yhjD.aln,0.001939544277279798
yhjE.aln,0.0022693987462049335
yhjJ.aln,0.0006658714884074357
yhjR.aln,0.0
yhjX.aln,0.0008298547654032966
yiaA.aln,0.0004343961976880162
yiaB.aln,0.0013451678052101824
yiaC.aln,0.0011346993731024668
yiaD.aln,0.0
yiaW_1.aln,0.0
yiaW_2.aln,0.0
yibF.aln,0.022185329122382715
yibH_1.aln,0.009682368793175137
yibH_2.aln,0.005691366146978515
yibH_3.aln,0.004685415950732096
yibL.aln,0.004135557219323867
yibN.aln,0.0
yicC.aln,0.001158338943375435
yicI.aln,0.0023736208102285755
yicJ_1.aln,0.0017935570736135765
yicJ_2.aln,0.001057933242152617
yicJ_3.aln,0.0021339122538941912
yicL.aln,0.0027707775389711397
yidA.aln,0.0012310022719266614
yidC.aln,0.0015191330404923735
yidG.aln,0.0
yidH.aln,0.002875875997345907
yidZ.aln,0.0010425050490378914
yieH.aln,0.0022540649708927382
yigB.aln,0.005583290639198749
yigI.aln,0.0010761342441681458
yigL.aln,0.001249444253528559
yigZ.aln,0.0016273249545957328
yihD.aln,0.0
yihG.aln,0.0011120053856404175
yihI.aln,0.0
yihV.aln,0.0015588860546360992
yihX.aln,0.0
yiiM.aln,0.0014826738475205567
yijD.aln,0.0
yijE.aln,0.0026063015458309626
yjaB.aln,0.0010831221288705366
yjbR.aln,0.002803374921782565
yjdJ.aln,0.0
yjeH.aln,0.0024000116236843542
yjeM.aln,0.0026634859536297426
yjfF.aln,0.003109070898705144
yjgH.aln,0.0012830831372774047
yjhP.aln,0.004670422619689753
yjiA.aln,0.0020915461798879324
yjiE_1.aln,0.003358405527101932
yjjB.aln,0.002111402630962818
yjjG.aln,0.00811862339073756
yjjP.aln,0.0019320556893366327
yjjQ.aln,0.0006921195346309652
yjjV.aln,0.0025177480429594357
yjjX.aln,0.03394202485239647
ykfA.aln,0.05454354658328672
ykgO.aln,0.0
ykwC.aln,0.003998649503159035
ylaC.aln,0.0031872765830457824
yliI.aln,0.0018032519767141905
ymdB.aln,0.0018954637255234389
ynbE.aln,0.0
yncE_1.aln,0.0023559436136449522
yncE_2.aln,0.0004620520992965724
ynfD.aln,0.0018533423094006958
ynfE_2~~~ynfE.aln,0.013100872182052215
ynfM.aln,0.004000019372807257
ynhG.aln,0.004055946695344988
ynjB.aln,0.0025465772190238567
ynjC.aln,0.0028863195303040156
ynjE.aln,0.0030605652815791306
ynjF.aln,0.003207707843193512
yoaA.aln,0.005237074029703693
yoaD.aln,0.0034040981193074003
yoaK.aln,0.0
yobA.aln,0.004003219388305503
yofA.aln,0.0011270324854463691
yohC.aln,0.0
yohD.aln,0.0026336969659904626
yohK_1.aln,0.0027629480085020713
yojI.aln,0.0018262862172926564
ypdA.aln,0.0014735053696648642
ypdB.aln,0.0
ypeA.aln,0.003523960729142168
yphA.aln,0.0021384718954623413
yphB.aln,0.039352131094714714
ypjD.aln,0.0018954637255234389
yqaA.aln,0.0
yqaB.aln,0.0017650879137149484
yqcA.aln,0.0022540649708927382
yqcC.aln,0.0
yqeG.aln,0.0012204937159467997
yqfB.aln,0.003207707843193512
yqgF.aln,0.0024000116236843542
yqhC_1.aln,0.05821949051170252
yqhD.aln,0.002579393935763855
yqjA.aln,0.0
yqjC.aln,0.0013561041288297775
yqjD.aln,0.0
yqjE.aln,0.0025082828247528213
yqjF.aln,0.0
yqjG.aln,0.004055946695344988
yqjH.aln,0.0
yqjI.aln,0.0045081299417854765
yraA.aln,0.030184535256665607
yraI.aln,0.005751751994691814
yrbG.aln,0.0
yrdA.aln,0.0063113819184996665
yrfG.aln,0.0
ytbE.aln,0.0011503503989383629
ytfE.aln,0.004528528719802605
ytfF.aln,0.00308890384900116
ytfJ.aln,0.004483892684033941
ytfP.aln,0.0
ytfQ.aln,0.0015686596349159495
ytfR.aln,0.004994036163055767
ytfT.aln,0.0014631649811058126
ytjB.aln,0.00077222596225029
yurK.aln,0.002757038146215911
yusV.aln,0.0018262862172926564
ywrO.aln,0.0026759487889742666
yybH.aln,0.002527284967364585
yycB.aln,0.002926329962211625
yycE.aln,0.011829844528089547
yycR.aln,0.0025145850429054667
zapA.aln,0.0
zapB.aln,0.0020850100980757827
zapC.aln,0.0009215514245638819
zapD.aln,0.0013451678052101824
zapE_1.aln,0.0026617150188201484
zapE_2.aln,0.0009423774454579809
zapG.aln,0.0
zinT.aln,0.0030746692690518454
zipA.aln,0.0009423774454579809
zitB.aln,0.0
zntA.aln,0.00248956429620989
zntB.aln,0.007993230579620038
zntR.aln,0.003523960729142168
znuA.aln,0.0015885791223434536
znuB.aln,0.003819865828535785
znuC.aln,0.0013290901023590648
zraP.aln,0.0011424712866168673
zraR.aln,0.008264904893273372
zraS.aln,0.0003587114147227153
zupT.aln,0.0012980607614479583
zur.aln,0.001939544277279798
zwf.aln,0.001017078096622333
