Gene,Non-unique Gene name,Annotation,KP1766,KP1768,NJST258_1,NR5632,SRR7345603
fabF_1,fabF_1,3-oxoacyl-[acyl-carrier-protein] synthase 2,MFCJNMFM_02567,JIEPOILB_02693,MHMAIFBA_02513,KGLDIDPM_02569,CFOCILDN_00507
elfC,elfC,putative outer membrane usher protein ElfC,MFCJNMFM_04505,JIEPOILB_04509,MHMAIFBA_04696,KGLDIDPM_04509,CFOCILDN_03041
fimC_2,fimC_2,Chaperone protein FimC,MFCJNMFM_04506,JIEPOILB_04510,MHMAIFBA_04695,KGLDIDPM_04510,CFOCILDN_03040
group_2040,,hypothetical protein,MFCJNMFM_02945,JIEPOILB_02315,MHMAIFBA_02846,KGLDIDPM_02947,CFOCILDN_00129
group_2037,,hypothetical protein,MFCJNMFM_04507,JIEPOILB_04511,MHMAIFBA_04694,KGLDIDPM_04511,CFOCILDN_03039
group_2036,,putative protein;Oxaloacetate decarboxylase;hypothetical protein,MFCJNMFM_00166,JIEPOILB_00166,MHMAIFBA_00118,KGLDIDPM_00165,CFOCILDN_04331
rfbP,rfbP,Undecaprenyl-phosphate galactose phosphotransferase,MFCJNMFM_01782,JIEPOILB_01781,MHMAIFBA_01747,KGLDIDPM_01778,CFOCILDN_03352
group_2034,,hypothetical protein,MFCJNMFM_02568,JIEPOILB_02692,MHMAIFBA_02516,KGLDIDPM_02570,CFOCILDN_00506
group_2032,,Putative tyrosine-protein kinase in cps region,MFCJNMFM_01781,JIEPOILB_01780,MHMAIFBA_01746,KGLDIDPM_01777,CFOCILDN_03351
group_2031,,hypothetical protein,MFCJNMFM_02561,JIEPOILB_02699,MHMAIFBA_02500,KGLDIDPM_02563,CFOCILDN_00513
asd_2,asd_2,Aspartate-semialdehyde dehydrogenase,MFCJNMFM_02569,JIEPOILB_02691,MHMAIFBA_02517,KGLDIDPM_02571,CFOCILDN_00505
group_2027,,hypothetical protein,MFCJNMFM_02940,JIEPOILB_02320,MHMAIFBA_02847;MHMAIFBA_02851,KGLDIDPM_02942,CFOCILDN_00134
wza,wza,Putative polysaccharide export protein Wza,MFCJNMFM_01780,JIEPOILB_01779,MHMAIFBA_01745,KGLDIDPM_01776,CFOCILDN_03350
group_2026,,hypothetical protein,MFCJNMFM_02566,JIEPOILB_02694,MHMAIFBA_02509,KGLDIDPM_02568,CFOCILDN_00508
group_2025,,hypothetical protein,MFCJNMFM_02946,JIEPOILB_02314,MHMAIFBA_02852,KGLDIDPM_02948,CFOCILDN_00128
group_2024,,hypothetical protein,MFCJNMFM_02573,JIEPOILB_02687,MHMAIFBA_02521,KGLDIDPM_02575,CFOCILDN_00501
group_2022,,hypothetical protein,MFCJNMFM_02615,JIEPOILB_02645,MHMAIFBA_02548,KGLDIDPM_02617,CFOCILDN_00459
nimR_2,nimR_2,HTH-type transcriptional regulator NimR,MFCJNMFM_02560,JIEPOILB_02700,MHMAIFBA_02499,KGLDIDPM_02562,CFOCILDN_00514
can_2,can_2,Carbonic anhydrase 2,MFCJNMFM_04657,JIEPOILB_04661,MHMAIFBA_04547,KGLDIDPM_04661,CFOCILDN_02892
group_2021,,hypothetical protein,MFCJNMFM_02694;MFCJNMFM_02695,JIEPOILB_02565;JIEPOILB_02566,MHMAIFBA_02628,KGLDIDPM_02696;KGLDIDPM_02697,CFOCILDN_00379;CFOCILDN_00378
group_2020,,hypothetical protein,MFCJNMFM_04482,JIEPOILB_04486,MHMAIFBA_04519,KGLDIDPM_04486,CFOCILDN_04905
mutS_2~~~mutS_1~~~mutS,mutS_2;mutS_1;mutS,DNA mismatch repair protein MutS,MFCJNMFM_01085,JIEPOILB_01085,MHMAIFBA_01083;MHMAIFBA_01084,KGLDIDPM_01084,CFOCILDN_01362
group_2017,,hypothetical protein,MFCJNMFM_02936,JIEPOILB_02324,MHMAIFBA_02842,KGLDIDPM_02938,CFOCILDN_00138
oadA_2~~~oadA,oadA_2;oadA,Oxaloacetate decarboxylase alpha chain,MFCJNMFM_04298,JIEPOILB_04302,MHMAIFBA_04349,KGLDIDPM_04302,CFOCILDN_01099
vgrG1~~~vgrG2b_5,vgrG1;vgrG2b_5,Actin cross-linking toxin VgrG1;Type VI secretion system spike protein VgrG2b,MFCJNMFM_02082,JIEPOILB_03179,MHMAIFBA_02017,KGLDIDPM_02085,CFOCILDN_02383
pdeG,;pdeG,hypothetical protein;putative cyclic di-GMP phosphodiesterase PdeG,MFCJNMFM_03273,JIEPOILB_01987,MHMAIFBA_03240;MHMAIFBA_03239,KGLDIDPM_03277,CFOCILDN_03476
feoB,feoB,Fe(2+) transporter FeoB,MFCJNMFM_00381,JIEPOILB_00381,MHMAIFBA_00332,KGLDIDPM_00380,CFOCILDN_04475
group_2010,,hypothetical protein,MFCJNMFM_02405,JIEPOILB_02856,MHMAIFBA_02354,KGLDIDPM_02407,CFOCILDN_00668
nlhH,nlhH,Carboxylesterase NlhH,MFCJNMFM_05038,JIEPOILB_05041,MHMAIFBA_04996,KGLDIDPM_05041,CFOCILDN_03883
group_2007,,hypothetical protein,MFCJNMFM_02939,JIEPOILB_02321,MHMAIFBA_02845,KGLDIDPM_02941,CFOCILDN_00135
group_2006,,hypothetical protein,MFCJNMFM_03399,JIEPOILB_03403,MHMAIFBA_03360,KGLDIDPM_03403,CFOCILDN_02043
group_2004,,hypothetical protein,MFCJNMFM_03677,JIEPOILB_03681,MHMAIFBA_03666,KGLDIDPM_03681,CFOCILDN_03616
lamB_3~~~lamB_1,lamB_3;lamB_1,Maltoporin,MFCJNMFM_00050,JIEPOILB_00050,MHMAIFBA_00051,KGLDIDPM_00050,CFOCILDN_03808
ramR_2~~~ramR_1~~~ramR,ramR_2;ramR_1;ramR,Transcriptional regulator RamR,MFCJNMFM_03737,JIEPOILB_03741,MHMAIFBA_03729;MHMAIFBA_03728,KGLDIDPM_03741,CFOCILDN_03676
tufA~~~tufA_1,tufA;tufA_1,Elongation factor Tu 1,MFCJNMFM_04863,JIEPOILB_04866,MHMAIFBA_04824,KGLDIDPM_04866,CFOCILDN_04760
atzE,atzE,1-carboxybiuret hydrolase subunit AtzE,MFCJNMFM_02572,JIEPOILB_02688,MHMAIFBA_02520,KGLDIDPM_02574,CFOCILDN_00502
phnO,phnO,Aminoalkylphosphonate N-acetyltransferase,MFCJNMFM_02570,JIEPOILB_02690,MHMAIFBA_02518,KGLDIDPM_02572,CFOCILDN_00504
group_2000,,hypothetical protein,MFCJNMFM_00700,JIEPOILB_00701,MHMAIFBA_00651,KGLDIDPM_00700,CFOCILDN_01741
group_1999,,hypothetical protein,MFCJNMFM_02941,JIEPOILB_02319,MHMAIFBA_02850;MHMAIFBA_02848,KGLDIDPM_02943,CFOCILDN_00133
rimI_2,rimI_2,[Ribosomal protein bS18]-alanine N-acetyltransferase,MFCJNMFM_04385,JIEPOILB_04389,MHMAIFBA_04440,KGLDIDPM_04389,CFOCILDN_01014
ccmH,;ccmH,hypothetical protein;Cytochrome c-type biogenesis protein CcmH,MFCJNMFM_02266,JIEPOILB_02995,MHMAIFBA_02219,KGLDIDPM_02269,CFOCILDN_00803
group_1998,,hypothetical protein,MFCJNMFM_04317,JIEPOILB_04321,MHMAIFBA_04368,KGLDIDPM_04321,CFOCILDN_01080
group_1997,,hypothetical protein,MFCJNMFM_01968,JIEPOILB_03292,MHMAIFBA_01904,KGLDIDPM_01971,CFOCILDN_02270
rcnA,rcnA,Nickel/cobalt efflux system RcnA,MFCJNMFM_03881,JIEPOILB_03885,MHMAIFBA_03947,KGLDIDPM_03885,CFOCILDN_02538
group_1995,,hypothetical protein,MFCJNMFM_01779,JIEPOILB_01778,MHMAIFBA_01744,KGLDIDPM_01775,CFOCILDN_03349
alkA,alkA,DNA-3-methyladenine glycosylase 2,MFCJNMFM_01772,JIEPOILB_01771,MHMAIFBA_01737,KGLDIDPM_01768,CFOCILDN_03342
yjjX,yjjX,Inosine/xanthosine triphosphatase,MFCJNMFM_04336,JIEPOILB_04340,MHMAIFBA_04387,KGLDIDPM_04340,CFOCILDN_01061
group_1993,,hypothetical protein,MFCJNMFM_00615,JIEPOILB_00616,MHMAIFBA_00567,KGLDIDPM_00615,CFOCILDN_01826
marR,marR,Multiple antibiotic resistance protein MarR,MFCJNMFM_02726,JIEPOILB_02534,MHMAIFBA_02661,KGLDIDPM_02728,CFOCILDN_00348
basS,basS,Sensor protein BasS,MFCJNMFM_03476,JIEPOILB_03480,MHMAIFBA_03484,KGLDIDPM_03480,CFOCILDN_02163
tolC,tolC,Outer membrane protein TolC,MFCJNMFM_00731,JIEPOILB_00732,MHMAIFBA_00682,KGLDIDPM_00731,CFOCILDN_01711
cusC_2,cusC_2,Cation efflux system protein CusC,MFCJNMFM_04469,JIEPOILB_04473,MHMAIFBA_04506,KGLDIDPM_04473,CFOCILDN_04892
tenA_1,tenA_1,Aminopyrimidine aminohydrolase,MFCJNMFM_02548,JIEPOILB_02712,MHMAIFBA_02486,KGLDIDPM_02550,CFOCILDN_00526
nikE,nikE,Nickel import ATP-binding protein NikE,MFCJNMFM_00305,JIEPOILB_00305,MHMAIFBA_00257,KGLDIDPM_00304,CFOCILDN_02755
xerC_1~~~xerC_7~~~xerC_5,xerC_1;xerC_7;xerC_5,Tyrosine recombinase XerC,MFCJNMFM_00130,JIEPOILB_00129,MHMAIFBA_05268,KGLDIDPM_00129,CFOCILDN_04918
group_1991,,hypothetical protein,MFCJNMFM_02565,JIEPOILB_02695,MHMAIFBA_02508,KGLDIDPM_02567,CFOCILDN_00509
group_1990,,hypothetical protein,MFCJNMFM_02563,JIEPOILB_02697,MHMAIFBA_02506,KGLDIDPM_02565,CFOCILDN_00511
group_1989,,hypothetical protein,MFCJNMFM_02947,JIEPOILB_02313,MHMAIFBA_02853,KGLDIDPM_02949,CFOCILDN_00127
syrM1,syrM1,HTH-type transcriptional regulator SyrM 1,MFCJNMFM_04437,JIEPOILB_04441,MHMAIFBA_04486,KGLDIDPM_04441,CFOCILDN_00962
sorF,sorF,PTS system sorbose-specific EIIA component,MFCJNMFM_04813,JIEPOILB_04817,MHMAIFBA_04775,KGLDIDPM_04817,CFOCILDN_03594
hpxW,hpxW,Oxamate amidohydrolase proenzyme,MFCJNMFM_02574,JIEPOILB_02686,MHMAIFBA_02522,KGLDIDPM_02576,CFOCILDN_00500
pnoA,pnoA,Nitronate monooxygenase,MFCJNMFM_02692,JIEPOILB_02568,MHMAIFBA_02626,KGLDIDPM_02694,CFOCILDN_00381
tenA_2,tenA_2,Aminopyrimidine aminohydrolase,MFCJNMFM_02616,JIEPOILB_02644,MHMAIFBA_02549,KGLDIDPM_02618,CFOCILDN_00458
gstB_2,gstB_2,Glutathione S-transferase GST-6.0,MFCJNMFM_02445,JIEPOILB_02815,MHMAIFBA_02393,KGLDIDPM_02447,CFOCILDN_00629
siwR,siwR,Stress-involved WYL domain-containing regulator,MFCJNMFM_03942,JIEPOILB_03946,MHMAIFBA_04008,KGLDIDPM_03946,CFOCILDN_02599
group_1986,,hypothetical protein,MFCJNMFM_01596,JIEPOILB_01597,MHMAIFBA_01561,KGLDIDPM_01594,CFOCILDN_04138
yhaI,yhaI,Inner membrane protein YhaI,MFCJNMFM_04304,JIEPOILB_04308,MHMAIFBA_04355,KGLDIDPM_04308,CFOCILDN_01093
group_1985,,hypothetical protein,MFCJNMFM_02559,JIEPOILB_02701,MHMAIFBA_02498,KGLDIDPM_02561,CFOCILDN_00515
group_1984,,hypothetical protein,MFCJNMFM_02528,JIEPOILB_02732,MHMAIFBA_02466,KGLDIDPM_02530,CFOCILDN_00546
mhpA,mhpA,3-(3-hydroxy-phenyl)propionate/3-hydroxycinnamic acid hydroxylase,MFCJNMFM_02218,JIEPOILB_03043,MHMAIFBA_02171,KGLDIDPM_02221,CFOCILDN_00851
group_1983,,hypothetical protein,MFCJNMFM_04483,JIEPOILB_04487,MHMAIFBA_04520,KGLDIDPM_04487,CFOCILDN_04906
pknK,pknK,Serine/threonine-protein kinase PknK,MFCJNMFM_04043,JIEPOILB_04047,MHMAIFBA_04106,KGLDIDPM_04047,CFOCILDN_04066
tagG,;tagG,hypothetical protein;Teichoic acid translocation permease protein TagG,MFCJNMFM_01794,JIEPOILB_01793,MHMAIFBA_01763,KGLDIDPM_01790,CFOCILDN_04797
xerD_2~~~xerC_7,xerD_2;xerC_7,Tyrosine recombinase XerD;Tyrosine recombinase XerC,MFCJNMFM_05361,JIEPOILB_05361,MHMAIFBA_05146,KGLDIDPM_05360,CFOCILDN_04865
group_1982,,hypothetical protein,MFCJNMFM_03109,JIEPOILB_02151,MHMAIFBA_03087,KGLDIDPM_03113,CFOCILDN_04297
dauA_3~~~dauA_2,dauA_3;dauA_2,C4-dicarboxylic acid transporter DauA,MFCJNMFM_04656,JIEPOILB_04660,MHMAIFBA_04548,KGLDIDPM_04660,CFOCILDN_02893
lsrA,lsrA,Autoinducer 2 import ATP-binding protein LsrA,MFCJNMFM_00670,JIEPOILB_00671,MHMAIFBA_00621,KGLDIDPM_00670,CFOCILDN_01771
rsxC,rsxC,Ion-translocating oxidoreductase complex subunit C,MFCJNMFM_02371,JIEPOILB_02890,MHMAIFBA_02320,KGLDIDPM_02373,CFOCILDN_00702
group_1981,,hypothetical protein,MFCJNMFM_01155,JIEPOILB_01155,MHMAIFBA_01143,KGLDIDPM_01154,CFOCILDN_01293
group_1979,,Acetyltransferase,MFCJNMFM_00070,JIEPOILB_00070,MHMAIFBA_00071,KGLDIDPM_00070,CFOCILDN_04379
hxpB_1,hxpB_1,Hexitol phosphatase B,MFCJNMFM_01751,JIEPOILB_01750,MHMAIFBA_01716,KGLDIDPM_01747,CFOCILDN_03321
yycE,yycE,putative protein YycE,MFCJNMFM_02696,JIEPOILB_02564,MHMAIFBA_02629,KGLDIDPM_02698,CFOCILDN_00377
phnX,phnX,Phosphonoacetaldehyde hydrolase,MFCJNMFM_00043,JIEPOILB_00043,MHMAIFBA_00043,KGLDIDPM_00043,CFOCILDN_03801
group_1977,,hypothetical protein,MFCJNMFM_04481,JIEPOILB_04485,MHMAIFBA_04518,KGLDIDPM_04485,CFOCILDN_04904
cusF_1,cusF_1,Cation efflux system protein CusF,MFCJNMFM_04470,JIEPOILB_04474,MHMAIFBA_04507,KGLDIDPM_04474,CFOCILDN_04893
gstB_4,gstB_4,Glutathione S-transferase GstB,MFCJNMFM_04055,JIEPOILB_04059,MHMAIFBA_04118,KGLDIDPM_04059,CFOCILDN_04054
group_1976,,hypothetical protein,MFCJNMFM_02591,JIEPOILB_02669,MHMAIFBA_02539,KGLDIDPM_02593,CFOCILDN_00483
ugpC_2,ugpC_2,sn-glycerol-3-phosphate import ATP-binding protein UgpC,MFCJNMFM_04651,JIEPOILB_04655,MHMAIFBA_04553,KGLDIDPM_04655,CFOCILDN_02898
lipL,lipL,Lipoyl-[GcvH]:protein N-lipoyltransferase,MFCJNMFM_01823,JIEPOILB_01829,MHMAIFBA_01799,KGLDIDPM_01826,CFOCILDN_02191
oadG~~~oadG_2,oadG;oadG_2,Oxaloacetate decarboxylase gamma chain,MFCJNMFM_04297,JIEPOILB_04301,MHMAIFBA_04348,KGLDIDPM_04301,CFOCILDN_01100
rsmB,rsmB,Ribosomal RNA small subunit methyltransferase B,MFCJNMFM_00471,JIEPOILB_00472,MHMAIFBA_00422,KGLDIDPM_00471,CFOCILDN_04830
glaR,glaR,HTH-type transcriptional repressor GlaR,MFCJNMFM_04063,JIEPOILB_04067,MHMAIFBA_04126,KGLDIDPM_04067,CFOCILDN_04046
ydcF,ydcF,Protein YdcF,MFCJNMFM_02855,JIEPOILB_02405,MHMAIFBA_02760,KGLDIDPM_02857,CFOCILDN_00219
lrhA_2,lrhA_2,putative HTH-type transcriptional regulator LrhA,MFCJNMFM_02542,JIEPOILB_02718,MHMAIFBA_02480,KGLDIDPM_02544,CFOCILDN_00532
group_1974,,hypothetical protein,MFCJNMFM_03765,JIEPOILB_03769,MHMAIFBA_03763,KGLDIDPM_03769,CFOCILDN_03703
group_1973,,hypothetical protein,MFCJNMFM_03800,JIEPOILB_03804,MHMAIFBA_03796,KGLDIDPM_03804,CFOCILDN_02456
yraA,;yraA,hypothetical protein;Putative cysteine protease YraA,MFCJNMFM_02957,JIEPOILB_02303,MHMAIFBA_02922,KGLDIDPM_02959,CFOCILDN_00117
crgA_2,crgA_2,HTH-type transcriptional regulator CrgA,MFCJNMFM_02308,JIEPOILB_02953,MHMAIFBA_02258,KGLDIDPM_02310,CFOCILDN_00765
group_1972,,hypothetical protein,MFCJNMFM_02967,JIEPOILB_02293,MHMAIFBA_02933,KGLDIDPM_02969,CFOCILDN_00107
group_1971,,hypothetical protein,MFCJNMFM_02087,JIEPOILB_03174,MHMAIFBA_02039,KGLDIDPM_02090,CFOCILDN_02388
group_1969,,hypothetical protein,MFCJNMFM_02529,JIEPOILB_02731,MHMAIFBA_02467,KGLDIDPM_02531,CFOCILDN_00545
ybiV,ybiV,Sugar phosphatase YbiV,MFCJNMFM_03424,JIEPOILB_03428,MHMAIFBA_03431,KGLDIDPM_03428,CFOCILDN_02111
ompC,ompC,Outer membrane porin C,MFCJNMFM_01655,JIEPOILB_01655,MHMAIFBA_01620,KGLDIDPM_01652,CFOCILDN_03226
group_1964,,hypothetical protein,MFCJNMFM_02267,JIEPOILB_02994,MHMAIFBA_02220,KGLDIDPM_02270,CFOCILDN_00802
pal_1~~~pal_3,;pal_1;pal_3,hypothetical protein;Peptidoglycan-associated lipoprotein,MFCJNMFM_02080,JIEPOILB_03181,MHMAIFBA_02015;MHMAIFBA_02014,KGLDIDPM_02083,CFOCILDN_02381
xylB_3~~~xylB_2,xylB_3;xylB_2,Xylulose kinase,MFCJNMFM_01748;MFCJNMFM_01749,JIEPOILB_01748,MHMAIFBA_01714,KGLDIDPM_01745,CFOCILDN_03319
group_1962,,hypothetical protein,MFCJNMFM_02935,JIEPOILB_02325,MHMAIFBA_02841;MHMAIFBA_02840,KGLDIDPM_02937,CFOCILDN_00139
bcsQ_1,bcsQ_1,Cellulose biosynthesis protein BcsQ,MFCJNMFM_00265,JIEPOILB_00265,MHMAIFBA_00217,KGLDIDPM_00264,CFOCILDN_02795
ynfE_2~~~ynfE,ynfE_2;ynfE,Putative dimethyl sulfoxide reductase chain YnfE,MFCJNMFM_02775,JIEPOILB_02485,MHMAIFBA_02679,KGLDIDPM_02777,CFOCILDN_00299
group_1959,,hypothetical protein,MFCJNMFM_04583,JIEPOILB_04587,MHMAIFBA_04620,KGLDIDPM_04587,CFOCILDN_02965;CFOCILDN_02964
group_1957,,hypothetical protein,MFCJNMFM_02937,JIEPOILB_02323,MHMAIFBA_02843,KGLDIDPM_02939,CFOCILDN_00137
gltA_2,gltA_2,Citrate synthase,MFCJNMFM_03815,JIEPOILB_03819,MHMAIFBA_03811,KGLDIDPM_03819,CFOCILDN_02471
pgrR_1,pgrR_1,HTH-type transcriptional regulator PgrR,MFCJNMFM_00861,JIEPOILB_00862,MHMAIFBA_00878,KGLDIDPM_00861,CFOCILDN_01580
ureC,ureC,Urease subunit alpha,MFCJNMFM_00712,JIEPOILB_00713,MHMAIFBA_00663,KGLDIDPM_00712,CFOCILDN_01730
group_1952,,ISNCY family transposase ISSen7;hypothetical protein,MFCJNMFM_01395;MFCJNMFM_01394,JIEPOILB_01396;JIEPOILB_01395,MHMAIFBA_01437,KGLDIDPM_01393;KGLDIDPM_01392,CFOCILDN_03124;CFOCILDN_03123
nfsB_1~~~nfsB~~~nfsB_2,nfsB_1;nfsB;nfsB_2,Oxygen-insensitive NAD(P)H nitroreductase,MFCJNMFM_03740;MFCJNMFM_03739,JIEPOILB_03744;JIEPOILB_03743,MHMAIFBA_03731,KGLDIDPM_03744;KGLDIDPM_03743,CFOCILDN_03678
group_1949,,hypothetical protein,MFCJNMFM_04802,JIEPOILB_04806,MHMAIFBA_04764;MHMAIFBA_04763,KGLDIDPM_04806,CFOCILDN_03583
group_1948,,hypothetical protein,MFCJNMFM_04600,JIEPOILB_04604,MHMAIFBA_04605,KGLDIDPM_04604,CFOCILDN_02949
sbnD_1~~~mdtG,sbnD_1;mdtG,Staphyloferrin B transporter;Multidrug resistance protein MdtG,MFCJNMFM_03214,JIEPOILB_02046,MHMAIFBA_03182;MHMAIFBA_03183,KGLDIDPM_03218,CFOCILDN_03417
fadJ_2~~~fadJ_1~~~fadJ,fadJ_2;fadJ_1;fadJ,Fatty acid oxidation complex subunit alpha,MFCJNMFM_01568,JIEPOILB_01569,MHMAIFBA_01532;MHMAIFBA_01533,KGLDIDPM_01566,CFOCILDN_04166
group_1947,,hypothetical protein,MFCJNMFM_00649,JIEPOILB_00650,MHMAIFBA_00600,KGLDIDPM_00649,CFOCILDN_01792
group_1945,,hypothetical protein,MFCJNMFM_03099,JIEPOILB_02161,MHMAIFBA_03077,KGLDIDPM_03103,CFOCILDN_04307
pulH,pulH,Type II secretion system protein H,MFCJNMFM_04173,JIEPOILB_04177,MHMAIFBA_04221,KGLDIDPM_04177,CFOCILDN_01224
fabY,fabY,putative acyltransferase FabY,MFCJNMFM_05039,JIEPOILB_05042,MHMAIFBA_04997,KGLDIDPM_05042,CFOCILDN_03884
eutL_2~~~eutL~~~eutL_1,eutL_2;eutL;eutL_1,Bacterial microcompartment shell protein EutL,MFCJNMFM_01431;MFCJNMFM_01432,JIEPOILB_01432;JIEPOILB_01433,MHMAIFBA_01473,KGLDIDPM_01429;KGLDIDPM_01430,CFOCILDN_03087
group_1942,,hypothetical protein,MFCJNMFM_03662,JIEPOILB_03666,MHMAIFBA_03502,KGLDIDPM_03666,CFOCILDN_04709
aroG,aroG,Phospho-2-dehydro-3-deoxyheptonate aldolase Phe-sensitive,MFCJNMFM_03631,JIEPOILB_03635,MHMAIFBA_03524,KGLDIDPM_03635,CFOCILDN_04678
gss_1~~~gss_2~~~gss,gss_1;gss_2;gss,Bifunctional glutathionylspermidine synthetase/amidase,MFCJNMFM_00762,JIEPOILB_00763,MHMAIFBA_00713;MHMAIFBA_00714,KGLDIDPM_00762,CFOCILDN_01680
tssB1_1~~~tssB1,tssB1_1;tssB1,Type VI secretion system sheath protein TssB1,MFCJNMFM_02956,JIEPOILB_02304,MHMAIFBA_02862,KGLDIDPM_02958,CFOCILDN_00118
yddG,;yddG,hypothetical protein;Aromatic amino acid exporter YddG,MFCJNMFM_02474,JIEPOILB_02786,MHMAIFBA_02418,KGLDIDPM_02476,CFOCILDN_00600
mcbA,mcbA,putative protein McbA,MFCJNMFM_03447,JIEPOILB_03451,MHMAIFBA_03454,KGLDIDPM_03451,CFOCILDN_02134
mepK,mepK,Peptidoglycan LD-endopeptidase MepK,MFCJNMFM_03325,JIEPOILB_03329,MHMAIFBA_03285,KGLDIDPM_03329,CFOCILDN_01970
group_1938,,hypothetical protein,MFCJNMFM_01768,JIEPOILB_01767,MHMAIFBA_01733,KGLDIDPM_01764,CFOCILDN_03338
tyrB_2~~~tyrB_3,tyrB_2;tyrB_3,Tyrosine aminotransferase,MFCJNMFM_04776,JIEPOILB_04780,MHMAIFBA_04739;MHMAIFBA_04738,KGLDIDPM_04780,CFOCILDN_03559
group_1937,,hypothetical protein,MFCJNMFM_02931,JIEPOILB_02329,MHMAIFBA_02836,KGLDIDPM_02933,CFOCILDN_00143
nhaB,nhaB,Na(+)/H(+) antiporter NhaB,MFCJNMFM_02040,JIEPOILB_03221,MHMAIFBA_01975,KGLDIDPM_02043,CFOCILDN_02341
graF,graF,Gamma-resorcylate decarboxylase,MFCJNMFM_04942,JIEPOILB_04945,MHMAIFBA_04902,KGLDIDPM_04945,CFOCILDN_04238
resA,resA,Thiol-disulfide oxidoreductase ResA,MFCJNMFM_00835,JIEPOILB_00836,MHMAIFBA_00852,KGLDIDPM_00835,CFOCILDN_01606
tktA_2~~~tktA~~~tktA_1,;tktA_2;tktA;tktA_1,hypothetical protein;Transketolase 1,MFCJNMFM_00815,JIEPOILB_00816,MHMAIFBA_00832,KGLDIDPM_00815,CFOCILDN_01626;CFOCILDN_01627
ecoRIIR,ecoRIIR,Type II restriction enzyme EcoRII,MFCJNMFM_00128,JIEPOILB_00127,MHMAIFBA_05266,KGLDIDPM_00127,CFOCILDN_04920
tesA,tesA;,Thioesterase 1/protease 1/lysophospholipase L1;hypothetical protein,MFCJNMFM_03832,JIEPOILB_03836,MHMAIFBA_03898,KGLDIDPM_03836,CFOCILDN_02489
group_1935,,hypothetical protein,MFCJNMFM_02280,JIEPOILB_02981,MHMAIFBA_02231,3_refound_4_pseudo,4_refound_19_pseudo
cbiG,cbiG,Cobalt-precorrin-5A hydrolase,MFCJNMFM_00980,JIEPOILB_00981,MHMAIFBA_00995,KGLDIDPM_00980,CFOCILDN_01464
hcpA_1,hcpA_1,Major exported protein,MFCJNMFM_01098,JIEPOILB_01098,MHMAIFBA_01086,KGLDIDPM_01097,CFOCILDN_01350
rhmD_1~~~rhmD_2~~~rhmD,rhmD_1;rhmD_2;rhmD,L-rhamnonate dehydratase,MFCJNMFM_01638,JIEPOILB_01639,MHMAIFBA_01603;MHMAIFBA_01604,KGLDIDPM_01636,CFOCILDN_04096
pduA,pduA,Bacterial microcompartment shell protein PduA,MFCJNMFM_00968,JIEPOILB_00969,MHMAIFBA_00985,KGLDIDPM_00968,CFOCILDN_01474
yedK,yedK,Abasic site processing protein YedK,MFCJNMFM_02761,JIEPOILB_02499,MHMAIFBA_02664,KGLDIDPM_02763,CFOCILDN_00313
yfhL,yfhL,Ferredoxin YfhL,MFCJNMFM_01324,JIEPOILB_01325,MHMAIFBA_01318,KGLDIDPM_01322,CFOCILDN_03194
argO,argO,Arginine exporter protein ArgO,MFCJNMFM_00820,JIEPOILB_00821,MHMAIFBA_00837,KGLDIDPM_00820,CFOCILDN_01621
smc_1,;smc_1,hypothetical protein;Chromosome partition protein Smc,MFCJNMFM_04201,JIEPOILB_04205,MHMAIFBA_04252,KGLDIDPM_04205,CFOCILDN_01196
phnV_1~~~phnV_2~~~phnV,phnV_1;phnV_2;phnV,Putative 2-aminoethylphosphonate transport system permease protein PhnV,MFCJNMFM_00049,JIEPOILB_00049,MHMAIFBA_00050;MHMAIFBA_00049,KGLDIDPM_00049,CFOCILDN_03807
aztC,aztC,High-affinity zinc uptake system protein AztC,MFCJNMFM_01158,JIEPOILB_01158,MHMAIFBA_01146,KGLDIDPM_01157,CFOCILDN_01290
mntB_4,mntB_4,Manganese transport system ATP-binding protein MntB,MFCJNMFM_01156,JIEPOILB_01156,MHMAIFBA_01144,KGLDIDPM_01155,CFOCILDN_01292
group_1934,,hypothetical protein,MFCJNMFM_02961,JIEPOILB_02299,MHMAIFBA_02927,KGLDIDPM_02963,CFOCILDN_00113
nfsA,nfsA,Oxygen-insensitive NADPH nitroreductase,MFCJNMFM_03398,JIEPOILB_03402,MHMAIFBA_03358,KGLDIDPM_03402,CFOCILDN_02042
ygaP,ygaP,Thiosulfate sulfurtransferase YgaP,MFCJNMFM_01196,JIEPOILB_01196,MHMAIFBA_01184,KGLDIDPM_01194,CFOCILDN_03930
moaA,moaA,GTP 3'8-cyclase,MFCJNMFM_03472,JIEPOILB_03476,MHMAIFBA_03480,KGLDIDPM_03476,CFOCILDN_02159
group_1933,,hypothetical protein,MFCJNMFM_00876,JIEPOILB_00877,MHMAIFBA_00892,KGLDIDPM_00876,CFOCILDN_01565
pcaR_1~~~xynR,pcaR_1;xynR,Pca regulon regulatory protein;HTH-type transcriptional regulator XynR,MFCJNMFM_00803,JIEPOILB_00804,MHMAIFBA_00820,KGLDIDPM_00803,CFOCILDN_01639
group_1932,,hypothetical protein,MFCJNMFM_02662,JIEPOILB_02598,MHMAIFBA_02596,KGLDIDPM_02664,CFOCILDN_00411
ribX_2,ribX_2,Riboflavin transport system permease protein RibX,MFCJNMFM_02546,JIEPOILB_02714,MHMAIFBA_02484,KGLDIDPM_02548,CFOCILDN_00528
ykfA,ykfA,putative murein peptide carboxypeptidase,MFCJNMFM_02272,JIEPOILB_02989,MHMAIFBA_02224,KGLDIDPM_02275,CFOCILDN_00799
group_1931,,hypothetical protein,MFCJNMFM_03025,JIEPOILB_02235,MHMAIFBA_02995,KGLDIDPM_03028,CFOCILDN_00049
group_1930,,hypothetical protein,MFCJNMFM_02240,JIEPOILB_03021,MHMAIFBA_02193,KGLDIDPM_02243,CFOCILDN_00829
ybhF_1~~~ybhF_2,ybhF_1;ybhF_2,putative multidrug ABC transporter ATP-binding protein YbhF,MFCJNMFM_00171,JIEPOILB_00171,MHMAIFBA_00122;MHMAIFBA_00123,KGLDIDPM_00170,CFOCILDN_02888
codAch2,codAch2,Pterin deaminase,MFCJNMFM_02300,JIEPOILB_02961,MHMAIFBA_02252,KGLDIDPM_02302,CFOCILDN_00773
group_1927,,hypothetical protein,MFCJNMFM_00192,JIEPOILB_00192,MHMAIFBA_00144,KGLDIDPM_00191,CFOCILDN_02867;CFOCILDN_02866
ndmA,ndmA,Methylxanthine N1-demethylase NdmA,MFCJNMFM_02681,JIEPOILB_02579,MHMAIFBA_02615,KGLDIDPM_02683,CFOCILDN_00392
pulL,pulL,Type II secretion system protein L,MFCJNMFM_04177,JIEPOILB_04181,MHMAIFBA_04225,KGLDIDPM_04181,CFOCILDN_01220
norB_1~~~norB_2~~~norB,norB_1;norB_2;norB,Quinolone resistance protein NorB,MFCJNMFM_02983,JIEPOILB_02277,MHMAIFBA_02949,KGLDIDPM_02986;KGLDIDPM_02985,CFOCILDN_00091
ariR,ariR,putative two-component-system connector protein AriR,MFCJNMFM_03654,JIEPOILB_03658,MHMAIFBA_03510,KGLDIDPM_03658,CFOCILDN_04701
tehB,tehB,Tellurite methyltransferase,MFCJNMFM_02397,JIEPOILB_02864,MHMAIFBA_02346,KGLDIDPM_02399,CFOCILDN_00676
group_1926,,hypothetical protein,MFCJNMFM_02406,JIEPOILB_02855,MHMAIFBA_02355,KGLDIDPM_02408,CFOCILDN_00667
pphA,pphA,Serine/threonine-protein phosphatase 1,MFCJNMFM_01997,JIEPOILB_03263,MHMAIFBA_01933,KGLDIDPM_02000,CFOCILDN_02299
group_1925,,hypothetical protein,MFCJNMFM_00264,JIEPOILB_00264,MHMAIFBA_00216,KGLDIDPM_00263,CFOCILDN_02796
kefF_1,kefF_1,Glutathione-regulated potassium-efflux system ancillary protein KefF,MFCJNMFM_00859,JIEPOILB_00860,MHMAIFBA_00876,KGLDIDPM_00859,CFOCILDN_01582
yjfF,yjfF,Inner membrane ABC transporter permease protein YjfF,MFCJNMFM_04592,JIEPOILB_04596,MHMAIFBA_04613,KGLDIDPM_04596,CFOCILDN_02957
group_1924,,hypothetical protein,MFCJNMFM_04508,JIEPOILB_04512,MHMAIFBA_04692,KGLDIDPM_04512,CFOCILDN_03038
group_1923,,hypothetical protein,MFCJNMFM_03791,JIEPOILB_03795,MHMAIFBA_03787,KGLDIDPM_03795,CFOCILDN_02447
nepI_3,nepI_3,Purine ribonucleoside efflux pump NepI,MFCJNMFM_02963,JIEPOILB_02297,MHMAIFBA_02929,KGLDIDPM_02965,CFOCILDN_00111
ulaC_1,ulaC_1,Ascorbate-specific PTS system EIIA component,MFCJNMFM_02594,JIEPOILB_02666,MHMAIFBA_02542,KGLDIDPM_02596,CFOCILDN_00480
paaD,paaD,Putative 12-phenylacetyl-CoA epoxidase subunit D,MFCJNMFM_02883,JIEPOILB_02377,MHMAIFBA_02788,KGLDIDPM_02885,CFOCILDN_00191
mepA,mepA,Penicillin-insensitive murein endopeptidase,MFCJNMFM_01573,JIEPOILB_01574,MHMAIFBA_01538,KGLDIDPM_01571,CFOCILDN_04161
rutB_1,rutB_1,Ureidoacrylate amidohydrolase RutB,MFCJNMFM_03244,JIEPOILB_02016,MHMAIFBA_03212,KGLDIDPM_03248,CFOCILDN_03447
group_1921,,hypothetical protein,MFCJNMFM_02094,JIEPOILB_03167,MHMAIFBA_02046,KGLDIDPM_02097,CFOCILDN_02395
sbmA,sbmA,Peptide antibiotic transporter SbmA,MFCJNMFM_03986,JIEPOILB_03990,MHMAIFBA_04052,KGLDIDPM_03990,CFOCILDN_02642
ybhS,ybhS;,putative multidrug ABC transporter permease YbhS;hypothetical protein,MFCJNMFM_03461,JIEPOILB_03465,MHMAIFBA_03469;MHMAIFBA_03468,KGLDIDPM_03465,CFOCILDN_02148
group_1920,,hypothetical protein,MFCJNMFM_02192,JIEPOILB_03069,MHMAIFBA_02145,KGLDIDPM_02195,CFOCILDN_00877
yceO,yceO;,putative protein YceO;hypothetical protein,MFCJNMFM_03211,JIEPOILB_02049,MHMAIFBA_03179,KGLDIDPM_03215,CFOCILDN_03414
phoQ,phoQ,two-component system sensor histidine kinase PhoQ,MFCJNMFM_03145,JIEPOILB_02115,MHMAIFBA_03122,KGLDIDPM_03149,CFOCILDN_04262
barA_1~~~barA_2~~~barA,barA_1;barA_2;barA,Signal transduction histidine-protein kinase BarA,MFCJNMFM_01051,JIEPOILB_01051,MHMAIFBA_01048;MHMAIFBA_01049,KGLDIDPM_01050,CFOCILDN_01396
selU,selU,tRNA 2-selenouridine synthase,MFCJNMFM_03829,JIEPOILB_03833,MHMAIFBA_03894,KGLDIDPM_03833,CFOCILDN_02485
punC,punC,Purine nucleoside transporter,MFCJNMFM_02337,JIEPOILB_02924,MHMAIFBA_02286,KGLDIDPM_02339,CFOCILDN_00736
group_1917,,hypothetical protein,MFCJNMFM_02480,JIEPOILB_02780,MHMAIFBA_02424,KGLDIDPM_02482,CFOCILDN_00594
ddpA_1,ddpA_1,putative DD-dipeptide-binding periplasmic protein DdpA,MFCJNMFM_01753,JIEPOILB_01752,MHMAIFBA_01718,KGLDIDPM_01749,CFOCILDN_03323
yqhC_1,yqhC_1,HTH-type transcriptional regulator YqhC,MFCJNMFM_00750,JIEPOILB_00751,MHMAIFBA_00701,KGLDIDPM_00750,CFOCILDN_01692
flk,flk,Flagellar regulator flk,MFCJNMFM_01580,JIEPOILB_01581,MHMAIFBA_01545,KGLDIDPM_01578,CFOCILDN_04154
group_1916,,hypothetical protein,MFCJNMFM_03132,JIEPOILB_02128,MHMAIFBA_03109,KGLDIDPM_03136,CFOCILDN_04275
group_1915,,hypothetical protein,MFCJNMFM_02623,JIEPOILB_02637,MHMAIFBA_02556,KGLDIDPM_02625,CFOCILDN_00451
hutI,hutI,Imidazolonepropionase,MFCJNMFM_03491,JIEPOILB_03495,MHMAIFBA_03499,KGLDIDPM_03495,CFOCILDN_02178
fbpC2_2~~~fbpC2_1~~~fbpC2,fbpC2_2;fbpC2_1;fbpC2,Fe(3+) ions import ATP-binding protein FbpC 2,MFCJNMFM_03065,JIEPOILB_02195,MHMAIFBA_03035,KGLDIDPM_03068;KGLDIDPM_03069,CFOCILDN_00009
abgB_1~~~abgB_2~~~abgB,abgB_1;abgB_2;abgB,p-aminobenzoyl-glutamate hydrolase subunit B,MFCJNMFM_02820,JIEPOILB_02440,MHMAIFBA_02725;MHMAIFBA_02726,KGLDIDPM_02822,CFOCILDN_00254
group_1914,,hypothetical protein,MFCJNMFM_03727,JIEPOILB_03731,MHMAIFBA_03716,KGLDIDPM_03731,CFOCILDN_03666
licC_3~~~licC_4,licC_3;licC_4,Lichenan permease IIC component,MFCJNMFM_01118,JIEPOILB_01118,MHMAIFBA_01106,KGLDIDPM_01117,CFOCILDN_01330
citC,citC,[Citrate [pro-3S]-lyase] ligase,MFCJNMFM_04295,JIEPOILB_04299,MHMAIFBA_04346,KGLDIDPM_04299,CFOCILDN_01102
group_1913,,hypothetical protein,MFCJNMFM_02079,JIEPOILB_03182,MHMAIFBA_02013,KGLDIDPM_02082,CFOCILDN_02380
group_1912,,hypothetical protein,MFCJNMFM_02077,JIEPOILB_03184,MHMAIFBA_02011,KGLDIDPM_02080,CFOCILDN_02378
tssC1_2~~~tssC1,tssC1_2;tssC1,Type VI secretion system sheath protein TssC1,MFCJNMFM_02955,JIEPOILB_02305,MHMAIFBA_02861,KGLDIDPM_02957,CFOCILDN_00119
chbA_3~~~chbA_4,chbA_3;chbA_4,PTS system NN'-diacetylchitobiose-specific EIIA component,MFCJNMFM_03047,JIEPOILB_02213,MHMAIFBA_03017,KGLDIDPM_03050,CFOCILDN_00027
group_1911,,hypothetical protein,MFCJNMFM_03142,JIEPOILB_02118,MHMAIFBA_03119,KGLDIDPM_03146,CFOCILDN_04265
group_1910,,hypothetical protein,MFCJNMFM_04595,JIEPOILB_04599,MHMAIFBA_04610,KGLDIDPM_04599,CFOCILDN_02954
brnQ,brnQ,Branched-chain amino acid permease BrnQ,MFCJNMFM_03963,JIEPOILB_03967,MHMAIFBA_04029,KGLDIDPM_03967,CFOCILDN_02619
zntB,zntB,Zinc transport protein ZntB,MFCJNMFM_02906,JIEPOILB_02354,MHMAIFBA_02811,KGLDIDPM_02908,CFOCILDN_00168
nudI,nudI,Nucleoside triphosphatase NudI,MFCJNMFM_01633,JIEPOILB_01634,MHMAIFBA_01598,KGLDIDPM_01631,CFOCILDN_04101
yedS,yedS,Outer membrane protein YedS,MFCJNMFM_03322,JIEPOILB_03326,MHMAIFBA_03282,KGLDIDPM_03326,CFOCILDN_01967
group_1909,,IS3 family transposase ISKpn1,MFCJNMFM_01810;MFCJNMFM_01811,JIEPOILB_01816;JIEPOILB_01817,MHMAIFBA_01786,KGLDIDPM_01814;KGLDIDPM_01813,CFOCILDN_04934;CFOCILDN_04935
yphB,yphB,putative protein YphB,MFCJNMFM_01340,JIEPOILB_01341,MHMAIFBA_01334,KGLDIDPM_01338,CFOCILDN_03178
yhdP_2~~~yhdP_1~~~yhdP,yhdP_2;yhdP_1;yhdP,Intermembrane phospholipid transporter YhdP,MFCJNMFM_00529,JIEPOILB_00530,MHMAIFBA_00480;MHMAIFBA_00481,KGLDIDPM_00529,CFOCILDN_01912
csbX_2,csbX_2,Alpha-ketoglutarate permease,MFCJNMFM_01750,JIEPOILB_01749,MHMAIFBA_01715,KGLDIDPM_01746,CFOCILDN_03320
dgoK_2,dgoK_2,2-dehydro-3-deoxygalactonokinase,MFCJNMFM_04389,JIEPOILB_04393,MHMAIFBA_04444,KGLDIDPM_04393,CFOCILDN_01010
rimP,rimP,Ribosome maturation factor RimP,MFCJNMFM_00596,JIEPOILB_00597,MHMAIFBA_00548,KGLDIDPM_00596,CFOCILDN_01845
group_1907,,hypothetical protein,MFCJNMFM_02366,JIEPOILB_02895,MHMAIFBA_02315,KGLDIDPM_02368,CFOCILDN_00707
corC,corC,Magnesium and cobalt efflux protein CorC,MFCJNMFM_03554,JIEPOILB_03558,MHMAIFBA_03599,KGLDIDPM_03558,CFOCILDN_04458
licH_1,licH_1,putative 6-phospho-beta-glucosidase,MFCJNMFM_02974,JIEPOILB_02286,MHMAIFBA_02940,KGLDIDPM_02976,CFOCILDN_00100
group_1906,,hypothetical protein,MFCJNMFM_00635,JIEPOILB_00636,MHMAIFBA_00587,KGLDIDPM_00635,CFOCILDN_01806
group_1905,,hypothetical protein,MFCJNMFM_04831,JIEPOILB_04835,MHMAIFBA_04792,KGLDIDPM_04835,CFOCILDN_04791
malI,malI,Maltose regulon regulatory protein MalI,MFCJNMFM_02842,JIEPOILB_02418,MHMAIFBA_02747,KGLDIDPM_02844,CFOCILDN_00232
group_1904,,hypothetical protein,MFCJNMFM_02501,JIEPOILB_02759,MHMAIFBA_02445,KGLDIDPM_02503,CFOCILDN_00573
rnpA,rnpA;,Ribonuclease P protein component;hypothetical protein,MFCJNMFM_05105,JIEPOILB_05108,MHMAIFBA_05062,KGLDIDPM_05108,CFOCILDN_03758
group_1903,,hypothetical protein,MFCJNMFM_00017,JIEPOILB_00017,MHMAIFBA_00017,KGLDIDPM_00017,CFOCILDN_03775
pduO_2,pduO_2,Corrinoid adenosyltransferase PduO,MFCJNMFM_00688,JIEPOILB_00689,MHMAIFBA_00639,KGLDIDPM_00688,CFOCILDN_01753
group_1902,,hypothetical protein,MFCJNMFM_00257,JIEPOILB_00257,MHMAIFBA_00207,KGLDIDPM_00256,CFOCILDN_02803
group_1901,,hypothetical protein,MFCJNMFM_02492,JIEPOILB_02768,MHMAIFBA_02436,KGLDIDPM_02494,CFOCILDN_00582
group_1900,,hypothetical protein,MFCJNMFM_03374,JIEPOILB_03378,MHMAIFBA_03334,KGLDIDPM_03378,CFOCILDN_02019
group_1899,,hypothetical protein,MFCJNMFM_01667,JIEPOILB_01667,MHMAIFBA_01632,KGLDIDPM_01664,CFOCILDN_03238
group_1898,,Tn3 family transposase,MFCJNMFM_00147,JIEPOILB_00146,MHMAIFBA_05303,KGLDIDPM_00146,CFOCILDN_04926
dnaK_1,dnaK_1,Chaperone protein DnaK,MFCJNMFM_01771,JIEPOILB_01770,MHMAIFBA_01736,KGLDIDPM_01767,CFOCILDN_03341
group_1897,,hypothetical protein,MFCJNMFM_02157,JIEPOILB_03104,MHMAIFBA_02109,KGLDIDPM_02160,CFOCILDN_00912
group_1896,,hypothetical protein,MFCJNMFM_01457,JIEPOILB_01458,MHMAIFBA_01498,KGLDIDPM_01455,CFOCILDN_03062
entD,entD,Enterobactin synthase component D,MFCJNMFM_03694,JIEPOILB_03698,MHMAIFBA_03683,KGLDIDPM_03698,CFOCILDN_03633
greB,greB,Transcription elongation factor GreB,MFCJNMFM_00384,JIEPOILB_00384,MHMAIFBA_00335,KGLDIDPM_00383,CFOCILDN_04478
acsAB,acsAB,Cellulose synthase 1,MFCJNMFM_00266,JIEPOILB_00266,MHMAIFBA_00218,KGLDIDPM_00265,CFOCILDN_02794
higB2~~~higB2_1,higB2;higB2_1,Putative toxin HigB2,MFCJNMFM_00366,JIEPOILB_00366,MHMAIFBA_00317,KGLDIDPM_00365,CFOCILDN_02695
fhuA_2,fhuA_2,Ferrichrome outer membrane transporter/phage receptor,MFCJNMFM_04164,JIEPOILB_04168,MHMAIFBA_04212,KGLDIDPM_04168,CFOCILDN_01233
vgrG2b_2~~~vgrG2b_6,vgrG2b_2;vgrG2b_6,Type VI secretion system spike protein VgrG2b,MFCJNMFM_02949,JIEPOILB_02311,MHMAIFBA_02855,KGLDIDPM_02951,CFOCILDN_00125
mdtA_1,mdtA_1,Multidrug resistance protein MdtA,MFCJNMFM_01765,JIEPOILB_01764,MHMAIFBA_01730,KGLDIDPM_01761,CFOCILDN_03335
ycbB,ycbB,putative LD-transpeptidase YcbB,MFCJNMFM_03327,JIEPOILB_03331,MHMAIFBA_03287,KGLDIDPM_03331,CFOCILDN_01972
group_1892,,hypothetical protein,MFCJNMFM_00551,JIEPOILB_00552,MHMAIFBA_00503,KGLDIDPM_00551,CFOCILDN_01890
bla_4,bla_4,Beta-lactamase TEM,MFCJNMFM_05246,JIEPOILB_05242,MHMAIFBA_05253,KGLDIDPM_05243,CFOCILDN_04473
tnpR,tnpR,Transposon Tn3 resolvase,MFCJNMFM_05245,JIEPOILB_05241,MHMAIFBA_05248,KGLDIDPM_05242,CFOCILDN_04474
group_1879,oadB_1,Oxaloacetate decarboxylase beta chain,MFCJNMFM_04299,JIEPOILB_04303,MHMAIFBA_04350,KGLDIDPM_04303,CFOCILDN_01098
group_1878,dmsB_1,Anaerobic dimethyl sulfoxide reductase chain B,MFCJNMFM_03352,JIEPOILB_03356,MHMAIFBA_03312,KGLDIDPM_03356,CFOCILDN_01997
dmsB_1,dmsB_1,Anaerobic dimethyl sulfoxide reductase chain B,MFCJNMFM_02776,JIEPOILB_02484,MHMAIFBA_02680,KGLDIDPM_02778,CFOCILDN_00298
group_1859,,IS110 family transposase IS5075,MFCJNMFM_00335,JIEPOILB_05221,MHMAIFBA_05259,KGLDIDPM_00334,CFOCILDN_04467
group_1830,,IS6 family transposase IS26,MFCJNMFM_00124,JIEPOILB_00123,MHMAIFBA_05261,KGLDIDPM_00123,CFOCILDN_04939
group_1805,,hypothetical protein,MFCJNMFM_00764,JIEPOILB_00765,MHMAIFBA_00716,KGLDIDPM_00764,CFOCILDN_01678
group_1804,,hypothetical protein,MFCJNMFM_00031,JIEPOILB_00031,MHMAIFBA_00031,KGLDIDPM_00031,CFOCILDN_03789
group_1803,,hypothetical protein,MFCJNMFM_03477,JIEPOILB_03481,MHMAIFBA_03485,KGLDIDPM_03481,CFOCILDN_02164
group_1802,,hypothetical protein,MFCJNMFM_02418,JIEPOILB_02842,MHMAIFBA_02366,KGLDIDPM_02420,CFOCILDN_00656
group_1801,,hypothetical protein,MFCJNMFM_02340,JIEPOILB_02921,MHMAIFBA_02289,KGLDIDPM_02342,CFOCILDN_00733
group_1800,,hypothetical protein,MFCJNMFM_04586,JIEPOILB_04590,MHMAIFBA_04619,KGLDIDPM_04590,CFOCILDN_02963
group_1799,,hypothetical protein,MFCJNMFM_02504,JIEPOILB_02756,MHMAIFBA_02448,KGLDIDPM_02506,CFOCILDN_00570
group_1798,,hypothetical protein,MFCJNMFM_02081,JIEPOILB_03180,MHMAIFBA_02016,KGLDIDPM_02084,CFOCILDN_02382
group_1797,,hypothetical protein,MFCJNMFM_00032,JIEPOILB_00032,MHMAIFBA_00032,KGLDIDPM_00032,CFOCILDN_03790
group_1795,,hypothetical protein,MFCJNMFM_02705,JIEPOILB_02555,MHMAIFBA_02638,KGLDIDPM_02707,CFOCILDN_00369
group_1794,,hypothetical protein,MFCJNMFM_02409,JIEPOILB_02852,MHMAIFBA_02358,KGLDIDPM_02411,CFOCILDN_00664
yoaK,yoaK,putative membrane protein YoaK,MFCJNMFM_03111,JIEPOILB_02149,MHMAIFBA_03089,KGLDIDPM_03115,CFOCILDN_04295
group_1792,,hypothetical protein,MFCJNMFM_00408,JIEPOILB_00408,MHMAIFBA_00359,KGLDIDPM_00407,CFOCILDN_04502
group_1791,,hypothetical protein,MFCJNMFM_03122,JIEPOILB_02138,MHMAIFBA_03100,KGLDIDPM_03126,CFOCILDN_04284
group_1790,,hypothetical protein,MFCJNMFM_02786,JIEPOILB_02474,MHMAIFBA_02690,KGLDIDPM_02788,CFOCILDN_00288
group_1785,,hypothetical protein,MFCJNMFM_03733,JIEPOILB_03737,MHMAIFBA_03724,KGLDIDPM_03737,CFOCILDN_03672
group_1781,,hypothetical protein,MFCJNMFM_01726,JIEPOILB_01726,MHMAIFBA_01692,KGLDIDPM_01723,CFOCILDN_03297
cydX,cydX,Cytochrome bd-I ubiquinol oxidase subunit X,MFCJNMFM_03611,JIEPOILB_03615,MHMAIFBA_03544,KGLDIDPM_03615,CFOCILDN_04627
group_1779,,hypothetical protein,MFCJNMFM_03258,JIEPOILB_02002,MHMAIFBA_03225,KGLDIDPM_03262,CFOCILDN_03461
group_1778,,hypothetical protein,MFCJNMFM_02417,JIEPOILB_02843,MHMAIFBA_02365,KGLDIDPM_02419,CFOCILDN_00657
mntS,mntS,Small protein MntS,MFCJNMFM_03436,JIEPOILB_03440,MHMAIFBA_03443,KGLDIDPM_03440,CFOCILDN_02123
group_1773,,hypothetical protein,MFCJNMFM_04511,JIEPOILB_04515,MHMAIFBA_04689,KGLDIDPM_04515,CFOCILDN_03035
ykgO,ykgO,Large ribosomal subunit protein bL36B,MFCJNMFM_03868,JIEPOILB_03872,MHMAIFBA_03934,KGLDIDPM_03872,CFOCILDN_02525
sra,sra,Stationary-phase-induced ribosome-associated protein,MFCJNMFM_02494,JIEPOILB_02766,MHMAIFBA_02438,KGLDIDPM_02496,CFOCILDN_00580
group_1766,,hypothetical protein,MFCJNMFM_02292,JIEPOILB_02969,MHMAIFBA_02243,KGLDIDPM_02294,CFOCILDN_00781
group_1758,,hypothetical protein,MFCJNMFM_02508,JIEPOILB_02752,MHMAIFBA_02453,KGLDIDPM_02510,CFOCILDN_00566
acrZ,acrZ,Multidrug efflux pump accessory protein AcrZ,MFCJNMFM_03648,JIEPOILB_03652,MHMAIFBA_03516,KGLDIDPM_03652,CFOCILDN_04695
group_1755,,hypothetical protein,MFCJNMFM_02326,JIEPOILB_02935,MHMAIFBA_02276,KGLDIDPM_02328,CFOCILDN_00747
group_1750,,hypothetical protein,MFCJNMFM_04260,JIEPOILB_04264,MHMAIFBA_04311,KGLDIDPM_04264,CFOCILDN_01137
group_1749,,hypothetical protein,MFCJNMFM_03959,JIEPOILB_03963,MHMAIFBA_04025,KGLDIDPM_03963,4_refound_16
group_1747,,hypothetical protein,MFCJNMFM_01254,JIEPOILB_01254,2_refound_0,KGLDIDPM_01252,4_refound_7
hokE,hokE,Toxic protein HokE,MFCJNMFM_01084,JIEPOILB_01084,MHMAIFBA_01082,KGLDIDPM_01083,CFOCILDN_01363
group_1741,,hypothetical protein,MFCJNMFM_02852,JIEPOILB_02408,MHMAIFBA_02757,KGLDIDPM_02854,CFOCILDN_00222
group_1740,,hypothetical protein,MFCJNMFM_02822,JIEPOILB_02438,MHMAIFBA_02728,KGLDIDPM_02824,CFOCILDN_00252
group_1738,,hypothetical protein,MFCJNMFM_04352,JIEPOILB_04356,MHMAIFBA_04403,KGLDIDPM_04356,CFOCILDN_01045
group_1736,,hypothetical protein,MFCJNMFM_04434,JIEPOILB_04438,MHMAIFBA_04483,KGLDIDPM_04438,CFOCILDN_00965
group_1735,,hypothetical protein,MFCJNMFM_03381,JIEPOILB_03385,MHMAIFBA_03341,KGLDIDPM_03385,4_refound_15
group_1733,,hypothetical protein,MFCJNMFM_03008,JIEPOILB_02252,MHMAIFBA_02974,KGLDIDPM_03011,CFOCILDN_00066
group_1732,,hypothetical protein,MFCJNMFM_00643,JIEPOILB_00644,MHMAIFBA_00594,KGLDIDPM_00643,CFOCILDN_01798
yhfG,yhfG,putative protein YhfG,MFCJNMFM_00412,JIEPOILB_00412,MHMAIFBA_00363,KGLDIDPM_00411,CFOCILDN_04506
rpmG,rpmG,Large ribosomal subunit protein bL33,MFCJNMFM_00180,JIEPOILB_00180,MHMAIFBA_00132,KGLDIDPM_00179,CFOCILDN_02879
group_1726,,hypothetical protein,MFCJNMFM_04005,JIEPOILB_04009,MHMAIFBA_04071,KGLDIDPM_04009,CFOCILDN_02661
group_1725,,hypothetical protein,MFCJNMFM_03816,JIEPOILB_03820,MHMAIFBA_03812,KGLDIDPM_03820,CFOCILDN_02472
group_1722,,hypothetical protein,MFCJNMFM_03856,JIEPOILB_03860,MHMAIFBA_03922,KGLDIDPM_03860,CFOCILDN_02513
rpmF,rpmF,Large ribosomal subunit protein bL32,MFCJNMFM_03194,JIEPOILB_02066,MHMAIFBA_03162,KGLDIDPM_03198,CFOCILDN_03397
ortT,ortT,Orphan toxin OrtT,MFCJNMFM_02419,JIEPOILB_02841,MHMAIFBA_02367,KGLDIDPM_02421,CFOCILDN_00655
yfgG,yfgG,Protein YfgG,MFCJNMFM_01383,JIEPOILB_01384,MHMAIFBA_01426,KGLDIDPM_01381,CFOCILDN_03135
group_1718,,hypothetical protein,MFCJNMFM_02998,JIEPOILB_02262,MHMAIFBA_02964,KGLDIDPM_03001,CFOCILDN_00076
group_1716,,hypothetical protein,MFCJNMFM_01194,JIEPOILB_01194,MHMAIFBA_01182,KGLDIDPM_01192,CFOCILDN_03928
rpmD,rpmD,Large ribosomal subunit protein uL30,MFCJNMFM_00459,JIEPOILB_00459,MHMAIFBA_00410,KGLDIDPM_00458,CFOCILDN_04842
group_1715,,hypothetical protein,MFCJNMFM_03335,JIEPOILB_03339,MHMAIFBA_03295,KGLDIDPM_03339,CFOCILDN_01980
group_1710,,Putative virulence-regulating protein,MFCJNMFM_03129,JIEPOILB_02131,MHMAIFBA_03107,KGLDIDPM_03133,CFOCILDN_04277
ynbE,ynbE,Outer membrane lipoprotein YnbE,MFCJNMFM_02894,JIEPOILB_02366,MHMAIFBA_02799,KGLDIDPM_02896,CFOCILDN_00180
group_1709,,hypothetical protein,MFCJNMFM_02381,JIEPOILB_02880,MHMAIFBA_02330,KGLDIDPM_02383,CFOCILDN_00692
group_1708,,hypothetical protein,MFCJNMFM_02025,JIEPOILB_03236,MHMAIFBA_01960,KGLDIDPM_02028,CFOCILDN_02326
csrA,csrA,Carbon storage regulator,MFCJNMFM_01163,JIEPOILB_01163,MHMAIFBA_01151,KGLDIDPM_01162,CFOCILDN_01285
group_1702,,hypothetical protein,MFCJNMFM_03272,JIEPOILB_01988,MHMAIFBA_03238,KGLDIDPM_03276,CFOCILDN_03475
group_1700,,hypothetical protein,MFCJNMFM_00765,JIEPOILB_00766,MHMAIFBA_00717,KGLDIDPM_00765,CFOCILDN_01677
yhjR,yhjR,Protein YhjR,MFCJNMFM_00274,JIEPOILB_00274,MHMAIFBA_00226,KGLDIDPM_00273,CFOCILDN_02786
group_1694,,hypothetical protein,MFCJNMFM_04512,JIEPOILB_04516,MHMAIFBA_04688,KGLDIDPM_04516,CFOCILDN_03034
yaiA,yaiA,putative protein YaiA,MFCJNMFM_03972,JIEPOILB_03976,MHMAIFBA_04038,KGLDIDPM_03976,CFOCILDN_02628
group_1693,,hypothetical protein,MFCJNMFM_03260,JIEPOILB_02000,2_refound_3,KGLDIDPM_03264,CFOCILDN_03463
group_1692,,hypothetical protein,MFCJNMFM_01998,JIEPOILB_03262,MHMAIFBA_01934,KGLDIDPM_02001,CFOCILDN_02300
group_1691,,hypothetical protein,MFCJNMFM_01995,JIEPOILB_03265,MHMAIFBA_01931,KGLDIDPM_01998,CFOCILDN_02297
dsrB,dsrB,Protein DsrB,MFCJNMFM_01862,JIEPOILB_01868,MHMAIFBA_01864,KGLDIDPM_01865,CFOCILDN_02230
rpmC,rpmC,Large ribosomal subunit protein uL29,MFCJNMFM_00449,JIEPOILB_00449,MHMAIFBA_00400,KGLDIDPM_00448,CFOCILDN_04852
yacG,yacG,DNA gyrase inhibitor YacG,MFCJNMFM_04225,JIEPOILB_04229,MHMAIFBA_04276,KGLDIDPM_04229,CFOCILDN_01172
group_1684,,hypothetical protein,MFCJNMFM_02909,JIEPOILB_02351,MHMAIFBA_02814,KGLDIDPM_02911,CFOCILDN_00165
group_1683,,hypothetical protein,MFCJNMFM_02703,JIEPOILB_02557,MHMAIFBA_02636,KGLDIDPM_02705,CFOCILDN_00371
bfd,bfd,Bacterioferritin-associated ferredoxin,MFCJNMFM_00437,JIEPOILB_00437,MHMAIFBA_00388,KGLDIDPM_00436,CFOCILDN_04864
group_1678,,hypothetical protein,MFCJNMFM_04540,JIEPOILB_04544,MHMAIFBA_04660,KGLDIDPM_04544,CFOCILDN_03008
group_1677,,hypothetical protein,MFCJNMFM_03678,JIEPOILB_03682,MHMAIFBA_03667,KGLDIDPM_03682,CFOCILDN_03617
group_1676,,hypothetical protein,MFCJNMFM_03123,JIEPOILB_02137,MHMAIFBA_03101,KGLDIDPM_03127,CFOCILDN_04283
group_1675,,hypothetical protein,MFCJNMFM_02198,JIEPOILB_03063,MHMAIFBA_02151,KGLDIDPM_02201,CFOCILDN_00871
rpmI,rpmI,Large ribosomal subunit protein bL35,MFCJNMFM_02160,JIEPOILB_03101,MHMAIFBA_02112,KGLDIDPM_02163,CFOCILDN_00909
glgS_2,glgS_2,Surface composition regulator,MFCJNMFM_00724,JIEPOILB_00725,MHMAIFBA_00675,KGLDIDPM_00724,CFOCILDN_01718
bcsF,bcsF,Cellulose biosynthesis protein BcsF,MFCJNMFM_00272,JIEPOILB_00272,MHMAIFBA_00224,KGLDIDPM_00271,CFOCILDN_02788
thiS,thiS,Sulfur carrier protein ThiS,MFCJNMFM_04847,JIEPOILB_04851,MHMAIFBA_04808,KGLDIDPM_04851,CFOCILDN_04775
group_1671,,hypothetical protein,MFCJNMFM_04126,JIEPOILB_04130,MHMAIFBA_04174,KGLDIDPM_04130,CFOCILDN_01271
group_1670,,hypothetical protein,MFCJNMFM_03027,JIEPOILB_02233,MHMAIFBA_02997,KGLDIDPM_03030,CFOCILDN_00047
iscX,iscX,Protein IscX,MFCJNMFM_01355,JIEPOILB_01356,MHMAIFBA_01349,KGLDIDPM_01353,CFOCILDN_03163
group_1669,,hypothetical protein,MFCJNMFM_00425,JIEPOILB_00425,MHMAIFBA_00376,KGLDIDPM_00424,CFOCILDN_04519
group_1663,,hypothetical protein,MFCJNMFM_04418,JIEPOILB_04422,MHMAIFBA_04467,KGLDIDPM_04422,CFOCILDN_00981
group_1662,,hypothetical protein,MFCJNMFM_03983,JIEPOILB_03987,MHMAIFBA_04049,KGLDIDPM_03987,CFOCILDN_02639
ybdZ,ybdZ,Enterobactin biosynthesis protein YbdZ,MFCJNMFM_03691,JIEPOILB_03695,MHMAIFBA_03680,KGLDIDPM_03695,CFOCILDN_03630
ydfZ,ydfZ,Putative selenoprotein YdfZ,MFCJNMFM_02846,JIEPOILB_02414,MHMAIFBA_02751,KGLDIDPM_02848,CFOCILDN_00228
group_1661,,hypothetical protein,MFCJNMFM_01407,JIEPOILB_01408,MHMAIFBA_01449,KGLDIDPM_01405,CFOCILDN_03111
aaeX,aaeX,Protein AaeX,MFCJNMFM_00532,JIEPOILB_00533,MHMAIFBA_00484,KGLDIDPM_00532,CFOCILDN_01909
group_1657,,hypothetical protein,MFCJNMFM_04574,JIEPOILB_04578,MHMAIFBA_04626,KGLDIDPM_04578,CFOCILDN_02974
group_1656,,hypothetical protein,MFCJNMFM_03589,JIEPOILB_03593,MHMAIFBA_03566,KGLDIDPM_03593,CFOCILDN_04605
tatE,tatE,Sec-independent protein translocase protein TatE,MFCJNMFM_03530,JIEPOILB_03534,MHMAIFBA_03623,KGLDIDPM_03534,CFOCILDN_04434
group_1655,,hypothetical protein,MFCJNMFM_02926,JIEPOILB_02334,MHMAIFBA_02831,KGLDIDPM_02928,CFOCILDN_00148
group_1654,,hypothetical protein,MFCJNMFM_02149,JIEPOILB_03112,MHMAIFBA_02101,KGLDIDPM_02152,CFOCILDN_00920
group_1650,,hypothetical protein,MFCJNMFM_04784,JIEPOILB_04788,MHMAIFBA_04747,KGLDIDPM_04788,CFOCILDN_03567
group_1649,,hypothetical protein,MFCJNMFM_04311,JIEPOILB_04315,MHMAIFBA_04362,KGLDIDPM_04315,CFOCILDN_01086
cspE,cspE,Cold shock-like protein CspE,MFCJNMFM_03527,JIEPOILB_03531,MHMAIFBA_03626,KGLDIDPM_03531,CFOCILDN_04431
group_1648,,hypothetical protein,MFCJNMFM_02323,JIEPOILB_02938,MHMAIFBA_02273,KGLDIDPM_02325,CFOCILDN_00750
cspC,cspC,Cold shock-like protein CspC,MFCJNMFM_02012,JIEPOILB_03249,MHMAIFBA_01947,KGLDIDPM_02015,CFOCILDN_02313
group_1647,,hypothetical protein,MFCJNMFM_00889,JIEPOILB_00890,MHMAIFBA_00905,KGLDIDPM_00889,CFOCILDN_01552
group_1642,,hypothetical protein,MFCJNMFM_05029,JIEPOILB_05032,MHMAIFBA_04987,KGLDIDPM_05032,CFOCILDN_03874
rpmE,rpmE,Large ribosomal subunit protein bL31,MFCJNMFM_04989,JIEPOILB_04992,MHMAIFBA_04947,KGLDIDPM_04992,CFOCILDN_03834
ybcJ,ybcJ,Putative RNA-binding protein YbcJ,MFCJNMFM_03822,JIEPOILB_03826,MHMAIFBA_03887,KGLDIDPM_03826,CFOCILDN_02478
group_1641,,hypothetical protein,MFCJNMFM_03660,JIEPOILB_03664,MHMAIFBA_03504,KGLDIDPM_03664,CFOCILDN_04707
group_1640,,hypothetical protein,MFCJNMFM_02902,JIEPOILB_02358,MHMAIFBA_02807,KGLDIDPM_02904,CFOCILDN_00172
fumD,fumD,Fumarase D,MFCJNMFM_02208,JIEPOILB_03053,MHMAIFBA_02161,KGLDIDPM_02211,CFOCILDN_00861
cspA,cspA,Cold shock protein CspA,MFCJNMFM_00241,JIEPOILB_00241,MHMAIFBA_00191,KGLDIDPM_00240,CFOCILDN_02819
group_1639,,hypothetical protein,MFCJNMFM_00237,JIEPOILB_00237,MHMAIFBA_00189,KGLDIDPM_00236,CFOCILDN_02821
group_1635,,hypothetical protein,MFCJNMFM_04084,JIEPOILB_04088,MHMAIFBA_04134,KGLDIDPM_04088,CFOCILDN_04025
group_1634,,hypothetical protein,MFCJNMFM_03884,JIEPOILB_03888,MHMAIFBA_03950,KGLDIDPM_03888,CFOCILDN_02541
group_1633,,hypothetical protein,MFCJNMFM_03326,JIEPOILB_03330,MHMAIFBA_03286,KGLDIDPM_03330,CFOCILDN_01971
group_1632,,hypothetical protein,MFCJNMFM_02499,JIEPOILB_02761,MHMAIFBA_02443,KGLDIDPM_02501,CFOCILDN_00575
ydgT,ydgT,Transcription modulator YdgT,MFCJNMFM_02375,JIEPOILB_02886,MHMAIFBA_02324,KGLDIDPM_02377,CFOCILDN_00698
rpsU,rpsU,Small ribosomal subunit protein bS21,MFCJNMFM_00705,JIEPOILB_00706,MHMAIFBA_00656,KGLDIDPM_00705,CFOCILDN_01736
hha,hha,Hemolysin expression-modulating protein Hha,MFCJNMFM_03863,JIEPOILB_03867,MHMAIFBA_03929,KGLDIDPM_03867,CFOCILDN_02520
infA,infA,Translation initiation factor IF-1,MFCJNMFM_03363,JIEPOILB_03367,MHMAIFBA_03323,KGLDIDPM_03367,CFOCILDN_02008
pspD,pspD,Phage shock protein D,MFCJNMFM_02978,JIEPOILB_02282,MHMAIFBA_02944,KGLDIDPM_02980,CFOCILDN_00096
group_1619,,hypothetical protein,MFCJNMFM_02666,JIEPOILB_02594,MHMAIFBA_02600,KGLDIDPM_02668,CFOCILDN_00407
yfgJ,yfgJ,putative protein YfgJ,MFCJNMFM_01371,JIEPOILB_01372,MHMAIFBA_01365,KGLDIDPM_01369,CFOCILDN_03147
ygdR_1,ygdR_1,putative lipoprotein YgdR,MFCJNMFM_00929,JIEPOILB_00930,MHMAIFBA_00946,KGLDIDPM_00929,CFOCILDN_01513
slyX,slyX,Protein SlyX,MFCJNMFM_00427,JIEPOILB_00427,MHMAIFBA_00378,KGLDIDPM_00426,CFOCILDN_04521
group_1617,,hypothetical protein,MFCJNMFM_00420,JIEPOILB_00420,MHMAIFBA_00371,KGLDIDPM_00419,CFOCILDN_04514
cspD,cspD,Cold shock-like protein CspD,MFCJNMFM_03366,JIEPOILB_03370,MHMAIFBA_03326,KGLDIDPM_03370,CFOCILDN_02011
group_1613,,hypothetical protein,MFCJNMFM_03257,JIEPOILB_02003,MHMAIFBA_03224,KGLDIDPM_03261,CFOCILDN_03460
osmB,osmB,Osmotically-inducible lipoprotein B,MFCJNMFM_03000,JIEPOILB_02260,MHMAIFBA_02966,KGLDIDPM_03003,CFOCILDN_00074
group_1612,,hypothetical protein,MFCJNMFM_02826,JIEPOILB_02434,MHMAIFBA_02732,KGLDIDPM_02828,CFOCILDN_00248
ygdR_3,ygdR_3,putative lipoprotein YgdR,MFCJNMFM_02433,JIEPOILB_02827,MHMAIFBA_02381,KGLDIDPM_02435,CFOCILDN_00641
group_1611,,hypothetical protein,MFCJNMFM_00486,JIEPOILB_00487,MHMAIFBA_00437,KGLDIDPM_00486,CFOCILDN_01932
group_1610,,hypothetical protein,MFCJNMFM_00344,JIEPOILB_00344,MHMAIFBA_00295,KGLDIDPM_00343,CFOCILDN_02717
lptM,lptM,LPS-assembly lipoprotein LptM,MFCJNMFM_04913,JIEPOILB_04916,MHMAIFBA_04872,KGLDIDPM_04916,CFOCILDN_04209
pspB,pspB,Phage shock protein B,MFCJNMFM_02980,JIEPOILB_02280,MHMAIFBA_02946,KGLDIDPM_02982,CFOCILDN_00094
group_1603,,hypothetical protein,MFCJNMFM_01871,JIEPOILB_01877,MHMAIFBA_01873,KGLDIDPM_01874,CFOCILDN_02239
group_1602,,hypothetical protein,MFCJNMFM_01861,JIEPOILB_01867,MHMAIFBA_01863,KGLDIDPM_01864,CFOCILDN_02229
glgS_1,glgS_1,Surface composition regulator,MFCJNMFM_00212,JIEPOILB_00212,MHMAIFBA_00164,KGLDIDPM_00211,CFOCILDN_02846
rpsR,rpsR,Small ribosomal subunit protein bS18,MFCJNMFM_04561,JIEPOILB_04565,MHMAIFBA_04639,KGLDIDPM_04565,CFOCILDN_02987
yccJ,yccJ,putative protein YccJ,MFCJNMFM_03253,JIEPOILB_02007,MHMAIFBA_03220,KGLDIDPM_03257,CFOCILDN_03456
group_1596,,hypothetical protein,MFCJNMFM_03216,JIEPOILB_02044,MHMAIFBA_03185,KGLDIDPM_03220,CFOCILDN_03419
pptA,pptA,Tautomerase PptA,MFCJNMFM_02446,JIEPOILB_02814,MHMAIFBA_02394,KGLDIDPM_02448,CFOCILDN_00628
group_1595,,hypothetical protein,MFCJNMFM_02175,JIEPOILB_03086,MHMAIFBA_02127,KGLDIDPM_02178,CFOCILDN_00894
feoA,feoA,Fe(2+) transport protein A,MFCJNMFM_00382,JIEPOILB_00382,MHMAIFBA_00333,KGLDIDPM_00381,CFOCILDN_04476
group_1591,,hypothetical protein,MFCJNMFM_02404,JIEPOILB_02857,MHMAIFBA_02353,KGLDIDPM_02406,CFOCILDN_00669
group_1590,,hypothetical protein,MFCJNMFM_02262,JIEPOILB_02999,MHMAIFBA_02215,KGLDIDPM_02265,CFOCILDN_00807
chaB,chaB,Putative cation transport regulator ChaB,MFCJNMFM_02110,JIEPOILB_03151,MHMAIFBA_02062,KGLDIDPM_02113,CFOCILDN_02411
holE,holE,DNA polymerase III subunit theta,MFCJNMFM_01991,JIEPOILB_03269,MHMAIFBA_01927,KGLDIDPM_01994,CFOCILDN_02293
ygdR_2,ygdR_2,putative lipoprotein YgdR,MFCJNMFM_01017,JIEPOILB_01017,MHMAIFBA_01014,KGLDIDPM_01016,CFOCILDN_01430
group_1589,,hypothetical protein,MFCJNMFM_00874,JIEPOILB_00875,MHMAIFBA_00890,KGLDIDPM_00874,CFOCILDN_01567
ygdR_4,ygdR_4,putative lipoprotein YgdR,MFCJNMFM_04287,JIEPOILB_04291,MHMAIFBA_04338,KGLDIDPM_04291,CFOCILDN_01110
yedF,yedF,Putative sulfur carrier protein YedF,MFCJNMFM_02850,JIEPOILB_02410,MHMAIFBA_02755,KGLDIDPM_02852,CFOCILDN_00224
ydcY,ydcY,putative protein YdcY,MFCJNMFM_02423,JIEPOILB_02837,MHMAIFBA_02371,KGLDIDPM_02425,CFOCILDN_00651
acpP,acpP,Acyl carrier protein,MFCJNMFM_03189,JIEPOILB_02071,MHMAIFBA_03157,KGLDIDPM_03193,CFOCILDN_03392
group_1577,,hypothetical protein,MFCJNMFM_02355,JIEPOILB_02906,MHMAIFBA_02304,KGLDIDPM_02357,CFOCILDN_00718
lpp1,lpp1,Major outer membrane lipoprotein Lpp 1,MFCJNMFM_02206,JIEPOILB_03055,MHMAIFBA_02159,KGLDIDPM_02209,CFOCILDN_00863
vdcD,vdcD,Protein VdcD,MFCJNMFM_01083,JIEPOILB_01083,MHMAIFBA_01081,KGLDIDPM_01082,CFOCILDN_01364
rpmB,rpmB,Large ribosomal subunit protein bL28,MFCJNMFM_00179,JIEPOILB_00179,MHMAIFBA_00131,KGLDIDPM_00178,CFOCILDN_02880
atpE,atpE,ATP synthase subunit c,MFCJNMFM_05079,JIEPOILB_05082,MHMAIFBA_05036,KGLDIDPM_05082,CFOCILDN_03732
group_1569,,hypothetical protein,MFCJNMFM_04427,JIEPOILB_04431,MHMAIFBA_04476,KGLDIDPM_04431,CFOCILDN_00972
group_1568,,hypothetical protein,MFCJNMFM_02661,JIEPOILB_02599,MHMAIFBA_02595,KGLDIDPM_02663,CFOCILDN_00412
group_1567,,hypothetical protein,MFCJNMFM_02350,JIEPOILB_02911,MHMAIFBA_02299,KGLDIDPM_02352,CFOCILDN_00723
group_1566,,hypothetical protein,MFCJNMFM_02009,JIEPOILB_03251,MHMAIFBA_01945,KGLDIDPM_02012,CFOCILDN_02311
yebV,yebV,putative protein YebV,MFCJNMFM_01999,JIEPOILB_03261,MHMAIFBA_01935,KGLDIDPM_02002,CFOCILDN_02301
group_1565,,hypothetical protein,MFCJNMFM_01881,JIEPOILB_01887,MHMAIFBA_01883,KGLDIDPM_01884,CFOCILDN_02249
group_1564,,hypothetical protein,MFCJNMFM_01449,JIEPOILB_01450,MHMAIFBA_01490,KGLDIDPM_01447,CFOCILDN_03070
feoC,feoC,putative [Fe-S]-dependent transcriptional repressor,MFCJNMFM_00380,JIEPOILB_00380,MHMAIFBA_00331,KGLDIDPM_00379,CFOCILDN_02681
zapB,zapB,Cell division protein ZapB,MFCJNMFM_00101,JIEPOILB_00100,MHMAIFBA_00100,KGLDIDPM_00100,CFOCILDN_04349
pspG,pspG,Phage shock protein G,MFCJNMFM_04780,JIEPOILB_04784,MHMAIFBA_04743,KGLDIDPM_04784,CFOCILDN_03563
relB,relB,Antitoxin RelB,MFCJNMFM_04610,JIEPOILB_04614,MHMAIFBA_04595,KGLDIDPM_04614,CFOCILDN_02939
xseB,xseB,Exodeoxyribonuclease 7 small subunit,MFCJNMFM_03930,JIEPOILB_03934,MHMAIFBA_03996,KGLDIDPM_03934,CFOCILDN_02587
group_1558,,hypothetical protein,MFCJNMFM_03100,JIEPOILB_02160,MHMAIFBA_03078,KGLDIDPM_03104,CFOCILDN_04306
group_1557,,hypothetical protein,MFCJNMFM_02112,JIEPOILB_03149,MHMAIFBA_02064,KGLDIDPM_02115,CFOCILDN_02413
yhdT,yhdT,putative membrane protein YhdT,MFCJNMFM_00517,JIEPOILB_00518,MHMAIFBA_00468,KGLDIDPM_00517,CFOCILDN_01924
ycgZ,ycgZ,putative two-component-system connector protein YcgZ,MFCJNMFM_03656,JIEPOILB_03660,MHMAIFBA_03508,KGLDIDPM_03660,CFOCILDN_04703
group_1551,,hypothetical protein,MFCJNMFM_02497,JIEPOILB_02763,MHMAIFBA_02441,KGLDIDPM_02499,CFOCILDN_00577
pmrD,pmrD,Signal transduction protein PmrD,MFCJNMFM_01838,JIEPOILB_01844,MHMAIFBA_01839,KGLDIDPM_01841,CFOCILDN_02206
nrdH,nrdH,Glutaredoxin-like protein NrdH,MFCJNMFM_01186,JIEPOILB_01186,MHMAIFBA_01175,KGLDIDPM_01184,CFOCILDN_03921
tusA,tusA,Sulfur carrier protein TusA,MFCJNMFM_00323,JIEPOILB_00323,MHMAIFBA_00275,KGLDIDPM_00322,CFOCILDN_02737
group_1544,,hypothetical protein,MFCJNMFM_05037,JIEPOILB_05040,MHMAIFBA_04995,KGLDIDPM_05040,CFOCILDN_03882
group_1543,,hypothetical protein,MFCJNMFM_03734,JIEPOILB_03738,MHMAIFBA_03725,KGLDIDPM_03738,CFOCILDN_03673
moaD,moaD,Molybdopterin synthase sulfur carrier subunit,MFCJNMFM_03469,JIEPOILB_03473,MHMAIFBA_03477,KGLDIDPM_03473,CFOCILDN_02156
group_1542,,hypothetical protein,MFCJNMFM_02665,JIEPOILB_02595,MHMAIFBA_02599,KGLDIDPM_02667,CFOCILDN_00408
group_1541,,hypothetical protein,MFCJNMFM_02182,JIEPOILB_03079,MHMAIFBA_02134,KGLDIDPM_02185,CFOCILDN_00887
rpsP,rpsP,Small ribosomal subunit protein bS16,MFCJNMFM_01216,JIEPOILB_01216,MHMAIFBA_01272,KGLDIDPM_01214,CFOCILDN_03980
tatA,tatA,Sec-independent protein translocase protein TatA,MFCJNMFM_04888,JIEPOILB_04891,MHMAIFBA_04847,KGLDIDPM_04891,CFOCILDN_04184
group_1539,,hypothetical protein,MFCJNMFM_04048,JIEPOILB_04052,MHMAIFBA_04111,KGLDIDPM_04052,CFOCILDN_04061
dinI_2,dinI_2,DNA damage-inducible protein I,MFCJNMFM_03208,JIEPOILB_02052,MHMAIFBA_03176,KGLDIDPM_03212,CFOCILDN_03411
yciN,yciN,Protein YciN,MFCJNMFM_03011,JIEPOILB_02249,MHMAIFBA_02977,KGLDIDPM_03014,CFOCILDN_00063
group_1538,,hypothetical protein,MFCJNMFM_01885,JIEPOILB_01891,MHMAIFBA_01887,KGLDIDPM_01888,CFOCILDN_02253
grxC,grxC,Glutaredoxin 3,MFCJNMFM_00203,JIEPOILB_00203,MHMAIFBA_00155,KGLDIDPM_00202,CFOCILDN_02855
group_1533,,hypothetical protein,MFCJNMFM_04430,JIEPOILB_04434,MHMAIFBA_04479,KGLDIDPM_04434,CFOCILDN_00969
bssS,bssS,Biofilm regulator BssS,MFCJNMFM_03209,JIEPOILB_02051,MHMAIFBA_03177,KGLDIDPM_03213,CFOCILDN_03412
group_1531,,hypothetical protein,MFCJNMFM_01646,JIEPOILB_01647,MHMAIFBA_01612,KGLDIDPM_01644,CFOCILDN_03218
ibaG,ibaG,Acid stress protein IbaG,MFCJNMFM_00574,JIEPOILB_00575,MHMAIFBA_00526,KGLDIDPM_00574,CFOCILDN_01867
rpsQ,rpsQ,Small ribosomal subunit protein uS17,MFCJNMFM_00450,JIEPOILB_00450,MHMAIFBA_00401,KGLDIDPM_00449,CFOCILDN_04851
ilvM,ilvM,Acetolactate synthase isozyme 2 small subunit,MFCJNMFM_04952,JIEPOILB_04955,MHMAIFBA_04912,KGLDIDPM_04955,CFOCILDN_04248
group_1528,,hypothetical protein,MFCJNMFM_04057,JIEPOILB_04061,MHMAIFBA_04120,KGLDIDPM_04061,CFOCILDN_04052
group_1527,,hypothetical protein,MFCJNMFM_03885,JIEPOILB_03889,MHMAIFBA_03951,KGLDIDPM_03889,CFOCILDN_02542
bhsA_1,bhsA_1,Multiple stress resistance protein BhsA,MFCJNMFM_03171,JIEPOILB_02089,MHMAIFBA_03139,KGLDIDPM_03175,CFOCILDN_03374
group_1526,,hypothetical protein,MFCJNMFM_02938,JIEPOILB_02322,MHMAIFBA_02844,KGLDIDPM_02940,CFOCILDN_00136
ptsH,ptsH,Phosphocarrier protein HPr,MFCJNMFM_01452,JIEPOILB_01453,MHMAIFBA_01493,KGLDIDPM_01450,CFOCILDN_03067
rpmA,rpmA,Large ribosomal subunit protein bL27,MFCJNMFM_00579,JIEPOILB_00580,MHMAIFBA_00531,KGLDIDPM_00579,CFOCILDN_01862
group_1524,,hypothetical protein,MFCJNMFM_00479,JIEPOILB_00480,MHMAIFBA_00430,KGLDIDPM_00479,CFOCILDN_04822
rof,rof,Protein rof,MFCJNMFM_04127,JIEPOILB_04131,MHMAIFBA_04175,KGLDIDPM_04131,CFOCILDN_01270
iraP,iraP,Anti-adapter protein IraP,MFCJNMFM_03979,JIEPOILB_03983,MHMAIFBA_04045,KGLDIDPM_03983,CFOCILDN_02635
bhsA_2,bhsA_2,Multiple stress resistance protein BhsA,MFCJNMFM_03449,JIEPOILB_03453,MHMAIFBA_03456,KGLDIDPM_03453,CFOCILDN_02136
rpmE2,rpmE2,Large ribosomal subunit protein bL31B,MFCJNMFM_03869,JIEPOILB_03873,MHMAIFBA_03935,KGLDIDPM_03873,CFOCILDN_02526
group_1512,,hypothetical protein,MFCJNMFM_03534,JIEPOILB_03538,MHMAIFBA_03619,KGLDIDPM_03538,CFOCILDN_04438
grxA,grxA,Glutaredoxin 1,MFCJNMFM_03400,JIEPOILB_03404,MHMAIFBA_03361,KGLDIDPM_03404,CFOCILDN_02044
group_1511,,hypothetical protein,MFCJNMFM_03112,JIEPOILB_02148,MHMAIFBA_03090,KGLDIDPM_03116,CFOCILDN_04294
group_1510,,hypothetical protein,MFCJNMFM_02899,JIEPOILB_02361,MHMAIFBA_02804,KGLDIDPM_02901,CFOCILDN_00175
group_1509,,hypothetical protein,MFCJNMFM_02687,JIEPOILB_02573,MHMAIFBA_02621,KGLDIDPM_02689,CFOCILDN_00386
group_1507,,hypothetical protein,MFCJNMFM_00537,JIEPOILB_00538,MHMAIFBA_00489,KGLDIDPM_00537,CFOCILDN_01904
tacA3,tacA3,Antitoxin TacA3,MFCJNMFM_04466,JIEPOILB_04470,MHMAIFBA_04503,KGLDIDPM_04470,CFOCILDN_04889
ybiI,ybiI,putative protein YbiI,MFCJNMFM_03448,JIEPOILB_03452,MHMAIFBA_03455,KGLDIDPM_03452,CFOCILDN_02135
ulaB_1,ulaB_1,Ascorbate-specific PTS system EIIB component,MFCJNMFM_02595,JIEPOILB_02665,MHMAIFBA_02543,KGLDIDPM_02597,CFOCILDN_00479
sdhE,sdhE,FAD assembly factor SdhE,MFCJNMFM_00844,JIEPOILB_00845,MHMAIFBA_00861,KGLDIDPM_00844,CFOCILDN_01597
group_1499,,hypothetical protein,MFCJNMFM_00536,JIEPOILB_00537,MHMAIFBA_00488,KGLDIDPM_00536,CFOCILDN_01905
yihD,yihD,Protein YihD,MFCJNMFM_05054,JIEPOILB_05057,MHMAIFBA_05012,KGLDIDPM_05057,CFOCILDN_03899
group_1496,,hypothetical protein,MFCJNMFM_05024,JIEPOILB_05027,MHMAIFBA_04982,KGLDIDPM_05027,CFOCILDN_03869
ynfD,ynfD,putative protein YnfD,MFCJNMFM_02774,JIEPOILB_02486,MHMAIFBA_02677,KGLDIDPM_02776,CFOCILDN_00300
minE,minE,Cell division topological specificity factor,MFCJNMFM_02032,JIEPOILB_03229,MHMAIFBA_01967,KGLDIDPM_02035,CFOCILDN_02333
rpsO,rpsO,Small ribosomal subunit protein uS15,MFCJNMFM_00601,JIEPOILB_00602,MHMAIFBA_00553,KGLDIDPM_00601,CFOCILDN_01840
group_1494,,hypothetical protein,MFCJNMFM_00379,JIEPOILB_00379,MHMAIFBA_00330,KGLDIDPM_00378,CFOCILDN_02682
hupA,hupA,DNA-binding protein HU-alpha,MFCJNMFM_04838,JIEPOILB_04842,MHMAIFBA_04799,KGLDIDPM_04842,CFOCILDN_04784
group_1490,,hypothetical protein,MFCJNMFM_04809,JIEPOILB_04813,MHMAIFBA_04771,KGLDIDPM_04813,CFOCILDN_03590
hupB_1,hupB_1,DNA-binding protein HU-beta,MFCJNMFM_03902,JIEPOILB_03906,MHMAIFBA_03968,KGLDIDPM_03906,CFOCILDN_02559
rcnR,rcnR,Transcriptional repressor RcnR,MFCJNMFM_03880,JIEPOILB_03884,MHMAIFBA_03946,KGLDIDPM_03884,CFOCILDN_02537
group_1489,,hypothetical protein,MFCJNMFM_03806,JIEPOILB_03810,MHMAIFBA_03802,KGLDIDPM_03810,CFOCILDN_02462
hypC,hypC,Hydrogenase maturation factor HypC,MFCJNMFM_01125,JIEPOILB_01125,MHMAIFBA_01113,KGLDIDPM_01124,CFOCILDN_01323
yjdJ,yjdJ,putative protein YjdJ,MFCJNMFM_00875,JIEPOILB_00876,MHMAIFBA_00891,KGLDIDPM_00875,CFOCILDN_01566
group_1487,,hypothetical protein,MFCJNMFM_00873,JIEPOILB_00874,MHMAIFBA_00889,KGLDIDPM_00873,CFOCILDN_01568
ubiK,ubiK,Ubiquinone biosynthesis accessory factor UbiK,MFCJNMFM_00725,JIEPOILB_00726,MHMAIFBA_00676,KGLDIDPM_00725,CFOCILDN_01717
group_1486,,hypothetical protein,MFCJNMFM_00576,JIEPOILB_00577,MHMAIFBA_00528,KGLDIDPM_00576,CFOCILDN_01865
ptsO,ptsO,Phosphocarrier protein NPr,MFCJNMFM_00558,JIEPOILB_00559,MHMAIFBA_00510,KGLDIDPM_00558,CFOCILDN_01883
group_1483,,hypothetical protein,MFCJNMFM_04558,JIEPOILB_04562,MHMAIFBA_04642,KGLDIDPM_04562,CFOCILDN_02990
group_1482,,hypothetical protein,MFCJNMFM_04546,JIEPOILB_04550,MHMAIFBA_04654,KGLDIDPM_04550,CFOCILDN_03002
frmR,frmR,Transcriptional repressor FrmR,MFCJNMFM_02384,JIEPOILB_02877,MHMAIFBA_02333,KGLDIDPM_02386,CFOCILDN_00689
group_1481,,hypothetical protein,MFCJNMFM_02097,JIEPOILB_03164,MHMAIFBA_02049,KGLDIDPM_02100,CFOCILDN_02398
pduJ_1,pduJ_1,Bacterial microcompartment shell protein PduJ,MFCJNMFM_00961,JIEPOILB_00962,MHMAIFBA_00978,KGLDIDPM_00961,CFOCILDN_01481
pduN,pduN,Bacterial microcompartment shell vertex protein PduN,MFCJNMFM_00957,JIEPOILB_00958,MHMAIFBA_00974,KGLDIDPM_00957,CFOCILDN_01485
yggX,yggX,putative Fe(2+)-trafficking protein,MFCJNMFM_00776,JIEPOILB_00777,MHMAIFBA_00793,KGLDIDPM_00776,CFOCILDN_01666
yhcO,yhcO,putative protein YhcO,MFCJNMFM_00535,JIEPOILB_00536,MHMAIFBA_00487,KGLDIDPM_00535,CFOCILDN_01906
group_1476,,hypothetical protein,MFCJNMFM_00327,JIEPOILB_00327,MHMAIFBA_00279,KGLDIDPM_00326,CFOCILDN_02733
rpoZ,rpoZ,DNA-directed RNA polymerase subunit omega,MFCJNMFM_00113,JIEPOILB_00112,MHMAIFBA_00112,KGLDIDPM_00112,CFOCILDN_04337
group_1473,,hypothetical protein,MFCJNMFM_03082,JIEPOILB_02178,MHMAIFBA_03060,KGLDIDPM_03086,CFOCILDN_04324
pqqD,pqqD,PqqA binding protein,MFCJNMFM_02534,JIEPOILB_02726,MHMAIFBA_02472,KGLDIDPM_02536,CFOCILDN_00540
group_1472,,hypothetical protein,MFCJNMFM_00468,JIEPOILB_00469,MHMAIFBA_00419,KGLDIDPM_00468,CFOCILDN_04833
rpsS,rpsS,Small ribosomal subunit protein uS19,MFCJNMFM_00445,JIEPOILB_00445,MHMAIFBA_00396,KGLDIDPM_00444,CFOCILDN_04856
ppiC_2,ppiC_2,Peptidyl-prolyl cis-trans isomerase C,MFCJNMFM_04946,JIEPOILB_04949,MHMAIFBA_04906,KGLDIDPM_04949,CFOCILDN_04242
ppiC_1,ppiC_1,Peptidyl-prolyl cis-trans isomerase C,MFCJNMFM_04945,JIEPOILB_04948,MHMAIFBA_04905,KGLDIDPM_04948,CFOCILDN_04241
group_1466,,hypothetical protein,MFCJNMFM_04757,JIEPOILB_04761,MHMAIFBA_04719,KGLDIDPM_04761,CFOCILDN_03540
yccX,yccX,Acylphosphatase,MFCJNMFM_03278,JIEPOILB_01982,MHMAIFBA_03245,KGLDIDPM_03282,CFOCILDN_03481
ycgL,ycgL,Protein YcgL,MFCJNMFM_02035,JIEPOILB_03226,MHMAIFBA_01970,KGLDIDPM_02038,CFOCILDN_02336
drpB,drpB,Cell division protein DrpB,MFCJNMFM_01854,JIEPOILB_01860,MHMAIFBA_01856,KGLDIDPM_01857,CFOCILDN_02222
group_1464,,hypothetical protein,MFCJNMFM_01576,JIEPOILB_01577,MHMAIFBA_01541,KGLDIDPM_01574,CFOCILDN_04158
cbiN,cbiN,Cobalt transport protein CbiN,MFCJNMFM_00986,JIEPOILB_00987,MHMAIFBA_01001,KGLDIDPM_00986,CFOCILDN_01458
relE,relE,mRNA interferase toxin RelE,MFCJNMFM_04611,JIEPOILB_04615,MHMAIFBA_04594,KGLDIDPM_04615,CFOCILDN_02938
group_1458,,hypothetical protein,MFCJNMFM_04208,JIEPOILB_04212,MHMAIFBA_04259,KGLDIDPM_04212,CFOCILDN_01189
ppnP,ppnP,Pyrimidine/purine nucleoside phosphorylase,MFCJNMFM_03970,JIEPOILB_03974,MHMAIFBA_04036,KGLDIDPM_03974,CFOCILDN_02626
group_1456,,hypothetical protein,MFCJNMFM_02310,JIEPOILB_02951,MHMAIFBA_02260,KGLDIDPM_02312,CFOCILDN_00763
group_1455,,hypothetical protein,MFCJNMFM_02154,JIEPOILB_03107,MHMAIFBA_02106,KGLDIDPM_02157,CFOCILDN_00915
rplY,rplY,Large ribosomal subunit protein bL25,MFCJNMFM_01673,JIEPOILB_01673,MHMAIFBA_01638,KGLDIDPM_01670,CFOCILDN_03244
group_1454,,hypothetical protein,MFCJNMFM_01566,JIEPOILB_01567,MHMAIFBA_01530,KGLDIDPM_01564,CFOCILDN_04168
gatB,gatB,PTS system galactitol-specific EIIB component,MFCJNMFM_00625,JIEPOILB_00626,MHMAIFBA_00577,KGLDIDPM_00625,CFOCILDN_01816
group_1449,,hypothetical protein,MFCJNMFM_03952,JIEPOILB_03956,MHMAIFBA_04018,KGLDIDPM_03956,CFOCILDN_02609
ihfB,ihfB,Integration host factor subunit beta,MFCJNMFM_03340,JIEPOILB_03344,MHMAIFBA_03300,KGLDIDPM_03344,CFOCILDN_01985
paaB,paaB,12-phenylacetyl-CoA epoxidase subunit B,MFCJNMFM_02885,JIEPOILB_02375,MHMAIFBA_02790,KGLDIDPM_02887,CFOCILDN_00189
hipB,hipB,Antitoxin HipB,MFCJNMFM_02675,JIEPOILB_02585,MHMAIFBA_02609,KGLDIDPM_02677,CFOCILDN_00398
group_1448,,hypothetical protein,MFCJNMFM_02668,JIEPOILB_02592,MHMAIFBA_02602,KGLDIDPM_02670,CFOCILDN_00405
eutN,eutN,Bacterial microcompartment shell vertex protein EutN,MFCJNMFM_01423,JIEPOILB_01424,MHMAIFBA_01465,KGLDIDPM_01421,CFOCILDN_03095
group_1447,,hypothetical protein,MFCJNMFM_00759,JIEPOILB_00760,MHMAIFBA_00710,KGLDIDPM_00759,CFOCILDN_01683
hpf_1,hpf_1,Ribosome hibernation promoting factor,MFCJNMFM_00561,JIEPOILB_00562,MHMAIFBA_00513,KGLDIDPM_00561,CFOCILDN_01880
tusB,tusB,Protein TusB,MFCJNMFM_00432,JIEPOILB_00432,MHMAIFBA_00383,KGLDIDPM_00431,CFOCILDN_04526
ilvN,ilvN,Acetolactate synthase isozyme 1 small subunit,MFCJNMFM_00034,JIEPOILB_00034,MHMAIFBA_00034,KGLDIDPM_00034,CFOCILDN_03792
group_1442,,hypothetical protein,MFCJNMFM_04699,JIEPOILB_04703,MHMAIFBA_04713,KGLDIDPM_04703,CFOCILDN_04908
group_1441,,hypothetical protein,MFCJNMFM_03612,JIEPOILB_03616,MHMAIFBA_03543,KGLDIDPM_03616,CFOCILDN_04628
group_1440,,hypothetical protein,MFCJNMFM_02698,JIEPOILB_02562,MHMAIFBA_02631,KGLDIDPM_02700,CFOCILDN_00375
catC,catC,Muconolactone Delta-isomerase,MFCJNMFM_02468,JIEPOILB_02792,MHMAIFBA_02413,KGLDIDPM_02470,CFOCILDN_00606
group_1439,,hypothetical protein,MFCJNMFM_02011,JIEPOILB_03250,MHMAIFBA_01946,KGLDIDPM_02014,CFOCILDN_02312
eutM,eutM,Bacterial microcompartment shell protein EutM,MFCJNMFM_01422,JIEPOILB_01423,MHMAIFBA_01464,KGLDIDPM_01420,CFOCILDN_03096
group_1438,,hypothetical protein,MFCJNMFM_01208,JIEPOILB_01208,MHMAIFBA_01264,KGLDIDPM_01206,CFOCILDN_03972
group_1437,,hypothetical protein,MFCJNMFM_00783,JIEPOILB_00784,MHMAIFBA_00800,KGLDIDPM_00783,CFOCILDN_01659
hdeB_2,hdeB_2,Acid stress chaperone HdeB,MFCJNMFM_00699,JIEPOILB_00700,MHMAIFBA_00650,KGLDIDPM_00699,CFOCILDN_01742
mlaB,mlaB,Intermembrane phospholipid transport system binding protein MlaB,MFCJNMFM_00573,JIEPOILB_00574,MHMAIFBA_00525,KGLDIDPM_00573,CFOCILDN_01868
group_1436,,hypothetical protein,MFCJNMFM_00242,JIEPOILB_00242,MHMAIFBA_00192,KGLDIDPM_00241,CFOCILDN_02818
ycnE,ycnE,Putative monooxygenase YcnE,MFCJNMFM_00087,JIEPOILB_00086,MHMAIFBA_00086,KGLDIDPM_00086,CFOCILDN_04363
group_1435,,hypothetical protein,MFCJNMFM_00062,JIEPOILB_00062,MHMAIFBA_00063,KGLDIDPM_00062,CFOCILDN_04387
group_1430,,hypothetical protein,MFCJNMFM_04539,JIEPOILB_04543,MHMAIFBA_04661,KGLDIDPM_04543,CFOCILDN_03009
groES,groES,Co-chaperonin GroES,MFCJNMFM_04496,JIEPOILB_04500,MHMAIFBA_04702,KGLDIDPM_04500,CFOCILDN_03050
citD,citD,Citrate lyase acyl carrier protein,MFCJNMFM_04294,JIEPOILB_04298,MHMAIFBA_04345,KGLDIDPM_04298,CFOCILDN_01103
ybfE,ybfE,putative protein YbfE,MFCJNMFM_03579,JIEPOILB_03583,MHMAIFBA_03576,KGLDIDPM_03583,CFOCILDN_04595
group_1428,,hypothetical protein,MFCJNMFM_01104,JIEPOILB_01104,MHMAIFBA_01092,KGLDIDPM_01103,CFOCILDN_01344
group_1427,,hypothetical protein,MFCJNMFM_00864,JIEPOILB_00865,MHMAIFBA_00880,KGLDIDPM_00864,CFOCILDN_01577
yciI,yciI,Protein YciI,MFCJNMFM_02151,JIEPOILB_03110,MHMAIFBA_02103,KGLDIDPM_02154,CFOCILDN_00918
lsrG,lsrG,(4S)-4-hydroxy-5-phosphonooxypentane-23-dione isomerase,MFCJNMFM_00675,JIEPOILB_00676,MHMAIFBA_00626,KGLDIDPM_00675,CFOCILDN_01766
fis,fis,DNA-binding protein Fis,MFCJNMFM_00513,JIEPOILB_00514,MHMAIFBA_00464,KGLDIDPM_00513,CFOCILDN_01928
group_1420,,hypothetical protein,MFCJNMFM_04602,JIEPOILB_04606,MHMAIFBA_04603,KGLDIDPM_04606,CFOCILDN_02947
mdcC,mdcC,Malonate decarboxylase acyl carrier protein,MFCJNMFM_02793,JIEPOILB_02467,MHMAIFBA_02698,KGLDIDPM_02795,CFOCILDN_00281
group_1419,,hypothetical protein,MFCJNMFM_02429,JIEPOILB_02831,MHMAIFBA_02377,KGLDIDPM_02431,CFOCILDN_00645
ihfA,ihfA,Integration host factor subunit alpha,MFCJNMFM_02164,JIEPOILB_03097,MHMAIFBA_02116,KGLDIDPM_02167,CFOCILDN_00905
ygaV,ygaV,HTH-type transcriptional regulator YgaV,MFCJNMFM_01197,JIEPOILB_01197,MHMAIFBA_01185,KGLDIDPM_01195,CFOCILDN_03931
group_1417,,hypothetical protein,MFCJNMFM_00869,JIEPOILB_00870,MHMAIFBA_00885,KGLDIDPM_00869,CFOCILDN_01572
group_1415,,hypothetical protein,MFCJNMFM_00367,JIEPOILB_00367,MHMAIFBA_00318,KGLDIDPM_00366,CFOCILDN_02694
yaiY,yaiY,Inner membrane protein YaiY,MFCJNMFM_03984,JIEPOILB_03988,MHMAIFBA_04050,KGLDIDPM_03988,CFOCILDN_02640
group_1409,,hypothetical protein,MFCJNMFM_03676,JIEPOILB_03680,MHMAIFBA_03665,KGLDIDPM_03680,CFOCILDN_03615
nuoK,nuoK,NADH-quinone oxidoreductase subunit K,MFCJNMFM_01621,JIEPOILB_01622,MHMAIFBA_01586,KGLDIDPM_01619,CFOCILDN_04113
ureA,ureA,Urease subunit gamma,MFCJNMFM_00714,JIEPOILB_00715,MHMAIFBA_00665,KGLDIDPM_00714,CFOCILDN_01728
rplW,rplW,Large ribosomal subunit protein uL23,MFCJNMFM_00443,JIEPOILB_00443,MHMAIFBA_00394,KGLDIDPM_00442,CFOCILDN_04858
group_1407,,hypothetical protein,MFCJNMFM_00234,JIEPOILB_00234,MHMAIFBA_00186,KGLDIDPM_00233,CFOCILDN_02824
chbA_1,chbA_1,PTS system NN'-diacetylchitobiose-specific EIIA component,MFCJNMFM_00051,JIEPOILB_00051,MHMAIFBA_00052,KGLDIDPM_00051,CFOCILDN_04398
celA_4,celA_4,PTS system cellobiose-specific EIIB component,MFCJNMFM_04851,JIEPOILB_04855,MHMAIFBA_04812,KGLDIDPM_04855,CFOCILDN_04771
ulaB_2,ulaB_2,Ascorbate-specific PTS system EIIB component,MFCJNMFM_04552,JIEPOILB_04556,MHMAIFBA_04648,KGLDIDPM_04556,CFOCILDN_02996
group_1404,,hypothetical protein,MFCJNMFM_03814,JIEPOILB_03818,MHMAIFBA_03810,KGLDIDPM_03818,CFOCILDN_02470
group_1403,,hypothetical protein,MFCJNMFM_03655,JIEPOILB_03659,MHMAIFBA_03509,KGLDIDPM_03659,CFOCILDN_04702
hdeB_1,hdeB_1,Acid stress chaperone HdeB,MFCJNMFM_00694,JIEPOILB_00695,MHMAIFBA_00645,KGLDIDPM_00694,CFOCILDN_01747
yqjD,yqjD,putative protein YqjD,MFCJNMFM_00651,JIEPOILB_00652,MHMAIFBA_00602,KGLDIDPM_00651,CFOCILDN_01790
rpsN,rpsN,Small ribosomal subunit protein uS14,MFCJNMFM_00454,JIEPOILB_00454,MHMAIFBA_00405,KGLDIDPM_00453,CFOCILDN_04847
celA_3,celA_3,PTS system cellobiose-specific EIIB component,MFCJNMFM_04615,JIEPOILB_04619,MHMAIFBA_04590,KGLDIDPM_04619,CFOCILDN_02934
bsmA,bsmA,Lipoprotein BsmA,MFCJNMFM_04547,JIEPOILB_04551,MHMAIFBA_04653,KGLDIDPM_04551,CFOCILDN_03001
hfq,hfq,RNA-binding protein Hfq,MFCJNMFM_04535,JIEPOILB_04539,MHMAIFBA_04665,KGLDIDPM_04539,CFOCILDN_03013
group_1400,,hypothetical protein,MFCJNMFM_03573,JIEPOILB_03577,MHMAIFBA_03581,KGLDIDPM_03577,CFOCILDN_04589
lapA,lapA,Lipopolysaccharide assembly protein A,MFCJNMFM_03004,JIEPOILB_02256,MHMAIFBA_02970,KGLDIDPM_03007,CFOCILDN_00070
symE,symE,Endoribonuclease SymE,MFCJNMFM_01137,JIEPOILB_01137,MHMAIFBA_01125,KGLDIDPM_01136,CFOCILDN_01311
group_1398,,hypothetical protein,MFCJNMFM_00860,JIEPOILB_00861,MHMAIFBA_00877,KGLDIDPM_00860,CFOCILDN_01581
group_1397,,hypothetical protein,MFCJNMFM_00800,JIEPOILB_00801,MHMAIFBA_00817,KGLDIDPM_00800,CFOCILDN_01642
atl,atl,DNA base-flipping protein,MFCJNMFM_03887,JIEPOILB_03891,MHMAIFBA_03953,KGLDIDPM_03891,CFOCILDN_02544
group_1390,,hypothetical protein,MFCJNMFM_03092,JIEPOILB_02168,MHMAIFBA_03070,KGLDIDPM_03096,CFOCILDN_04314
group_1389,,hypothetical protein,MFCJNMFM_02686,JIEPOILB_02574,MHMAIFBA_02620,KGLDIDPM_02688,CFOCILDN_00387
group_1388,,hypothetical protein,MFCJNMFM_01808,JIEPOILB_01814,MHMAIFBA_01784,KGLDIDPM_01811,CFOCILDN_04819
yqfB,yqfB,N(4)-acetylcytidine amidohydrolase,MFCJNMFM_00841,JIEPOILB_00842,MHMAIFBA_00858,KGLDIDPM_00841,CFOCILDN_01600
rplU,rplU,Large ribosomal subunit protein bL21,MFCJNMFM_00578,JIEPOILB_00579,MHMAIFBA_00530,KGLDIDPM_00578,4_refound_5
rpsJ,rpsJ,Small ribosomal subunit protein uS10,MFCJNMFM_00440,JIEPOILB_00440,MHMAIFBA_00391,KGLDIDPM_00439,CFOCILDN_04861
group_1383,,hypothetical protein,MFCJNMFM_05027,JIEPOILB_05030,MHMAIFBA_04985,KGLDIDPM_05030,CFOCILDN_03872
rhaM,rhaM,L-rhamnose mutarotase,MFCJNMFM_05015,JIEPOILB_05018,MHMAIFBA_04973,KGLDIDPM_05018,CFOCILDN_03860
priB,priB,Replication restart protein PriB,MFCJNMFM_04560,JIEPOILB_04564,MHMAIFBA_04640,KGLDIDPM_04564,CFOCILDN_02988
bolA,bolA,DNA-binding transcriptional regulator BolA,MFCJNMFM_03907,JIEPOILB_03911,MHMAIFBA_03973,KGLDIDPM_03911,CFOCILDN_02564
group_1382,,hypothetical protein,MFCJNMFM_03872,JIEPOILB_03876,MHMAIFBA_03938,KGLDIDPM_03876,CFOCILDN_02529
group_1381,,hypothetical protein,MFCJNMFM_02834,JIEPOILB_02426,2_refound_2_pseudo,KGLDIDPM_02836,CFOCILDN_00240
group_1380,,hypothetical protein,MFCJNMFM_01168,JIEPOILB_01168,MHMAIFBA_01157,KGLDIDPM_01166,CFOCILDN_03903
gmuB,gmuB,PTS system oligo-beta-mannoside-specific EIIB component,MFCJNMFM_01117,JIEPOILB_01117,MHMAIFBA_01105,KGLDIDPM_01116,CFOCILDN_01331
chbA_2,chbA_2,PTS system NN'-diacetylchitobiose-specific EIIA component,MFCJNMFM_01115,JIEPOILB_01115,MHMAIFBA_01103,KGLDIDPM_01114,CFOCILDN_01333
ygiN,ygiN,putative quinol monooxygenase YgiN,MFCJNMFM_00737,JIEPOILB_00738,MHMAIFBA_00688,KGLDIDPM_00737,CFOCILDN_01705
rplX,rplX,Large ribosomal subunit protein uL24,MFCJNMFM_00452,JIEPOILB_00452,MHMAIFBA_00403,KGLDIDPM_00451,CFOCILDN_04849
celA_1,celA_1,PTS system cellobiose-specific EIIB component,MFCJNMFM_00053,JIEPOILB_00053,MHMAIFBA_00054,KGLDIDPM_00053,CFOCILDN_04396
metJ,metJ,Met repressor,MFCJNMFM_04988,JIEPOILB_04991,MHMAIFBA_04946,KGLDIDPM_04991,CFOCILDN_03833
chbA_5,chbA_5,PTS system NN'-diacetylchitobiose-specific EIIA component,MFCJNMFM_04852,JIEPOILB_04856,MHMAIFBA_04813,KGLDIDPM_04856,CFOCILDN_04770
gdx_1,gdx_1,Guanidinium exporter,MFCJNMFM_04513,JIEPOILB_04517,MHMAIFBA_04687,KGLDIDPM_04517,CFOCILDN_03033
group_1375,,hypothetical protein,MFCJNMFM_04459,JIEPOILB_04463,MHMAIFBA_04496,KGLDIDPM_04463,CFOCILDN_00940
psiF,psiF,Phosphate starvation-inducible protein PsiF,MFCJNMFM_03977,JIEPOILB_03981,MHMAIFBA_04043,KGLDIDPM_03981,CFOCILDN_02633
rsfS,rsfS,Ribosomal silencing factor RsfS,MFCJNMFM_03540,JIEPOILB_03544,MHMAIFBA_03613,KGLDIDPM_03544,CFOCILDN_04444
clpS,clpS,ATP-dependent Clp protease adapter protein ClpS,MFCJNMFM_03365,JIEPOILB_03369,MHMAIFBA_03325,KGLDIDPM_03369,CFOCILDN_02010
hspQ,hspQ,Heat shock protein HspQ,MFCJNMFM_03282,JIEPOILB_01978,MHMAIFBA_03249,KGLDIDPM_03286,CFOCILDN_03485
rcnB,rcnB,Nickel/cobalt homeostasis protein RcnB,MFCJNMFM_01733,JIEPOILB_01733,MHMAIFBA_01699,KGLDIDPM_01730,CFOCILDN_03304
ftsB,ftsB,Cell division protein FtsB,MFCJNMFM_01069,JIEPOILB_01069,MHMAIFBA_01067,KGLDIDPM_01068,CFOCILDN_01378
cyaY,cyaY,Iron-sulfur cluster assembly protein CyaY,MFCJNMFM_04914,JIEPOILB_04917,MHMAIFBA_04873,KGLDIDPM_04917,CFOCILDN_04210
group_1370,,hypothetical protein,MFCJNMFM_03919,JIEPOILB_03923,MHMAIFBA_03985,KGLDIDPM_03923,CFOCILDN_02576
chbB,chbB,PTS system NN'-diacetylchitobiose-specific EIIB component,MFCJNMFM_03049,JIEPOILB_02211,MHMAIFBA_03019,KGLDIDPM_03052,CFOCILDN_00025
group_1369,,hypothetical protein,MFCJNMFM_02700,JIEPOILB_02560,MHMAIFBA_02633,KGLDIDPM_02702,CFOCILDN_00373
group_1368,,hypothetical protein,MFCJNMFM_02183,JIEPOILB_03078,MHMAIFBA_02135,KGLDIDPM_02186,CFOCILDN_00886
group_1363,,hypothetical protein,MFCJNMFM_00944,JIEPOILB_00945,MHMAIFBA_00961,KGLDIDPM_00944,CFOCILDN_01498
ureB,ureB,Urease subunit beta,MFCJNMFM_00713,JIEPOILB_00714,MHMAIFBA_00664,KGLDIDPM_00713,CFOCILDN_01729
group_1362,,hypothetical protein,MFCJNMFM_00611,JIEPOILB_00612,MHMAIFBA_00563,KGLDIDPM_00611,CFOCILDN_01830
yhhA,yhhA,putative protein YhhA,MFCJNMFM_00351,JIEPOILB_00351,MHMAIFBA_00302,KGLDIDPM_00350,CFOCILDN_02710
group_1357,,hypothetical protein,MFCJNMFM_05021,JIEPOILB_05024,MHMAIFBA_04979,KGLDIDPM_05024,CFOCILDN_03866
cutA,cutA,Divalent-cation tolerance protein CutA,MFCJNMFM_04491,JIEPOILB_04495,MHMAIFBA_04707,KGLDIDPM_04495,CFOCILDN_03055
group_1356,,hypothetical protein,MFCJNMFM_03133,JIEPOILB_02127,MHMAIFBA_03110,KGLDIDPM_03137,CFOCILDN_04274
group_1355,,hypothetical protein,MFCJNMFM_02893,JIEPOILB_02367,MHMAIFBA_02798,KGLDIDPM_02895,CFOCILDN_00181
tmaR,tmaR,Pole-localizer protein TmaR,MFCJNMFM_01816,JIEPOILB_01822,MHMAIFBA_01792,KGLDIDPM_01819,CFOCILDN_02184
iscA,iscA,Iron-binding protein IscA,MFCJNMFM_01351,JIEPOILB_01352,MHMAIFBA_01345,KGLDIDPM_01349,CFOCILDN_03167
group_1354,,hypothetical protein,MFCJNMFM_01239,JIEPOILB_01239,MHMAIFBA_01296,KGLDIDPM_01237,CFOCILDN_03216
group_1353,,hypothetical protein,MFCJNMFM_00939,JIEPOILB_00940,MHMAIFBA_00956,KGLDIDPM_00939,CFOCILDN_01503
ndoA,ndoA,Naphthalene 12-dioxygenase system ferredoxin component,MFCJNMFM_00799,JIEPOILB_00800,MHMAIFBA_00816,KGLDIDPM_00799,CFOCILDN_01643
group_1352,,hypothetical protein,MFCJNMFM_00040,JIEPOILB_00040,MHMAIFBA_00040,KGLDIDPM_00040,CFOCILDN_03798
yciH,yciH,putative protein YciH,MFCJNMFM_03001,JIEPOILB_02259,MHMAIFBA_02967,KGLDIDPM_03004,CFOCILDN_00073
group_1348,,hypothetical protein,MFCJNMFM_02770,JIEPOILB_02490,MHMAIFBA_02673,KGLDIDPM_02772,CFOCILDN_00304
pucM,pucM,5-hydroxyisourate hydrolase,MFCJNMFM_02676,JIEPOILB_02584,MHMAIFBA_02610,KGLDIDPM_02678,CFOCILDN_00397
ygbE,ygbE,Inner membrane protein YgbE,MFCJNMFM_01068,JIEPOILB_01068,MHMAIFBA_01066,KGLDIDPM_01067,CFOCILDN_01379
group_1347,,hypothetical protein,MFCJNMFM_00916,JIEPOILB_00917,MHMAIFBA_00933,KGLDIDPM_00916,CFOCILDN_01526
group_1346,,putative protein,MFCJNMFM_00779,JIEPOILB_00780,MHMAIFBA_00796,KGLDIDPM_00779,CFOCILDN_01663
nirD,nirD,Nitrite reductase (NADH) small subunit,MFCJNMFM_00406,JIEPOILB_00406,MHMAIFBA_00357,KGLDIDPM_00405,CFOCILDN_04500
trxA,trxA,Thioredoxin 1,MFCJNMFM_04938,JIEPOILB_04941,MHMAIFBA_04897,KGLDIDPM_04941,CFOCILDN_04234
trpR,trpR,Trp operon repressor,MFCJNMFM_04337,JIEPOILB_04341,MHMAIFBA_04388,KGLDIDPM_04341,CFOCILDN_01060
cyoD,cyoD,Cytochrome bo(3) ubiquinol oxidase subunit 4,MFCJNMFM_03913,JIEPOILB_03917,MHMAIFBA_03979,KGLDIDPM_03917,CFOCILDN_02570
tusE,tusE,Sulfurtransferase TusE,MFCJNMFM_03277,JIEPOILB_01983,MHMAIFBA_03244,KGLDIDPM_03281,CFOCILDN_03480
mdtI,mdtI,Spermidine export protein MdtI,MFCJNMFM_02788,JIEPOILB_02472,MHMAIFBA_02693,KGLDIDPM_02790,CFOCILDN_00286
yciU,yciU,Putative double-stranded DNA mimic protein YciU,MFCJNMFM_02147,JIEPOILB_03114,MHMAIFBA_02099,KGLDIDPM_02150,CFOCILDN_00922
yqcC,yqcC,putative protein YqcC,MFCJNMFM_01044,JIEPOILB_01044,MHMAIFBA_01041,KGLDIDPM_01043,CFOCILDN_01403
group_1341,,hypothetical protein,MFCJNMFM_00865,JIEPOILB_00866,MHMAIFBA_00881,KGLDIDPM_00865,CFOCILDN_01576
zapA,zapA,Cell division protein ZapA,MFCJNMFM_00826,JIEPOILB_00827,MHMAIFBA_00843,KGLDIDPM_00826,CFOCILDN_01615
secG,secG,Protein-export membrane protein SecG,MFCJNMFM_00589,JIEPOILB_00590,MHMAIFBA_00541,KGLDIDPM_00589,CFOCILDN_01852
glpE_1,glpE_1,Thiosulfate sulfurtransferase GlpE,MFCJNMFM_00369,JIEPOILB_00369,MHMAIFBA_00320,KGLDIDPM_00368,CFOCILDN_02692
yajC,yajC,Sec translocon accessory complex subunit YajC,MFCJNMFM_03946,JIEPOILB_03950,MHMAIFBA_04012,KGLDIDPM_03950,CFOCILDN_02603
group_1338,,hypothetical protein,MFCJNMFM_03915,JIEPOILB_03919,MHMAIFBA_03981,KGLDIDPM_03919,CFOCILDN_02572
ybaB,ybaB,Nucleoid-associated protein YbaB,MFCJNMFM_03851,JIEPOILB_03855,MHMAIFBA_03917,KGLDIDPM_03855,CFOCILDN_02508
chiQ,chiQ,putative lipoprotein ChiQ,MFCJNMFM_03575,JIEPOILB_03579,MHMAIFBA_03579,KGLDIDPM_03579,CFOCILDN_04591
cedA,cedA,Cell division activator CedA,MFCJNMFM_03042,JIEPOILB_02218,MHMAIFBA_03012,KGLDIDPM_03045,CFOCILDN_00032
yeaR_1,yeaR_1,putative protein YeaR,MFCJNMFM_01827,JIEPOILB_01833,MHMAIFBA_01803,KGLDIDPM_01830,CFOCILDN_02195
group_1337,,hypothetical protein,MFCJNMFM_01097,JIEPOILB_01097,MHMAIFBA_01085,KGLDIDPM_01096,4_refound_6
yhbY,yhbY,RNA-binding protein YhbY,MFCJNMFM_00584,JIEPOILB_00585,MHMAIFBA_00536,KGLDIDPM_00584,CFOCILDN_01857
rplV,rplV,Large ribosomal subunit protein uL22,MFCJNMFM_00446,JIEPOILB_00446,MHMAIFBA_00397,KGLDIDPM_00445,CFOCILDN_04855
group_1336,,hypothetical protein,MFCJNMFM_00014,JIEPOILB_00014,MHMAIFBA_00014,KGLDIDPM_00014,CFOCILDN_03772
ydgC,ydgC,Inner membrane protein YdgC,MFCJNMFM_02832,JIEPOILB_02428,MHMAIFBA_02738,KGLDIDPM_02834,CFOCILDN_00242
group_1332,,hypothetical protein,MFCJNMFM_01828,JIEPOILB_01834,MHMAIFBA_01804,KGLDIDPM_01831,CFOCILDN_02196
eutS,eutS,Bacterial microcompartment shell protein EutS,MFCJNMFM_01417,JIEPOILB_01418,MHMAIFBA_01459,KGLDIDPM_01415,CFOCILDN_03101
fdx,fdx,2Fe-2S ferredoxin,MFCJNMFM_01354,JIEPOILB_01355,MHMAIFBA_01348,KGLDIDPM_01352,CFOCILDN_03164
raiA,raiA,Ribosome-associated inhibitor A,MFCJNMFM_01229,JIEPOILB_01229,MHMAIFBA_01285,KGLDIDPM_01227,CFOCILDN_03993
group_1330,,hypothetical protein,MFCJNMFM_01178,JIEPOILB_01178,MHMAIFBA_01167,KGLDIDPM_01176,CFOCILDN_03913
uspB,uspB,Universal stress protein B,MFCJNMFM_00300,JIEPOILB_00300,MHMAIFBA_00252,KGLDIDPM_00299,CFOCILDN_02760
maoP,maoP,Macrodomain Ori protein,MFCJNMFM_04955,JIEPOILB_04958,MHMAIFBA_04915,KGLDIDPM_04958,CFOCILDN_04251
glnK,glnK,Nitrogen regulatory protein GlnK,MFCJNMFM_03891,JIEPOILB_03895,MHMAIFBA_03957,KGLDIDPM_03895,CFOCILDN_02548
group_1324,,hypothetical protein,MFCJNMFM_03826,JIEPOILB_03830,MHMAIFBA_03891,KGLDIDPM_03830,CFOCILDN_02482
osmE,osmE,Osmotically-inducible putative lipoprotein OsmE,MFCJNMFM_03050,JIEPOILB_02210,MHMAIFBA_03020,KGLDIDPM_03053,CFOCILDN_00024
yebY,yebY,putative protein YebY,MFCJNMFM_01994,JIEPOILB_03266,MHMAIFBA_01930,KGLDIDPM_01997,CFOCILDN_02296
glnB,glnB,Nitrogen regulatory protein P-II,MFCJNMFM_01333,JIEPOILB_01334,MHMAIFBA_01327,KGLDIDPM_01331,CFOCILDN_03185
arnE,arnE,putative 4-amino-4-deoxy-L-arabinose-phosphoundecaprenol flippase subunit ArnE,MFCJNMFM_00317,JIEPOILB_00317,MHMAIFBA_00269,KGLDIDPM_00316,CFOCILDN_02743
ramA_1,ramA_1,Transcriptional regulator RamA,MFCJNMFM_03735,JIEPOILB_03739,MHMAIFBA_03726,KGLDIDPM_03739,CFOCILDN_03674
group_1319,,hypothetical protein,MFCJNMFM_02771,JIEPOILB_02489,MHMAIFBA_02674,KGLDIDPM_02773,CFOCILDN_00303
bamE,bamE,Outer membrane protein assembly factor BamE,MFCJNMFM_01209,JIEPOILB_01209,MHMAIFBA_01265,KGLDIDPM_01207,CFOCILDN_03973
group_1318,,hypothetical protein,MFCJNMFM_01108,JIEPOILB_01108,MHMAIFBA_01096,KGLDIDPM_01107,CFOCILDN_01340
ytfP,ytfP,Gamma-glutamylcyclotransferase family protein ytfP,MFCJNMFM_04582,JIEPOILB_04586,MHMAIFBA_04621,KGLDIDPM_04586,CFOCILDN_02966
erpA,erpA,Iron-sulfur cluster insertion protein ErpA,MFCJNMFM_04158,JIEPOILB_04162,MHMAIFBA_04206,KGLDIDPM_04162,CFOCILDN_01239
yiaW_2,yiaW_2,Inner membrane protein YiaW,MFCJNMFM_03784,JIEPOILB_03788,MHMAIFBA_03780,KGLDIDPM_03788,CFOCILDN_02440
group_1316,,hypothetical protein,MFCJNMFM_03163,JIEPOILB_02097,MHMAIFBA_03131,KGLDIDPM_03167,CFOCILDN_03366
group_1315,,hypothetical protein,MFCJNMFM_03081,JIEPOILB_02179,MHMAIFBA_03059,KGLDIDPM_03085,CFOCILDN_04325
yeaR_2,yeaR_2,putative protein YeaR,MFCJNMFM_02038,JIEPOILB_03223,MHMAIFBA_01973,KGLDIDPM_02041,CFOCILDN_02339
ridA_1,ridA_1,2-iminobutanoate/2-iminopropanoate deaminase,MFCJNMFM_02026,JIEPOILB_03235,MHMAIFBA_01961,KGLDIDPM_02029,CFOCILDN_02327
yejG,yejG,putative protein YejG,MFCJNMFM_01677,JIEPOILB_01677,MHMAIFBA_01642,KGLDIDPM_01674,CFOCILDN_03248
hypA,hypA,Hydrogenase maturation factor HypA,MFCJNMFM_01127,JIEPOILB_01127,MHMAIFBA_01115,KGLDIDPM_01126,CFOCILDN_01321
group_1313,,hypothetical protein,MFCJNMFM_00766,JIEPOILB_00767,MHMAIFBA_00718,KGLDIDPM_00766,CFOCILDN_01676
group_1306,,hypothetical protein,MFCJNMFM_04473,JIEPOILB_04477,MHMAIFBA_04510,KGLDIDPM_04477,CFOCILDN_04896
sdhD,sdhD,Succinate dehydrogenase hydrophobic membrane anchor subunit,MFCJNMFM_03602,JIEPOILB_03606,MHMAIFBA_03553,KGLDIDPM_03606,CFOCILDN_04618
grxD,grxD,Glutaredoxin 4,MFCJNMFM_02345,JIEPOILB_02916,MHMAIFBA_02294,KGLDIDPM_02347,CFOCILDN_00728
group_1305,,hypothetical protein,MFCJNMFM_01987,JIEPOILB_03273,MHMAIFBA_01923,KGLDIDPM_01990,CFOCILDN_02289
rplS,rplS,Large ribosomal subunit protein bL19,MFCJNMFM_01219,JIEPOILB_01219,MHMAIFBA_01275,KGLDIDPM_01217,CFOCILDN_03983
ygaM,ygaM,putative protein YgaM,MFCJNMFM_01189,JIEPOILB_01189,MHMAIFBA_01178,KGLDIDPM_01187,CFOCILDN_03924
yidH,yidH,Inner membrane protein YidH,MFCJNMFM_00022,JIEPOILB_00022,MHMAIFBA_00022,KGLDIDPM_00022,CFOCILDN_03780
pduH,pduH,Propanediol dehydratase-reactivating factor small subunit,MFCJNMFM_00962,JIEPOILB_00963,MHMAIFBA_00979,KGLDIDPM_00962,CFOCILDN_01480
pduU,pduU,Bacterial microcompartment shell protein PduU,MFCJNMFM_00951,JIEPOILB_00952,MHMAIFBA_00968,KGLDIDPM_00951,CFOCILDN_01491
group_1299,,hypothetical protein,MFCJNMFM_00326,JIEPOILB_00326,MHMAIFBA_00278,KGLDIDPM_00325,CFOCILDN_02734
iraM,iraM,Anti-adapter protein IraM,MFCJNMFM_04765,JIEPOILB_04769,MHMAIFBA_04727,KGLDIDPM_04769,CFOCILDN_03548
group_1295,,hypothetical protein,MFCJNMFM_04498,JIEPOILB_04502,MHMAIFBA_04700,KGLDIDPM_04502,CFOCILDN_03048
group_1294,,hypothetical protein,MFCJNMFM_04362,JIEPOILB_04366,MHMAIFBA_04413,KGLDIDPM_04366,CFOCILDN_01037
group_1293,,hypothetical protein,MFCJNMFM_02848,JIEPOILB_02412,MHMAIFBA_02753,KGLDIDPM_02850,CFOCILDN_00226
ychN,ychN,Protein YchN,MFCJNMFM_02113,JIEPOILB_03148,MHMAIFBA_02065,KGLDIDPM_02116,CFOCILDN_02414
group_1292,,hypothetical protein,MFCJNMFM_01466,JIEPOILB_01467,MHMAIFBA_01507,KGLDIDPM_01464,CFOCILDN_04577
yffB,yffB,Protein YffB,MFCJNMFM_01409,JIEPOILB_01410,MHMAIFBA_01451,KGLDIDPM_01407,CFOCILDN_03109
group_1291,,hypothetical protein,MFCJNMFM_00686,JIEPOILB_00687,MHMAIFBA_00637,KGLDIDPM_00686,CFOCILDN_01755
rplR,rplR,Large ribosomal subunit protein uL18,MFCJNMFM_00457,JIEPOILB_00457,MHMAIFBA_00408,KGLDIDPM_00456,CFOCILDN_04844
yjbR,yjbR,putative protein YjbR,MFCJNMFM_04773,JIEPOILB_04777,MHMAIFBA_04735,KGLDIDPM_04777,CFOCILDN_03556
hinT,hinT,Purine nucleoside phosphoramidase,MFCJNMFM_03181,JIEPOILB_02079,MHMAIFBA_03149,KGLDIDPM_03185,CFOCILDN_03384
group_1286,,hypothetical protein,MFCJNMFM_03108,JIEPOILB_02152,MHMAIFBA_03086,KGLDIDPM_03112,CFOCILDN_04298
group_1285,,hypothetical protein,MFCJNMFM_02802,JIEPOILB_02458,MHMAIFBA_02707,KGLDIDPM_02804,CFOCILDN_00272
rplT,rplT,Large ribosomal subunit protein bL20,MFCJNMFM_02161,JIEPOILB_03100,MHMAIFBA_02113,KGLDIDPM_02164,CFOCILDN_00908
rpsM,rpsM,Small ribosomal subunit protein uS13,MFCJNMFM_00462,JIEPOILB_00463,MHMAIFBA_00413,KGLDIDPM_00462,CFOCILDN_04839
yijD,yijD,Inner membrane protein YijD,MFCJNMFM_04967,JIEPOILB_04970,MHMAIFBA_04925,KGLDIDPM_04970,CFOCILDN_03812
frdD,frdD,Fumarate reductase subunit D,MFCJNMFM_04515,JIEPOILB_04519,MHMAIFBA_04685,KGLDIDPM_04519,CFOCILDN_03031
group_1280,,hypothetical protein,MFCJNMFM_04199,JIEPOILB_04203,MHMAIFBA_04247,KGLDIDPM_04203,CFOCILDN_01198
pspC,pspC,Phage shock protein C,MFCJNMFM_02979,JIEPOILB_02281,MHMAIFBA_02945,KGLDIDPM_02981,CFOCILDN_00095
mliC,mliC,Membrane-bound lysozyme inhibitor of C-type lysozyme,MFCJNMFM_02360,JIEPOILB_02901,MHMAIFBA_02309,KGLDIDPM_02362,CFOCILDN_00713
nuoA,nuoA,NADH-quinone oxidoreductase subunit A,MFCJNMFM_01612,JIEPOILB_01613,MHMAIFBA_01577,KGLDIDPM_01610,CFOCILDN_04122
group_1279,,hypothetical protein,MFCJNMFM_01472,JIEPOILB_01473,MHMAIFBA_01513,KGLDIDPM_01470,CFOCILDN_04572
yfgD,yfgD,putative protein YfgD,MFCJNMFM_01396,JIEPOILB_01397,MHMAIFBA_01438,KGLDIDPM_01394,CFOCILDN_03122
group_1278,,hypothetical protein,MFCJNMFM_01149,JIEPOILB_01149,MHMAIFBA_01137,KGLDIDPM_01148,CFOCILDN_01299
group_1277,,hypothetical protein,MFCJNMFM_00838,JIEPOILB_00839,MHMAIFBA_00855,KGLDIDPM_00838,CFOCILDN_01603
tusC,tusC,Protein TusC,MFCJNMFM_00431,JIEPOILB_00431,MHMAIFBA_00382,KGLDIDPM_00430,CFOCILDN_04525
group_1276,,hypothetical protein,MFCJNMFM_00041,JIEPOILB_00041,MHMAIFBA_00041,KGLDIDPM_00041,CFOCILDN_03799
group_1272,,hypothetical protein,MFCJNMFM_04601,JIEPOILB_04605,MHMAIFBA_04604,KGLDIDPM_04605,CFOCILDN_02948
group_1271,,hypothetical protein,MFCJNMFM_04204,JIEPOILB_04208,MHMAIFBA_04255,KGLDIDPM_04208,CFOCILDN_01193
group_1270,,hypothetical protein,MFCJNMFM_02835,JIEPOILB_02425,MHMAIFBA_02740,KGLDIDPM_02837,CFOCILDN_00239
mdtJ_1,mdtJ_1,Spermidine export protein MdtJ,MFCJNMFM_02789,JIEPOILB_02471,MHMAIFBA_02694,KGLDIDPM_02791,CFOCILDN_00285
group_1269,,hypothetical protein,MFCJNMFM_02382,JIEPOILB_02879,MHMAIFBA_02331,KGLDIDPM_02384,CFOCILDN_00691
group_1268,,hypothetical protein,MFCJNMFM_02271,JIEPOILB_02990,MHMAIFBA_02223,KGLDIDPM_02274,4_refound_12
folX,folX,Dihydroneopterin triphosphate 2'-epimerase,MFCJNMFM_01598,JIEPOILB_01599,MHMAIFBA_01563,KGLDIDPM_01596,CFOCILDN_04136
group_1266,,hypothetical protein,MFCJNMFM_01190,JIEPOILB_01190,MHMAIFBA_01179,KGLDIDPM_01188,CFOCILDN_03925
srlB_1,srlB_1,PTS system glucitol/sorbitol-specific EIIA component,MFCJNMFM_01151,JIEPOILB_01151,MHMAIFBA_01139,KGLDIDPM_01150,CFOCILDN_01297
yibL,yibL,putative protein YibL,MFCJNMFM_00211,JIEPOILB_00211,MHMAIFBA_00163,KGLDIDPM_00210,CFOCILDN_02847
yidG,yidG,Inner membrane protein YidG,MFCJNMFM_00023,JIEPOILB_00023,MHMAIFBA_00023,KGLDIDPM_00023,CFOCILDN_03781
rplL,rplL,Large ribosomal subunit protein bL12,MFCJNMFM_04857,JIEPOILB_04860,MHMAIFBA_04818,KGLDIDPM_04860,CFOCILDN_04766
ftsL,ftsL,Cell division protein FtsL,MFCJNMFM_04242,JIEPOILB_04246,MHMAIFBA_04293,KGLDIDPM_04246,CFOCILDN_01155
pulI,pulI,Type II secretion system protein I,MFCJNMFM_04174,JIEPOILB_04178,MHMAIFBA_04222,KGLDIDPM_04178,CFOCILDN_01223
group_1261,,hypothetical protein,MFCJNMFM_03943,JIEPOILB_03947,MHMAIFBA_04009,KGLDIDPM_03947,CFOCILDN_02600
group_1260,,hypothetical protein,MFCJNMFM_03762,JIEPOILB_03766,MHMAIFBA_03761,KGLDIDPM_03766,CFOCILDN_03700
group_1259,,hypothetical protein,MFCJNMFM_03630,JIEPOILB_03634,MHMAIFBA_03525,KGLDIDPM_03634,CFOCILDN_04677
group_1258,,putative acyl-CoA thioester hydrolase,MFCJNMFM_03036,JIEPOILB_02224,MHMAIFBA_03006,KGLDIDPM_03039,CFOCILDN_00038
queD,queD,6-carboxy-5678-tetrahydropterin synthase,MFCJNMFM_01059,JIEPOILB_01059,MHMAIFBA_01057,KGLDIDPM_01058,CFOCILDN_01388
dgkA,dgkA,Diacylglycerol kinase,MFCJNMFM_04787,JIEPOILB_04791,MHMAIFBA_04750,KGLDIDPM_04791,CFOCILDN_03570
ramA_2,ramA_2,Transcriptional regulator RamA,MFCJNMFM_04768,JIEPOILB_04772,MHMAIFBA_04730,KGLDIDPM_04772,CFOCILDN_03551
group_1252,,putative protein,MFCJNMFM_03900,JIEPOILB_03904,MHMAIFBA_03966,KGLDIDPM_03904,CFOCILDN_02557
group_1251,,hypothetical protein,MFCJNMFM_03738,JIEPOILB_03742,MHMAIFBA_03730,KGLDIDPM_03742,CFOCILDN_03677
group_1250,,hypothetical protein,MFCJNMFM_02710,JIEPOILB_02550,MHMAIFBA_02643,KGLDIDPM_02712,CFOCILDN_00364
amnD,amnD,2-aminomuconate deaminase,MFCJNMFM_02165,JIEPOILB_03096,MHMAIFBA_02117,KGLDIDPM_02168,CFOCILDN_00904
yqjC,yqjC,Protein YqjC,MFCJNMFM_00652,JIEPOILB_00653,MHMAIFBA_00603,KGLDIDPM_00652,CFOCILDN_01789
yhaH,yhaH,Inner membrane protein YhaH,MFCJNMFM_00646,JIEPOILB_00647,MHMAIFBA_00597,KGLDIDPM_00646,CFOCILDN_01795
group_1247,,hypothetical protein,MFCJNMFM_00466,JIEPOILB_00467,MHMAIFBA_00417,KGLDIDPM_00466,CFOCILDN_04835
group_1246,,hypothetical protein,MFCJNMFM_00345,JIEPOILB_00345,MHMAIFBA_00296,KGLDIDPM_00344,CFOCILDN_02716
yiaW_1,yiaW_1,Inner membrane protein YiaW,MFCJNMFM_00216,JIEPOILB_00216,MHMAIFBA_00168,KGLDIDPM_00215,CFOCILDN_02842
group_1242,,hypothetical protein,MFCJNMFM_04983,JIEPOILB_04986,MHMAIFBA_04941,KGLDIDPM_04986,CFOCILDN_03828
group_1240,,hypothetical protein,MFCJNMFM_04570,JIEPOILB_04574,MHMAIFBA_04630,KGLDIDPM_04574,CFOCILDN_02978
group_1239,,hypothetical protein,MFCJNMFM_02785,JIEPOILB_02475,MHMAIFBA_02689,KGLDIDPM_02787,CFOCILDN_00289
group_1238,,hypothetical protein,MFCJNMFM_02255,JIEPOILB_03006,MHMAIFBA_02208,KGLDIDPM_02258,CFOCILDN_00814
rplN,rplN,Large ribosomal subunit protein uL14,MFCJNMFM_00451,JIEPOILB_00451,MHMAIFBA_00402,KGLDIDPM_00450,CFOCILDN_04850
yiaB,yiaB,Inner membrane protein YiaB,MFCJNMFM_00231,JIEPOILB_00231,MHMAIFBA_00183,KGLDIDPM_00230,CFOCILDN_02827
tomB,tomB,Hha toxicity modulator TomB,MFCJNMFM_03862,JIEPOILB_03866,MHMAIFBA_03928,KGLDIDPM_03866,CFOCILDN_02519
group_1235,,hypothetical protein,MFCJNMFM_03180,JIEPOILB_02080,MHMAIFBA_03148,KGLDIDPM_03184,CFOCILDN_03383
yobA,yobA,Protein YobA,MFCJNMFM_01992,JIEPOILB_03268,MHMAIFBA_01928,KGLDIDPM_01995,CFOCILDN_02294
rpsL,rpsL,Small ribosomal subunit protein uS12,MFCJNMFM_00433,JIEPOILB_00433,MHMAIFBA_00384,KGLDIDPM_00432,CFOCILDN_04527
group_1231,,hypothetical protein,MFCJNMFM_04324,JIEPOILB_04328,MHMAIFBA_04375,KGLDIDPM_04328,CFOCILDN_01073
apaG,apaG,Protein ApaG,MFCJNMFM_04282,JIEPOILB_04286,MHMAIFBA_04333,KGLDIDPM_04286,CFOCILDN_01115
ybaN,ybaN,Inner membrane protein YbaN,MFCJNMFM_03854,JIEPOILB_03858,MHMAIFBA_03920,KGLDIDPM_03858,CFOCILDN_02511
sufA,sufA,Iron-sulfur cluster assembly protein SufA,MFCJNMFM_02199,JIEPOILB_03062,MHMAIFBA_02152,KGLDIDPM_02202,CFOCILDN_00870
group_1230,,hypothetical protein,MFCJNMFM_01796,JIEPOILB_01802,MHMAIFBA_01772,KGLDIDPM_01799,CFOCILDN_04807
group_1229,,hypothetical protein,MFCJNMFM_01077,JIEPOILB_01077,MHMAIFBA_01075,KGLDIDPM_01076,CFOCILDN_01370
atpI,atpI,ATP synthase protein I,MFCJNMFM_05077,JIEPOILB_05080,MHMAIFBA_05034,KGLDIDPM_05080,CFOCILDN_03730
ridA_3,ridA_3,2-iminobutanoate/2-iminopropanoate deaminase,MFCJNMFM_04803,JIEPOILB_04807,MHMAIFBA_04765,KGLDIDPM_04807,CFOCILDN_03584
hpcD,hpcD,5-carboxymethyl-2-hydroxymuconate Delta-isomerase,MFCJNMFM_04408,JIEPOILB_04412,MHMAIFBA_04457,KGLDIDPM_04412,CFOCILDN_00991
panD,panD,Aspartate 1-decarboxylase,MFCJNMFM_04190,JIEPOILB_04194,MHMAIFBA_04238,KGLDIDPM_04194,CFOCILDN_01207
group_1226,,hypothetical protein,MFCJNMFM_02701,JIEPOILB_02559,MHMAIFBA_02634,KGLDIDPM_02703,CFOCILDN_00372
group_1224,,hypothetical protein,MFCJNMFM_01825,JIEPOILB_01831,MHMAIFBA_01801,KGLDIDPM_01828,CFOCILDN_02193
acpS,acpS,Holo-[acyl-carrier-protein] synthase,MFCJNMFM_01323,JIEPOILB_01324,MHMAIFBA_01317,KGLDIDPM_01321,CFOCILDN_03195
arnF,arnF,putative 4-amino-4-deoxy-L-arabinose-phosphoundecaprenol flippase subunit ArnF,MFCJNMFM_00318,JIEPOILB_00318,MHMAIFBA_00270,KGLDIDPM_00317,CFOCILDN_02742
vapC,vapC,tRNA(fMet)-specific endonuclease VapC,MFCJNMFM_05036,JIEPOILB_05039,MHMAIFBA_04994,KGLDIDPM_05039,CFOCILDN_03881
secE,secE,Protein translocase subunit SecE,MFCJNMFM_04862,JIEPOILB_04865,MHMAIFBA_04823,KGLDIDPM_04865,CFOCILDN_04761
fluC_1,fluC_1,Fluoride-specific ion channel FluC,MFCJNMFM_03528,JIEPOILB_03532,MHMAIFBA_03625,KGLDIDPM_03532,CFOCILDN_04432
group_1217,,hypothetical protein,MFCJNMFM_03412,JIEPOILB_03416,MHMAIFBA_03418,KGLDIDPM_03416,CFOCILDN_02099
ybjM,ybjM,Inner membrane protein YbjM,MFCJNMFM_03401,JIEPOILB_03405,MHMAIFBA_03362,KGLDIDPM_03405,CFOCILDN_02045
group_1216,,hypothetical protein,MFCJNMFM_02319,JIEPOILB_02942,MHMAIFBA_02269,KGLDIDPM_02321,CFOCILDN_00754
grcA,grcA,Autonomous glycyl radical cofactor,MFCJNMFM_01246,JIEPOILB_01246,MHMAIFBA_01303,KGLDIDPM_01244,CFOCILDN_03209
folB,folB,Dihydroneopterin aldolase,MFCJNMFM_00717,JIEPOILB_00718,MHMAIFBA_00668,KGLDIDPM_00717,CFOCILDN_01725
panM,panM,PanD regulatory factor,MFCJNMFM_00338,JIEPOILB_00338,MHMAIFBA_00289,KGLDIDPM_00337,CFOCILDN_02723
ridA_2,ridA_2,2-iminobutanoate/2-iminopropanoate deaminase,MFCJNMFM_04622,JIEPOILB_04626,MHMAIFBA_04583,KGLDIDPM_04626,CFOCILDN_02927
cybC,cybC,Soluble cytochrome b562,MFCJNMFM_04599,JIEPOILB_04603,MHMAIFBA_04606,KGLDIDPM_04603,CFOCILDN_02950
group_1207,,hypothetical protein,MFCJNMFM_04151,JIEPOILB_04155,MHMAIFBA_04199,KGLDIDPM_04155,CFOCILDN_01246
msyB,msyB,Acidic protein MsyB,MFCJNMFM_03215,JIEPOILB_02045,MHMAIFBA_03184,KGLDIDPM_03219,CFOCILDN_03418
group_1206,,hypothetical protein,MFCJNMFM_02763,JIEPOILB_02497,MHMAIFBA_02666,KGLDIDPM_02765,CFOCILDN_00311
group_1205,,hypothetical protein,MFCJNMFM_02571,JIEPOILB_02689,MHMAIFBA_02519,KGLDIDPM_02573,CFOCILDN_00503
sixA,sixA,Phosphohistidine phosphatase SixA,MFCJNMFM_01569,JIEPOILB_01570,MHMAIFBA_01534,KGLDIDPM_01567,CFOCILDN_04165
iscU,iscU,Iron-sulfur cluster assembly scaffold protein IscU,MFCJNMFM_01350,JIEPOILB_01351,MHMAIFBA_01344,KGLDIDPM_01348,CFOCILDN_03168
mzrA,mzrA,Modulator protein MzrA,MFCJNMFM_00653,JIEPOILB_00654,MHMAIFBA_00604,KGLDIDPM_00653,CFOCILDN_01788
group_1204,,hypothetical protein,MFCJNMFM_00618,JIEPOILB_00619,MHMAIFBA_00570,KGLDIDPM_00618,CFOCILDN_01823
rplQ,rplQ,Large ribosomal subunit protein bL17,MFCJNMFM_00465,JIEPOILB_00466,MHMAIFBA_00416,KGLDIDPM_00465,CFOCILDN_04836
tusD,tusD,Sulfurtransferase TusD,MFCJNMFM_00430,JIEPOILB_00430,MHMAIFBA_00381,KGLDIDPM_00429,CFOCILDN_04524
group_1202,,hypothetical protein,MFCJNMFM_04129,JIEPOILB_04133,MHMAIFBA_04177,KGLDIDPM_04133,CFOCILDN_01268
group_1201,,hypothetical protein,MFCJNMFM_03779,JIEPOILB_03783,MHMAIFBA_03775,KGLDIDPM_03783,CFOCILDN_02435
group_1200,,hypothetical protein,MFCJNMFM_02810,JIEPOILB_02450,MHMAIFBA_02715,KGLDIDPM_02812,CFOCILDN_00264
group_1199,,hypothetical protein,MFCJNMFM_02643,JIEPOILB_02617,MHMAIFBA_02577,KGLDIDPM_02645,CFOCILDN_00430
group_1198,,hypothetical protein,MFCJNMFM_02276,JIEPOILB_02985,2_refound_1,KGLDIDPM_02279,4_refound_13
group_1197,,hypothetical protein,MFCJNMFM_02270,JIEPOILB_02991,MHMAIFBA_02222,KGLDIDPM_02273,CFOCILDN_00800
yjgH,yjgH,RutC family protein YjgH,MFCJNMFM_01849,JIEPOILB_01855,MHMAIFBA_01851,KGLDIDPM_01852,CFOCILDN_02217
group_1196,,hypothetical protein,MFCJNMFM_01821,JIEPOILB_01827,MHMAIFBA_01797,KGLDIDPM_01824,CFOCILDN_02189
gcvH,gcvH,Glycine cleavage system H protein,MFCJNMFM_00832,JIEPOILB_00833,MHMAIFBA_00849,KGLDIDPM_00832,CFOCILDN_01609
tdcF,tdcF,Putative reactive intermediate deaminase TdcF,MFCJNMFM_04391,JIEPOILB_04395,MHMAIFBA_04446,KGLDIDPM_04395,CFOCILDN_01008
mutT,mutT,8-oxo-dGTP diphosphatase,MFCJNMFM_04226,JIEPOILB_04230,MHMAIFBA_04277,KGLDIDPM_04230,CFOCILDN_01171
rutC_2,rutC_2,3-aminoacrylate deaminase RutC,MFCJNMFM_03245,JIEPOILB_02015,MHMAIFBA_03213,KGLDIDPM_03249,CFOCILDN_03448
group_1192,,hypothetical protein,MFCJNMFM_03134,JIEPOILB_02126,MHMAIFBA_03111,KGLDIDPM_03138,CFOCILDN_04273
ydfO,ydfO,putative protein YdfO,MFCJNMFM_02851,JIEPOILB_02409,MHMAIFBA_02756,KGLDIDPM_02853,CFOCILDN_00223
group_1191,,hypothetical protein,MFCJNMFM_02245,JIEPOILB_03016,MHMAIFBA_02198,KGLDIDPM_02248,CFOCILDN_00824
ychQ,ychQ,Protein YchQ,MFCJNMFM_02106,JIEPOILB_03155,MHMAIFBA_02058,KGLDIDPM_02109,CFOCILDN_02407
group_1190,,hypothetical protein,MFCJNMFM_01465,JIEPOILB_01466,MHMAIFBA_01506,KGLDIDPM_01463,CFOCILDN_04578
yqjF,yqjF,Inner membrane protein YqjF,MFCJNMFM_00648,JIEPOILB_00649,MHMAIFBA_00599,KGLDIDPM_00648,CFOCILDN_01793
rpsI,rpsI,Small ribosomal subunit protein uS9,MFCJNMFM_00545,JIEPOILB_00546,MHMAIFBA_00497,KGLDIDPM_00545,CFOCILDN_01896
rpsH,rpsH,Small ribosomal subunit protein uS8,MFCJNMFM_00455,JIEPOILB_00455,MHMAIFBA_00406,KGLDIDPM_00454,CFOCILDN_04846
rpsF,rpsF,Small ribosomal subunit protein bS6,MFCJNMFM_04559,JIEPOILB_04563,MHMAIFBA_04641,KGLDIDPM_04563,CFOCILDN_02989
frdC,frdC,Fumarate reductase subunit C,MFCJNMFM_04516,JIEPOILB_04520,MHMAIFBA_04684,KGLDIDPM_04520,CFOCILDN_03030
group_1186,,hypothetical protein,MFCJNMFM_03241,JIEPOILB_02019,MHMAIFBA_03209,KGLDIDPM_03245,CFOCILDN_03444
group_1185,,hypothetical protein,MFCJNMFM_02197,JIEPOILB_03064,MHMAIFBA_02150,KGLDIDPM_02200,CFOCILDN_00872
yecN,yecN,Inner membrane protein YecN,MFCJNMFM_01901,JIEPOILB_01907,MHMAIFBA_01903,KGLDIDPM_01904,CFOCILDN_02269
yybH,yybH,putative protein YybH,MFCJNMFM_01446,JIEPOILB_01447,MHMAIFBA_01487,KGLDIDPM_01444,CFOCILDN_03073
group_1183,,hypothetical protein,MFCJNMFM_01019,JIEPOILB_01019,MHMAIFBA_01016,KGLDIDPM_01018,CFOCILDN_01428
ygiW_1,ygiW_1,Protein YgiW,MFCJNMFM_00741,JIEPOILB_00742,MHMAIFBA_00692,KGLDIDPM_00741,CFOCILDN_01701
crl,crl,Sigma factor-binding protein Crl,MFCJNMFM_04077,JIEPOILB_04081,MHMAIFBA_04127,KGLDIDPM_04081,CFOCILDN_04032
group_1180,,hypothetical protein,MFCJNMFM_01709,JIEPOILB_01709,MHMAIFBA_01675,KGLDIDPM_01706,CFOCILDN_03280
yqjE,yqjE,Inner membrane protein YqjE,MFCJNMFM_00650,JIEPOILB_00651,MHMAIFBA_00601,KGLDIDPM_00650,CFOCILDN_01791
zapG,zapG,Z-ring associated protein G,MFCJNMFM_00542,JIEPOILB_00543,MHMAIFBA_00494,KGLDIDPM_00542,CFOCILDN_01899
nikR,nikR,Nickel-responsive regulator,MFCJNMFM_00304,JIEPOILB_00304,MHMAIFBA_00256,KGLDIDPM_00303,CFOCILDN_02756
fadM,fadM,Long-chain acyl-CoA thioesterase FadM,MFCJNMFM_03899,JIEPOILB_03903,MHMAIFBA_03965,KGLDIDPM_03903,CFOCILDN_02556
hiuH,hiuH,5-hydroxyisourate hydrolase,MFCJNMFM_03817,JIEPOILB_03821,MHMAIFBA_03813,KGLDIDPM_03821,CFOCILDN_02473
stpA,stpA,DNA-binding protein StpA,MFCJNMFM_01193,JIEPOILB_01193,MHMAIFBA_01181,KGLDIDPM_01191,CFOCILDN_03927
rbfA,rbfA,30S ribosome-binding factor,MFCJNMFM_00599,JIEPOILB_00600,MHMAIFBA_00551,KGLDIDPM_00599,CFOCILDN_01842
group_1177,,hypothetical protein,MFCJNMFM_00591,JIEPOILB_00592,MHMAIFBA_00543,KGLDIDPM_00591,CFOCILDN_01850
hslR,hslR,Heat shock protein 15,MFCJNMFM_00389,JIEPOILB_00389,MHMAIFBA_00340,KGLDIDPM_00388,CFOCILDN_04483
group_1174,,hypothetical protein,MFCJNMFM_04316,JIEPOILB_04320,MHMAIFBA_04367,KGLDIDPM_04320,CFOCILDN_01081
ybgC,ybgC,Acyl-CoA thioester hydrolase YbgC,MFCJNMFM_03613,JIEPOILB_03617,MHMAIFBA_03542,KGLDIDPM_03617,CFOCILDN_04629
sdhC,sdhC,Succinate dehydrogenase cytochrome b556 subunit,MFCJNMFM_03601,JIEPOILB_03605,MHMAIFBA_03554,KGLDIDPM_03605,CFOCILDN_04617
ygiW_2,ygiW_2,Protein YgiW,MFCJNMFM_02507,JIEPOILB_02753,MHMAIFBA_02452,KGLDIDPM_02509,CFOCILDN_00567
yhfA,yhfA,Protein YhfA,MFCJNMFM_00418,JIEPOILB_00418,MHMAIFBA_00369,KGLDIDPM_00417,CFOCILDN_04512
rcsF,rcsF,Outer membrane lipoprotein RcsF,MFCJNMFM_04119,JIEPOILB_04123,MHMAIFBA_04167,KGLDIDPM_04123,CFOCILDN_01278
group_1171,,hypothetical protein,MFCJNMFM_03886,JIEPOILB_03890,MHMAIFBA_03952,KGLDIDPM_03890,CFOCILDN_02543
group_1170,,hypothetical protein,MFCJNMFM_02873,JIEPOILB_02387,MHMAIFBA_02778,KGLDIDPM_02875,CFOCILDN_00201
gloA,gloA,Lactoylglutathione lyase,MFCJNMFM_02347,JIEPOILB_02914,MHMAIFBA_02296,KGLDIDPM_02349,CFOCILDN_00726
hns,hns,DNA-binding protein H-NS,MFCJNMFM_02137,JIEPOILB_03124,MHMAIFBA_02089,KGLDIDPM_02140,CFOCILDN_00932
hosA,hosA,Transcriptional regulator HosA,MFCJNMFM_01080,JIEPOILB_01080,MHMAIFBA_01078,KGLDIDPM_01079,CFOCILDN_01367
group_1169,,hypothetical protein,MFCJNMFM_00938,JIEPOILB_00939,MHMAIFBA_00955,KGLDIDPM_00938,CFOCILDN_01504
psiE,psiE,Protein PsiE,MFCJNMFM_04799,JIEPOILB_04803,MHMAIFBA_04760,KGLDIDPM_04803,CFOCILDN_03580
group_1166,,hypothetical protein,MFCJNMFM_04200,JIEPOILB_04204,MHMAIFBA_04248,KGLDIDPM_04204,CFOCILDN_01197
cueR,cueR,HTH-type transcriptional regulator CueR,MFCJNMFM_03839,JIEPOILB_03843,MHMAIFBA_03905,KGLDIDPM_03843,CFOCILDN_02496
rnk,rnk,Regulator of nucleoside diphosphate kinase,MFCJNMFM_03523,JIEPOILB_03527,MHMAIFBA_03630,KGLDIDPM_03527,CFOCILDN_04427
nudG,nudG,CTP pyrophosphohydrolase,MFCJNMFM_03068,JIEPOILB_02192,MHMAIFBA_03038,KGLDIDPM_03072,CFOCILDN_00006
menI,menI,14-dihydroxy-2-naphthoyl-CoA hydrolase,MFCJNMFM_02181,JIEPOILB_03080,MHMAIFBA_02133,KGLDIDPM_02184,CFOCILDN_00888
nrdI,nrdI,Protein NrdI,MFCJNMFM_01185,JIEPOILB_01185,MHMAIFBA_01174,KGLDIDPM_01183,CFOCILDN_03920
group_1164,,hypothetical protein,MFCJNMFM_01135,JIEPOILB_01135,MHMAIFBA_01123,KGLDIDPM_01134,CFOCILDN_01313
ygfX,ygfX,Inner membrane protein YgfX,MFCJNMFM_00845,JIEPOILB_00846,MHMAIFBA_00862,KGLDIDPM_00845,CFOCILDN_01596
group_1163,,hypothetical protein,MFCJNMFM_00642,JIEPOILB_00643,MHMAIFBA_00593,KGLDIDPM_00642,CFOCILDN_01799
rplP,rplP,Large ribosomal subunit protein uL16,MFCJNMFM_00448,JIEPOILB_00448,MHMAIFBA_00399,KGLDIDPM_00447,CFOCILDN_04853
holD,holD,DNA polymerase III subunit psi,MFCJNMFM_04357,JIEPOILB_04361,MHMAIFBA_04408,KGLDIDPM_04361,CFOCILDN_01040
arfB,arfB,Peptidyl-tRNA hydrolase ArfB,MFCJNMFM_04124,JIEPOILB_04128,MHMAIFBA_04172,KGLDIDPM_04128,CFOCILDN_01273
entH,entH,Proofreading thioesterase EntH,MFCJNMFM_03680,JIEPOILB_03684,MHMAIFBA_03669,KGLDIDPM_03684,CFOCILDN_03619
yccU,yccU,putative protein YccU,MFCJNMFM_03290,JIEPOILB_03294,MHMAIFBA_03250,KGLDIDPM_03294,CFOCILDN_01935
msrB,msrB,Peptide methionine sulfoxide reductase MsrB,MFCJNMFM_03083,JIEPOILB_02177,MHMAIFBA_03061,KGLDIDPM_03087,CFOCILDN_04323
group_1161,,hypothetical protein,MFCJNMFM_03032,JIEPOILB_02228,MHMAIFBA_03002,KGLDIDPM_03035,CFOCILDN_00042
mscL,mscL,Large-conductance mechanosensitive channel,MFCJNMFM_00469,JIEPOILB_00470,MHMAIFBA_00420,KGLDIDPM_00469,CFOCILDN_04832
ibpA,ibpA,Small heat shock protein IbpA,MFCJNMFM_00015,JIEPOILB_00015,MHMAIFBA_00015,KGLDIDPM_00015,CFOCILDN_03773
group_1159,,hypothetical protein,MFCJNMFM_04774,JIEPOILB_04778,MHMAIFBA_04736,KGLDIDPM_04778,CFOCILDN_03557
group_1158,,hypothetical protein,MFCJNMFM_03753,JIEPOILB_03757,MHMAIFBA_03752,KGLDIDPM_03757,CFOCILDN_03691
sufE,sufE,Cysteine desulfuration protein SufE,MFCJNMFM_02204,JIEPOILB_03057,MHMAIFBA_02157,KGLDIDPM_02207,CFOCILDN_00865
yqgF,yqgF,Putative pre-16S rRNA nuclease,MFCJNMFM_00788,JIEPOILB_00789,MHMAIFBA_00805,KGLDIDPM_00788,CFOCILDN_01654
group_1152,,hypothetical protein,MFCJNMFM_05102,JIEPOILB_05105,MHMAIFBA_05059,KGLDIDPM_05105,CFOCILDN_03755
atpC,atpC,ATP synthase epsilon chain,MFCJNMFM_05085,JIEPOILB_05088,MHMAIFBA_05042,KGLDIDPM_05088,CFOCILDN_03738
rbsD,rbsD,D-ribose pyranase,MFCJNMFM_05068,JIEPOILB_05071,MHMAIFBA_05025,KGLDIDPM_05071,CFOCILDN_03721
fosA,fosA,Glutathione transferase FosA,MFCJNMFM_04436,JIEPOILB_04440,MHMAIFBA_04485,KGLDIDPM_04440,CFOCILDN_00963
nusB,nusB,Transcription antitermination protein NusB,MFCJNMFM_03936,JIEPOILB_03940,MHMAIFBA_04002,KGLDIDPM_03940,CFOCILDN_02593
umuD_2,umuD_2,Protein UmuD,MFCJNMFM_03098,JIEPOILB_02162,MHMAIFBA_03076,KGLDIDPM_03102,CFOCILDN_04308
rraB,rraB,Regulator of ribonuclease activity B,MFCJNMFM_04632,JIEPOILB_04636,MHMAIFBA_04573,KGLDIDPM_04636,CFOCILDN_02917
group_1150,,hypothetical protein,MFCJNMFM_04383,JIEPOILB_04387,MHMAIFBA_04434,KGLDIDPM_04387,CFOCILDN_01016
pulG,pulG,Type II secretion system core protein G,MFCJNMFM_04172,JIEPOILB_04176,MHMAIFBA_04220,KGLDIDPM_04176,CFOCILDN_01225
paaI,paaI,Acyl-coenzyme A thioesterase PaaI,MFCJNMFM_02878,JIEPOILB_02382,MHMAIFBA_02783,KGLDIDPM_02880,CFOCILDN_00196
group_1149,,hypothetical protein,MFCJNMFM_01738,JIEPOILB_01738,MHMAIFBA_01704,KGLDIDPM_01735,CFOCILDN_03309
fucU,fucU,L-fucose mutarotase,MFCJNMFM_01022,JIEPOILB_01022,MHMAIFBA_01019,KGLDIDPM_01021,CFOCILDN_01425
arsC_1,arsC_1,Arsenate reductase,MFCJNMFM_00867,JIEPOILB_00868,MHMAIFBA_00883,KGLDIDPM_00867,CFOCILDN_01574
group_1148,,hypothetical protein,MFCJNMFM_00733,JIEPOILB_00734,MHMAIFBA_00684,KGLDIDPM_00733,CFOCILDN_01709
nsrR,nsrR,HTH-type transcriptional repressor NsrR,MFCJNMFM_04542,JIEPOILB_04546,MHMAIFBA_04658,KGLDIDPM_04546,CFOCILDN_03006
ypeA,ypeA,Acetyltransferase YpeA,MFCJNMFM_01437,JIEPOILB_01438,MHMAIFBA_01478,KGLDIDPM_01435,CFOCILDN_03082
trxC,trxC,Thioredoxin 2,MFCJNMFM_01243,JIEPOILB_01243,MHMAIFBA_01300,KGLDIDPM_01241,CFOCILDN_03212
exbD,exbD,Biopolymer transport protein ExbD,MFCJNMFM_00754,JIEPOILB_00755,MHMAIFBA_00705,KGLDIDPM_00754,CFOCILDN_01688
pduE_1,pduE_1,Propanediol dehydratase small subunit,MFCJNMFM_00691,JIEPOILB_00692,MHMAIFBA_00642,KGLDIDPM_00691,CFOCILDN_01750
zntR,zntR,HTH-type transcriptional regulator ZntR,MFCJNMFM_00467,JIEPOILB_00468,MHMAIFBA_00418,KGLDIDPM_00467,CFOCILDN_04834
rplK,rplK,Large ribosomal subunit protein uL11,MFCJNMFM_04860,JIEPOILB_04863,MHMAIFBA_04821,KGLDIDPM_04863,CFOCILDN_04763
tolR,tolR,Tol-Pal system protein TolR,MFCJNMFM_03615,JIEPOILB_03619,MHMAIFBA_03540,KGLDIDPM_03619,CFOCILDN_04631
uspG_2,uspG_2,Universal stress protein UP12,MFCJNMFM_03522,JIEPOILB_03526,MHMAIFBA_03631,KGLDIDPM_03526,CFOCILDN_04426
uspC,uspC,Universal stress protein C,MFCJNMFM_01893,JIEPOILB_01899,MHMAIFBA_01895,KGLDIDPM_01896,CFOCILDN_02261
yqaA,yqaA,Inner membrane protein YqaA,MFCJNMFM_01170,JIEPOILB_01170,MHMAIFBA_01159,KGLDIDPM_01168,CFOCILDN_03905
rplM,rplM,Large ribosomal subunit protein uL13,MFCJNMFM_00544,JIEPOILB_00545,MHMAIFBA_00496,KGLDIDPM_00544,CFOCILDN_01897
group_1129,,hypothetical protein,MFCJNMFM_00396,JIEPOILB_00396,MHMAIFBA_00347,KGLDIDPM_00395,CFOCILDN_04490
group_1128,,hypothetical protein,MFCJNMFM_00107,JIEPOILB_00106,MHMAIFBA_00106,KGLDIDPM_00106,CFOCILDN_04343
ibpB_1,ibpB_1,Small heat shock protein IbpB,MFCJNMFM_00016,JIEPOILB_00016,MHMAIFBA_00016,KGLDIDPM_00016,CFOCILDN_03774
ppdD,ppdD,Prepilin peptidase-dependent protein D,MFCJNMFM_04219,JIEPOILB_04223,MHMAIFBA_04270,KGLDIDPM_04223,CFOCILDN_01178
slyA_2,slyA_2,Transcriptional regulator SlyA,MFCJNMFM_02866,JIEPOILB_02394,MHMAIFBA_02771,KGLDIDPM_02868,CFOCILDN_00208
uspG_1,uspG_1,Universal stress protein UP12,MFCJNMFM_02767,JIEPOILB_02493,MHMAIFBA_02670,KGLDIDPM_02769,CFOCILDN_00307
osmC,osmC,Peroxiredoxin OsmC,MFCJNMFM_02509,JIEPOILB_02751,MHMAIFBA_02454,KGLDIDPM_02511,CFOCILDN_00565
group_1124,,hypothetical protein,MFCJNMFM_01864,JIEPOILB_01870,MHMAIFBA_01866,KGLDIDPM_01867,CFOCILDN_02232
ndk,ndk,Nucleoside diphosphate kinase,MFCJNMFM_01362,JIEPOILB_01363,MHMAIFBA_01356,KGLDIDPM_01360,CFOCILDN_03156
group_1122,,hypothetical protein,MFCJNMFM_01187,JIEPOILB_01187,MHMAIFBA_01176,KGLDIDPM_01185,CFOCILDN_03922
csdE,csdE,Sulfur acceptor protein CsdE,MFCJNMFM_01015,JIEPOILB_01015,MHMAIFBA_01012,KGLDIDPM_01014,CFOCILDN_01432
yibN,yibN,putative protein YibN,MFCJNMFM_00202,JIEPOILB_00202,MHMAIFBA_00154,KGLDIDPM_00201,CFOCILDN_02856
group_1117,,hypothetical protein,MFCJNMFM_04476,JIEPOILB_04480,MHMAIFBA_04513,KGLDIDPM_04480,CFOCILDN_04899
group_1116,,hypothetical protein,MFCJNMFM_03741,JIEPOILB_03745,MHMAIFBA_03732,KGLDIDPM_03745,CFOCILDN_03679
group_1115,,hypothetical protein,MFCJNMFM_03238,JIEPOILB_02022,MHMAIFBA_03206,KGLDIDPM_03242,CFOCILDN_03441
uspF,uspF,Universal stress protein F,MFCJNMFM_02903,JIEPOILB_02357,MHMAIFBA_02808,KGLDIDPM_02905,CFOCILDN_00171
slyA_1,slyA_1,Transcriptional regulator SlyA,MFCJNMFM_02356,JIEPOILB_02905,MHMAIFBA_02305,KGLDIDPM_02358,CFOCILDN_00717
group_1114,,hypothetical protein,MFCJNMFM_02325,JIEPOILB_02936,MHMAIFBA_02275,KGLDIDPM_02327,CFOCILDN_00748
group_1113,,hypothetical protein,MFCJNMFM_02247,JIEPOILB_03014,MHMAIFBA_02200,KGLDIDPM_02250,CFOCILDN_00822
infC,infC,Translation initiation factor IF-3,MFCJNMFM_02159,JIEPOILB_03102,MHMAIFBA_02111,KGLDIDPM_02162,CFOCILDN_00910
rplO,rplO,Large ribosomal subunit protein uL15,MFCJNMFM_00460,JIEPOILB_00460,MHMAIFBA_00411,KGLDIDPM_00459,CFOCILDN_04841
dtd,dtd,D-aminoacyl-tRNA deacylase,MFCJNMFM_05040,JIEPOILB_05043,MHMAIFBA_04998,KGLDIDPM_05043,CFOCILDN_03885
ulaC_3,ulaC_3,Ascorbate-specific PTS system EIIA component,MFCJNMFM_05023,JIEPOILB_05026,MHMAIFBA_04981,KGLDIDPM_05026,CFOCILDN_03868
zraP,zraP,Signaling pathway modulator ZraP,MFCJNMFM_04836,JIEPOILB_04840,MHMAIFBA_04797,KGLDIDPM_04840,CFOCILDN_04786
group_1111,,hypothetical protein,MFCJNMFM_03583,JIEPOILB_03587,MHMAIFBA_03572,KGLDIDPM_03587,CFOCILDN_04599
ybhQ,ybhQ,Inner membrane protein YbhQ,MFCJNMFM_03463,JIEPOILB_03467,MHMAIFBA_03471,KGLDIDPM_03467,CFOCILDN_02150
ratA,ratA,Ribosome association toxin RatA,MFCJNMFM_01207,JIEPOILB_01207,MHMAIFBA_01263,KGLDIDPM_01205,CFOCILDN_03971
uspA,uspA,Universal stress protein A,MFCJNMFM_00299,JIEPOILB_00299,MHMAIFBA_00251,KGLDIDPM_00298,CFOCILDN_02761
mioC,mioC,Protein MioC,MFCJNMFM_05074,JIEPOILB_05077,MHMAIFBA_05031,KGLDIDPM_05077,CFOCILDN_03727
farR,farR,HTH-type transcriptional regulator FarR,MFCJNMFM_04403,JIEPOILB_04407,MHMAIFBA_04452,KGLDIDPM_04407,CFOCILDN_00996
group_1106,,hypothetical protein,MFCJNMFM_04192,JIEPOILB_04196,MHMAIFBA_04240,KGLDIDPM_04196,CFOCILDN_01205
hslJ,hslJ,Heat shock protein HslJ,MFCJNMFM_02898,JIEPOILB_02362,MHMAIFBA_02803,KGLDIDPM_02900,CFOCILDN_00176
ydgK,ydgK,Inner membrane protein YdgK,MFCJNMFM_02374,JIEPOILB_02887,MHMAIFBA_02323,KGLDIDPM_02376,CFOCILDN_00699
pduV,pduV,Propanediol utilization protein PduV,MFCJNMFM_00950,JIEPOILB_00951,MHMAIFBA_00967,KGLDIDPM_00950,CFOCILDN_01492
yiaC,yiaC,Peptidyl-lysine N-acetyltransferase YiaC,MFCJNMFM_00252,JIEPOILB_00252,MHMAIFBA_00202,KGLDIDPM_00251,CFOCILDN_02808
holC,holC,DNA polymerase III subunit chi,MFCJNMFM_04636,JIEPOILB_04640,MHMAIFBA_04569,KGLDIDPM_04640,CFOCILDN_02913
group_1103,,hypothetical protein,MFCJNMFM_03951,JIEPOILB_03955,MHMAIFBA_04017,KGLDIDPM_03955,CFOCILDN_02608
fruB_2,fruB_2,Multiphosphoryl transfer protein,MFCJNMFM_02660,JIEPOILB_02600,MHMAIFBA_02594,KGLDIDPM_02662,CFOCILDN_00413
lrpA,lrpA,HTH-type transcriptional regulator LrpA,MFCJNMFM_02129,JIEPOILB_03132,MHMAIFBA_02081,KGLDIDPM_02132,CFOCILDN_02430
group_1102,,hypothetical protein,MFCJNMFM_02091,JIEPOILB_03170,MHMAIFBA_02043,KGLDIDPM_02094,CFOCILDN_02392
nudB,nudB,Dihydroneopterin triphosphate diphosphatase,MFCJNMFM_01971,JIEPOILB_03289,MHMAIFBA_01907,KGLDIDPM_01974,CFOCILDN_02273
yqcA,yqcA,Flavodoxin YqcA,MFCJNMFM_01046,JIEPOILB_01046,MHMAIFBA_01043,KGLDIDPM_01045,CFOCILDN_01401
group_1100,,hypothetical protein,MFCJNMFM_00612,JIEPOILB_00613,MHMAIFBA_00564,KGLDIDPM_00612,CFOCILDN_01829
yiaA,yiaA,Inner membrane protein YiaA,MFCJNMFM_00232,JIEPOILB_00232,MHMAIFBA_00184,KGLDIDPM_00231,CFOCILDN_02826
rimI_1,rimI_1,[Ribosomal protein bS18]-alanine N-acetyltransferase,MFCJNMFM_04356,JIEPOILB_04360,MHMAIFBA_04407,KGLDIDPM_04360,CFOCILDN_01041
ivy,ivy,Inhibitor of vertebrate lysozyme,MFCJNMFM_03708,JIEPOILB_03712,MHMAIFBA_03697,KGLDIDPM_03712,CFOCILDN_03647
yccF,yccF,Inner membrane protein YccF,MFCJNMFM_03293,JIEPOILB_03297,MHMAIFBA_03253,KGLDIDPM_03297,CFOCILDN_01938
group_1094,,hypothetical protein,MFCJNMFM_03103,JIEPOILB_02157,MHMAIFBA_03081,KGLDIDPM_03107,CFOCILDN_04303
group_1093,,hypothetical protein,MFCJNMFM_02706,JIEPOILB_02554,MHMAIFBA_02639,KGLDIDPM_02708,CFOCILDN_00368
group_1092,,hypothetical protein,MFCJNMFM_02505,JIEPOILB_02755,MHMAIFBA_02449,KGLDIDPM_02507,CFOCILDN_00569
group_1090,,hypothetical protein,MFCJNMFM_02037,JIEPOILB_03224,MHMAIFBA_01972,KGLDIDPM_02040,CFOCILDN_02338
pduK,pduK,Bacterial microcompartment shell protein PduK,MFCJNMFM_00960,JIEPOILB_00961,MHMAIFBA_00977,KGLDIDPM_00960,CFOCILDN_01482
group_1089,,hypothetical protein,MFCJNMFM_00030,JIEPOILB_00030,MHMAIFBA_00030,KGLDIDPM_00030,CFOCILDN_03788
rplI,rplI,Large ribosomal subunit protein bL9,MFCJNMFM_04562,JIEPOILB_04566,MHMAIFBA_04638,KGLDIDPM_04566,CFOCILDN_02986
fkpB,fkpB,FKBP-type 16 kDa peptidyl-prolyl cis-trans isomerase,MFCJNMFM_04307,JIEPOILB_04311,MHMAIFBA_04358,KGLDIDPM_04311,CFOCILDN_01090
nrdR,nrdR,Transcriptional repressor NrdR,MFCJNMFM_03939,JIEPOILB_03943,MHMAIFBA_04005,KGLDIDPM_03943,CFOCILDN_02596
group_1087,,hypothetical protein,MFCJNMFM_03255,JIEPOILB_02005,MHMAIFBA_03222,KGLDIDPM_03259,CFOCILDN_03458
kbp,kbp,Potassium binding protein Kbp,MFCJNMFM_02618,JIEPOILB_02642,MHMAIFBA_02551,KGLDIDPM_02620,CFOCILDN_00456
ydcZ,ydcZ,Inner membrane protein YdcZ,MFCJNMFM_02424,JIEPOILB_02836,MHMAIFBA_02372,KGLDIDPM_02426,CFOCILDN_00650
yfeZ,yfeZ,Inner membrane protein YfeZ,MFCJNMFM_01438,JIEPOILB_01439,MHMAIFBA_01479,KGLDIDPM_01436,CFOCILDN_03081
alaE,alaE,L-alanine exporter AlaE,MFCJNMFM_01191,JIEPOILB_01191,MHMAIFBA_01180,KGLDIDPM_01189,CFOCILDN_03926
hycA,hycA,Formate hydrogenlyase regulatory protein HycA,MFCJNMFM_01128,JIEPOILB_01128,MHMAIFBA_01116,KGLDIDPM_01127,CFOCILDN_01320
tabA,tabA,Toxin-antitoxin biofilm protein TabA,MFCJNMFM_04625,JIEPOILB_04629,MHMAIFBA_04580,KGLDIDPM_04629,CFOCILDN_02924
yafP_2,yafP_2,putative N-acetyltransferase YafP,MFCJNMFM_04081,JIEPOILB_04085,MHMAIFBA_04131,KGLDIDPM_04085,CFOCILDN_04028
fur,fur,Ferric uptake regulation protein,MFCJNMFM_03577,JIEPOILB_03581,MHMAIFBA_03578,KGLDIDPM_03581,CFOCILDN_04593
moaE,moaE,Molybdopterin synthase catalytic subunit,MFCJNMFM_03468,JIEPOILB_03472,MHMAIFBA_03476,KGLDIDPM_03472,CFOCILDN_02155
matP,matP,Macrodomain Ter protein,MFCJNMFM_03298,JIEPOILB_03302,MHMAIFBA_03258,KGLDIDPM_03302,CFOCILDN_01943
aroQ,aroQ,3-dehydroquinate dehydratase,MFCJNMFM_00520,JIEPOILB_00521,MHMAIFBA_00471,KGLDIDPM_00520,CFOCILDN_01921
group_1080,,hypothetical protein,MFCJNMFM_00039,JIEPOILB_00039,MHMAIFBA_00039,KGLDIDPM_00039,CFOCILDN_03797
fdtC,fdtC,dTDP-3-amino-36-dideoxy-alpha-D-galactopyranose 3-N-acetyltransferase,MFCJNMFM_04805,JIEPOILB_04809,MHMAIFBA_04767,KGLDIDPM_04809,CFOCILDN_03586
dksA,dksA,RNA polymerase-binding transcription factor DksA,MFCJNMFM_04184,JIEPOILB_04188,MHMAIFBA_04232,KGLDIDPM_04188,CFOCILDN_01213
fabZ,fabZ,3-hydroxyacyl-[acyl-carrier-protein] dehydratase FabZ,MFCJNMFM_04136,JIEPOILB_04140,MHMAIFBA_04184,KGLDIDPM_04140,CFOCILDN_01261
group_1078,,hypothetical protein,MFCJNMFM_03778,JIEPOILB_03782,MHMAIFBA_03774,KGLDIDPM_03782,CFOCILDN_02434
group_1076,,hypothetical protein,MFCJNMFM_01605,JIEPOILB_01606,MHMAIFBA_01570,KGLDIDPM_01603,CFOCILDN_04129
asnC,asnC,Regulatory protein AsnC,MFCJNMFM_05073,JIEPOILB_05076,MHMAIFBA_05030,KGLDIDPM_05076,CFOCILDN_03726
proS_2,proS_2,Proline--tRNA ligase,MFCJNMFM_04366,JIEPOILB_04370,MHMAIFBA_04417,KGLDIDPM_04370,CFOCILDN_01033
mraZ,mraZ,Transcriptional regulator MraZ,MFCJNMFM_04244,JIEPOILB_04248,MHMAIFBA_04295,KGLDIDPM_04248,CFOCILDN_01153
gpt,gpt,Xanthine-guanine phosphoribosyltransferase,MFCJNMFM_04079,JIEPOILB_04083,MHMAIFBA_04129,KGLDIDPM_04083,CFOCILDN_04030
group_1075,,hypothetical protein,MFCJNMFM_03975,JIEPOILB_03979,MHMAIFBA_04041,KGLDIDPM_03979,CFOCILDN_02631
decR,decR,DNA-binding transcriptional activator DecR,MFCJNMFM_03894,JIEPOILB_03898,MHMAIFBA_03960,KGLDIDPM_03898,CFOCILDN_02551
ybbJ,ybbJ,Inner membrane protein YbbJ,MFCJNMFM_03838,JIEPOILB_03842,MHMAIFBA_03904,KGLDIDPM_03842,CFOCILDN_02495
nudJ,nudJ,Phosphatase NudJ,MFCJNMFM_03138,JIEPOILB_02122,MHMAIFBA_03115,KGLDIDPM_03142,CFOCILDN_04269
ccmE,ccmE,Cytochrome c-type biogenesis protein CcmE,MFCJNMFM_02263,JIEPOILB_02998,MHMAIFBA_02216,KGLDIDPM_02266,CFOCILDN_00806
group_1074,,hypothetical protein,MFCJNMFM_02133,JIEPOILB_03128,MHMAIFBA_02085,KGLDIDPM_02136,CFOCILDN_00936
group_1073,,hypothetical protein,MFCJNMFM_02016,JIEPOILB_03245,MHMAIFBA_01951,KGLDIDPM_02019,CFOCILDN_02317
elaA,elaA,Protein ElaA,MFCJNMFM_01626,JIEPOILB_01627,MHMAIFBA_01591,KGLDIDPM_01624,CFOCILDN_04108
guaD_1,guaD_1,Guanine deaminase,MFCJNMFM_01481,JIEPOILB_01482,MHMAIFBA_01522,KGLDIDPM_01479,CFOCILDN_04563
group_1072,,hypothetical protein,MFCJNMFM_01220,JIEPOILB_01220,MHMAIFBA_01276,KGLDIDPM_01218,CFOCILDN_03984
sprT,sprT,Protein SprT,MFCJNMFM_00793,JIEPOILB_00794,MHMAIFBA_00810,KGLDIDPM_00793,CFOCILDN_01649
dut,dut,Deoxyuridine 5'-triphosphate nucleotidohydrolase,MFCJNMFM_00176,JIEPOILB_00176,MHMAIFBA_00128,KGLDIDPM_00175,CFOCILDN_02883
yjaB,yjaB,Peptidyl-lysine N-acetyltransferase YjaB,MFCJNMFM_04826,JIEPOILB_04830,MHMAIFBA_04788,KGLDIDPM_04830,CFOCILDN_03607
pyrI,pyrI,Aspartate carbamoyltransferase regulatory chain,MFCJNMFM_04623,JIEPOILB_04627,MHMAIFBA_04582,KGLDIDPM_04627,CFOCILDN_02926
tsaE,tsaE,tRNA threonylcarbamoyladenosine biosynthesis protein TsaE,MFCJNMFM_04531,JIEPOILB_04535,MHMAIFBA_04669,KGLDIDPM_04535,CFOCILDN_03017
group_1071,,hypothetical protein,MFCJNMFM_04023,JIEPOILB_04027,MHMAIFBA_04089,KGLDIDPM_04027,CFOCILDN_04086
yafP_1,yafP_1,putative N-acetyltransferase YafP,MFCJNMFM_01732,JIEPOILB_01732,MHMAIFBA_01698,KGLDIDPM_01729,CFOCILDN_03303
aceI,aceI,Short-chain diamines transporter,MFCJNMFM_00901,JIEPOILB_00902,MHMAIFBA_00918,KGLDIDPM_00901,CFOCILDN_01541
yigI,yigI,Medium/long-chain acyl-CoA thioesterase YigI,MFCJNMFM_04905,JIEPOILB_04908,MHMAIFBA_04864,KGLDIDPM_04908,CFOCILDN_04201
nrdG,nrdG,Anaerobic ribonucleoside-triphosphate reductase-activating protein,MFCJNMFM_04612,JIEPOILB_04616,MHMAIFBA_04593,KGLDIDPM_04616,CFOCILDN_02937
slyA_3,slyA_3,Transcriptional regulator SlyA,MFCJNMFM_04433,JIEPOILB_04437,MHMAIFBA_04482,KGLDIDPM_04437,CFOCILDN_00966
lrp_2,lrp_2,Leucine-responsive regulatory protein,MFCJNMFM_03320,JIEPOILB_03324,MHMAIFBA_03280,KGLDIDPM_03324,CFOCILDN_01965
group_1065,,hypothetical protein,MFCJNMFM_02380,JIEPOILB_02881,MHMAIFBA_02329,KGLDIDPM_02382,CFOCILDN_00693
mepS_2,mepS_2,Murein DD-endopeptidase MepS/Murein LD-carboxypeptidase,MFCJNMFM_02173,JIEPOILB_03088,MHMAIFBA_02125,KGLDIDPM_02176,CFOCILDN_00896
group_1064,,hypothetical protein,MFCJNMFM_00641,JIEPOILB_00642,MHMAIFBA_00592,KGLDIDPM_00641,CFOCILDN_01800
ulaC_2,ulaC_2,Ascorbate-specific PTS system EIIA component,MFCJNMFM_04553,JIEPOILB_04557,MHMAIFBA_04647,KGLDIDPM_04557,CFOCILDN_02995
rnhA,rnhA,Ribonuclease HI,MFCJNMFM_04100,JIEPOILB_04104,MHMAIFBA_04150,KGLDIDPM_04104,CFOCILDN_04009
rlmH,rlmH,Ribosomal RNA large subunit methyltransferase H,MFCJNMFM_03539,JIEPOILB_03543,MHMAIFBA_03614,KGLDIDPM_03543,CFOCILDN_04443
slyB,slyB,Outer membrane lipoprotein SlyB,MFCJNMFM_02358,JIEPOILB_02903,MHMAIFBA_02307,KGLDIDPM_02360,CFOCILDN_00715
yphA,yphA,Inner membrane protein YphA,MFCJNMFM_01336,JIEPOILB_01337,MHMAIFBA_01330,KGLDIDPM_01334,CFOCILDN_03182
gatA,gatA,PTS system galactitol-specific EIIA component,MFCJNMFM_00626,JIEPOILB_00627,MHMAIFBA_00578,KGLDIDPM_00626,CFOCILDN_01815
accB,accB,Biotin carboxyl carrier protein of acetyl-CoA carboxylase,MFCJNMFM_00519,JIEPOILB_00520,MHMAIFBA_00470,KGLDIDPM_00519,CFOCILDN_01922
secB,secB,Protein-export protein SecB,MFCJNMFM_00204,JIEPOILB_00204,MHMAIFBA_00156,KGLDIDPM_00203,CFOCILDN_02854
group_1061,,hypothetical protein,MFCJNMFM_00089,JIEPOILB_00088,MHMAIFBA_00088,KGLDIDPM_00088,CFOCILDN_04361
atpF,atpF,ATP synthase subunit b,MFCJNMFM_05080,JIEPOILB_05083,MHMAIFBA_05037,KGLDIDPM_05083,CFOCILDN_03733
sorB_2,sorB_2,PTS system sorbose-specific EIIB component,MFCJNMFM_04382,JIEPOILB_04386,MHMAIFBA_04433,KGLDIDPM_04386,CFOCILDN_01017
ribE,ribE,67-dimethyl-8-ribityllumazine synthase,MFCJNMFM_03937,JIEPOILB_03941,MHMAIFBA_04003,KGLDIDPM_03941,CFOCILDN_02594
ylaC,ylaC,Inner membrane protein YlaC,MFCJNMFM_03865,JIEPOILB_03869,MHMAIFBA_03931,KGLDIDPM_03869,CFOCILDN_02522
sorB_1,sorB_1,PTS system sorbose-specific EIIB component,MFCJNMFM_03742,JIEPOILB_03746,MHMAIFBA_03733,KGLDIDPM_03746,CFOCILDN_03680
mngA,mngA,PTS system 2-O-alpha-mannosyl-D-glycerate-specific EIIABC component,MFCJNMFM_02598,JIEPOILB_02662,MHMAIFBA_02546,KGLDIDPM_02600,CFOCILDN_00476
group_1058,,hypothetical protein,MFCJNMFM_01729,JIEPOILB_01729,MHMAIFBA_01695,KGLDIDPM_01726,CFOCILDN_03300
bcp,bcp,Peroxiredoxin Bcp,MFCJNMFM_01399,JIEPOILB_01400,MHMAIFBA_01441,KGLDIDPM_01397,CFOCILDN_03119
hycI,hycI,Hydrogenase 3 maturation protease,MFCJNMFM_01136,JIEPOILB_01136,MHMAIFBA_01124,KGLDIDPM_01135,CFOCILDN_01312
argR,argR,Arginine repressor,MFCJNMFM_00538,JIEPOILB_00539,MHMAIFBA_00490,KGLDIDPM_00538,CFOCILDN_01903
rpsG,rpsG,Small ribosomal subunit protein uS7,MFCJNMFM_00434,JIEPOILB_00434,MHMAIFBA_00385,KGLDIDPM_00433,CFOCILDN_04528
group_1057,,hypothetical protein,MFCJNMFM_00076,JIEPOILB_00076,MHMAIFBA_00076,KGLDIDPM_00076,CFOCILDN_04373
yjjB,yjjB,putative succinate transporter subunit YjjB,MFCJNMFM_04372,JIEPOILB_04376,MHMAIFBA_04423,KGLDIDPM_04376,CFOCILDN_01027
group_1054,,hypothetical protein,MFCJNMFM_04333,JIEPOILB_04337,MHMAIFBA_04384,KGLDIDPM_04337,CFOCILDN_01064
ybeY,ybeY,Endoribonuclease YbeY,MFCJNMFM_03555,JIEPOILB_03559,MHMAIFBA_03598,KGLDIDPM_03559,CFOCILDN_04459
mntR,mntR,Transcriptional regulator MntR,MFCJNMFM_03435,JIEPOILB_03439,MHMAIFBA_03442,KGLDIDPM_03439,CFOCILDN_02122
mgsA,mgsA,Methylglyoxal synthase,MFCJNMFM_03291,JIEPOILB_03295,MHMAIFBA_03251,KGLDIDPM_03295,CFOCILDN_01936
sbmC,sbmC,DNA gyrase inhibitor,MFCJNMFM_01814,JIEPOILB_01820,MHMAIFBA_01790,KGLDIDPM_01817,CFOCILDN_02182
smg,smg,Protein Smg,MFCJNMFM_00475,JIEPOILB_00476,MHMAIFBA_00426,KGLDIDPM_00475,CFOCILDN_04826
trmL_1,trmL_1,tRNA (cytidine(34)-2'-O)-methyltransferase,MFCJNMFM_00207,JIEPOILB_00207,MHMAIFBA_00159,KGLDIDPM_00206,CFOCILDN_02851
group_1048,,hypothetical protein,MFCJNMFM_04494,JIEPOILB_04498,MHMAIFBA_04704,KGLDIDPM_04498,CFOCILDN_03052
group_1047,,hypothetical protein,MFCJNMFM_03928,JIEPOILB_03932,MHMAIFBA_03994,KGLDIDPM_03932,CFOCILDN_02585
group_1046,,hypothetical protein,MFCJNMFM_03485,JIEPOILB_03489,MHMAIFBA_03493,KGLDIDPM_03489,CFOCILDN_02172
group_1045,,hypothetical protein,MFCJNMFM_02269,JIEPOILB_02992,MHMAIFBA_02221,KGLDIDPM_02272,4_refound_11
group_1044,,hypothetical protein,MFCJNMFM_02069,JIEPOILB_03192,MHMAIFBA_02003,KGLDIDPM_02072,CFOCILDN_02370
ureE,ureE,Urease accessory protein UreE,MFCJNMFM_00710,JIEPOILB_00711,MHMAIFBA_00661,KGLDIDPM_00710,CFOCILDN_01731
greA,greA,Transcription elongation factor GreA,MFCJNMFM_00583,JIEPOILB_00584,MHMAIFBA_00535,KGLDIDPM_00583,CFOCILDN_01858
bfr,bfr,Bacterioferritin,MFCJNMFM_00438,JIEPOILB_00438,MHMAIFBA_00389,KGLDIDPM_00437,CFOCILDN_04863
group_1041,,hypothetical protein,MFCJNMFM_00269,JIEPOILB_00269,MHMAIFBA_00221,KGLDIDPM_00268,CFOCILDN_02791
group_1035,,IS1595 family transposase ISSsu9,MFCJNMFM_04284,JIEPOILB_04288,MHMAIFBA_04335,KGLDIDPM_04288,CFOCILDN_01113
folK,folK,2-amino-4-hydroxy-6-hydroxymethyldihydropteridine pyrophosphokinase,MFCJNMFM_04187,JIEPOILB_04191,MHMAIFBA_04235,KGLDIDPM_04191,CFOCILDN_01210
ybaK,ybaK,Cys-tRNA(Pro)/Cys-tRNA(Cys) deacylase YbaK,MFCJNMFM_03842,JIEPOILB_03846,MHMAIFBA_03908,KGLDIDPM_03846,CFOCILDN_02499
ybjN,ybjN,putative protein YbjN,MFCJNMFM_03396,JIEPOILB_03400,MHMAIFBA_03356,KGLDIDPM_03400,CFOCILDN_02040
lrp_1,lrp_1,Leucine-responsive regulatory protein,MFCJNMFM_02912,JIEPOILB_02348,MHMAIFBA_02817,KGLDIDPM_02914,CFOCILDN_00162
group_1034,,hypothetical protein,MFCJNMFM_02847,JIEPOILB_02413,MHMAIFBA_02752,KGLDIDPM_02849,CFOCILDN_00227
rutC_1,rutC_1,3-aminoacrylate deaminase RutC,MFCJNMFM_02299,JIEPOILB_02962,MHMAIFBA_02251,KGLDIDPM_02301,CFOCILDN_00774
eutP,eutP,putative acetate kinase EutP,MFCJNMFM_01418,JIEPOILB_01419,MHMAIFBA_01460,KGLDIDPM_01416,CFOCILDN_03100
rseC,rseC,Protein RseC,MFCJNMFM_01253,JIEPOILB_01253,MHMAIFBA_01310,KGLDIDPM_01251,CFOCILDN_03202
ispF,ispF,2-C-methyl-D-erythritol 24-cyclodiphosphate synthase,MFCJNMFM_01071,JIEPOILB_01071,MHMAIFBA_01069,KGLDIDPM_01070,CFOCILDN_01376
group_1033,,hypothetical protein,MFCJNMFM_00924,JIEPOILB_00925,MHMAIFBA_00941,KGLDIDPM_00924,CFOCILDN_01518
coaD,coaD,Phosphopantetheine adenylyltransferase,MFCJNMFM_00182,JIEPOILB_00182,MHMAIFBA_00134,KGLDIDPM_00181,CFOCILDN_02877
ycdZ,ycdZ,Inner membrane protein YcdZ,MFCJNMFM_03222,JIEPOILB_02038,MHMAIFBA_03191,KGLDIDPM_03226,CFOCILDN_03425
gpx1,gpx1,Hydroperoxy fatty acid reductase gpx1,MFCJNMFM_03091,JIEPOILB_02169,MHMAIFBA_03069,KGLDIDPM_03095,CFOCILDN_04315
spy,spy,Periplasmic chaperone Spy,MFCJNMFM_03053,JIEPOILB_02207,MHMAIFBA_03023,KGLDIDPM_03056,CFOCILDN_00021
group_1028,,hypothetical protein,MFCJNMFM_02714,JIEPOILB_02546,MHMAIFBA_02647,KGLDIDPM_02716,CFOCILDN_00360
hcpA_3,hcpA_3,Major exported protein,MFCJNMFM_02702,JIEPOILB_02558,MHMAIFBA_02635,KGLDIDPM_02704,4_refound_14
group_1027,,hypothetical protein,MFCJNMFM_02074,JIEPOILB_03187,MHMAIFBA_02008,KGLDIDPM_02077,CFOCILDN_02375
group_1026,,hypothetical protein,MFCJNMFM_01484,JIEPOILB_01485,MHMAIFBA_01525,KGLDIDPM_01482,CFOCILDN_04560
yfiB,yfiB,Outer-membrane lipoprotein YfiB,MFCJNMFM_01222,JIEPOILB_01222,MHMAIFBA_01278,KGLDIDPM_01220,CFOCILDN_03986
smpB,smpB,SsrA-binding protein,MFCJNMFM_01206,JIEPOILB_01206,MHMAIFBA_01262,KGLDIDPM_01204,CFOCILDN_03970
rraA,rraA,Regulator of ribonuclease activity A,MFCJNMFM_04996,JIEPOILB_04999,MHMAIFBA_04954,KGLDIDPM_04999,CFOCILDN_03841
pulM,pulM,Type II secretion system protein M,MFCJNMFM_04178,JIEPOILB_04182,MHMAIFBA_04226,KGLDIDPM_04182,CFOCILDN_01219
skp,skp,Chaperone protein Skp,MFCJNMFM_04138,JIEPOILB_04142,MHMAIFBA_04186,KGLDIDPM_04142,CFOCILDN_01259
group_1020,,hypothetical protein,MFCJNMFM_03546,JIEPOILB_03550,MHMAIFBA_03607,KGLDIDPM_03550,CFOCILDN_04450
cbdB,cbdB,2-halobenzoate 12-dioxygenase small subunit,MFCJNMFM_02471,JIEPOILB_02789,MHMAIFBA_02416,KGLDIDPM_02473,CFOCILDN_00603
rhaS_1,rhaS_1,HTH-type transcriptional activator RhaS,MFCJNMFM_02343,JIEPOILB_02918,MHMAIFBA_02292,KGLDIDPM_02345,CFOCILDN_00730
eutK,eutK,Bacterial microcompartment shell protein EutK,MFCJNMFM_01433,JIEPOILB_01434,MHMAIFBA_01474,KGLDIDPM_01431,CFOCILDN_03086
aegA_1,aegA_1,Putative oxidoreductase AegA,MFCJNMFM_00221,JIEPOILB_00221,MHMAIFBA_00173,KGLDIDPM_00220,CFOCILDN_02837
rfaH,rfaH,Transcription antitermination protein RfaH,MFCJNMFM_04884,JIEPOILB_04887,MHMAIFBA_04843,KGLDIDPM_04887,CFOCILDN_04180
group_1014,,hypothetical protein,MFCJNMFM_04782,JIEPOILB_04786,MHMAIFBA_04745,KGLDIDPM_04786,CFOCILDN_03565
moaC,moaC,Cyclic pyranopterin monophosphate synthase,MFCJNMFM_03470,JIEPOILB_03474,MHMAIFBA_03478,KGLDIDPM_03474,CFOCILDN_02157
ybjO,ybjO,Inner membrane protein YbjO,MFCJNMFM_03391,JIEPOILB_03395,MHMAIFBA_03351,KGLDIDPM_03395,CFOCILDN_02035
group_1013,,hypothetical protein,MFCJNMFM_02311,JIEPOILB_02950,MHMAIFBA_02261,KGLDIDPM_02313,CFOCILDN_00762
cvpA,cvpA,Colicin V production protein,MFCJNMFM_01588,JIEPOILB_01589,MHMAIFBA_01553,KGLDIDPM_01586,CFOCILDN_04146
ptsN,ptsN,Nitrogen regulatory protein,MFCJNMFM_00560,JIEPOILB_00561,MHMAIFBA_00512,KGLDIDPM_00560,CFOCILDN_01881
mreD,mreD,Rod shape-determining protein MreD,MFCJNMFM_00526,JIEPOILB_00527,MHMAIFBA_00477,KGLDIDPM_00526,CFOCILDN_01915
aaaT,aaaT,L-amino acid N-acetyltransferase AaaT,MFCJNMFM_00353,JIEPOILB_00353,MHMAIFBA_00304,KGLDIDPM_00352,CFOCILDN_02708
group_1011,,hypothetical protein,MFCJNMFM_04375,JIEPOILB_04379,MHMAIFBA_04426,KGLDIDPM_04379,CFOCILDN_01024
ilvH,ilvH,Acetolactate synthase isozyme 3 small subunit,MFCJNMFM_04246,JIEPOILB_04250,MHMAIFBA_04297,KGLDIDPM_04250,CFOCILDN_01151
yajQ,yajQ,Nucleotide-binding protein YajQ,MFCJNMFM_03925,JIEPOILB_03929,MHMAIFBA_03991,KGLDIDPM_03929,CFOCILDN_02582
ybaY,ybaY,putative lipoprotein YbaY,MFCJNMFM_03888,JIEPOILB_03892,MHMAIFBA_03954,KGLDIDPM_03892,CFOCILDN_02545
hcpA_4,hcpA_4,Major exported protein,MFCJNMFM_02951,JIEPOILB_02309,MHMAIFBA_02857,KGLDIDPM_02953,CFOCILDN_00123
eco,eco,Ecotin,MFCJNMFM_01663,JIEPOILB_01663,MHMAIFBA_01628,KGLDIDPM_01660,CFOCILDN_03234
iscR,iscR,HTH-type transcriptional regulator IscR,MFCJNMFM_01348,JIEPOILB_01349,MHMAIFBA_01342,KGLDIDPM_01346,CFOCILDN_03170
pduM,pduM,Bacterial microcompartment assembly protein PduM,MFCJNMFM_00958,JIEPOILB_00959,MHMAIFBA_00975,KGLDIDPM_00958,CFOCILDN_01484
sorB_3,sorB_3,PTS system sorbose-specific EIIB component,MFCJNMFM_04814,JIEPOILB_04818,MHMAIFBA_04776,KGLDIDPM_04818,CFOCILDN_03595
ppiB,ppiB,Peptidyl-prolyl cis-trans isomerase B,MFCJNMFM_03824,JIEPOILB_03828,MHMAIFBA_03889,KGLDIDPM_03828,CFOCILDN_02480
lrp_3,lrp_3,Leucine-responsive regulatory protein,MFCJNMFM_03358,JIEPOILB_03362,MHMAIFBA_03318,KGLDIDPM_03362,CFOCILDN_02003
rutF,rutF,FMN reductase (NADH) RutF,MFCJNMFM_03248,JIEPOILB_02012,MHMAIFBA_03216,KGLDIDPM_03252,CFOCILDN_03451
yciF,yciF,Protein YciF,MFCJNMFM_03128,JIEPOILB_02132,MHMAIFBA_03106,KGLDIDPM_03132,CFOCILDN_04278
group_1008,,hypothetical protein,MFCJNMFM_01606,JIEPOILB_01607,MHMAIFBA_01571,KGLDIDPM_01604,CFOCILDN_04128
group_1007,,hypothetical protein,MFCJNMFM_00757,JIEPOILB_00758,MHMAIFBA_00708,KGLDIDPM_00757,CFOCILDN_01685
sspB,sspB,Stringent starvation protein B,MFCJNMFM_00547,JIEPOILB_00548,MHMAIFBA_00499,KGLDIDPM_00547,CFOCILDN_01894
rplJ,rplJ,Large ribosomal subunit protein uL10,MFCJNMFM_04858,JIEPOILB_04861,MHMAIFBA_04819,KGLDIDPM_04861,CFOCILDN_04765
rsd,rsd,Regulator of sigma D,MFCJNMFM_04843,JIEPOILB_04847,MHMAIFBA_04804,KGLDIDPM_04847,CFOCILDN_04779
ubiC,ubiC,Chorismate pyruvate-lyase,MFCJNMFM_04790,JIEPOILB_04794,MHMAIFBA_04753,KGLDIDPM_04794,CFOCILDN_03573
ftnA_1,ftnA_1,Bacterial non-heme ferritin,MFCJNMFM_01882,JIEPOILB_01888,MHMAIFBA_01884,KGLDIDPM_01885,CFOCILDN_02250
vsr,vsr,DNA mismatch endonuclease Vsr,MFCJNMFM_01857,JIEPOILB_01863,MHMAIFBA_01859,KGLDIDPM_01860,CFOCILDN_02225
pncC_1,pncC_1,Nicotinamide-nucleotide amidohydrolase PncC,MFCJNMFM_01159,JIEPOILB_01159,MHMAIFBA_01147,KGLDIDPM_01158,CFOCILDN_01289
lspA,lspA,Lipoprotein signal peptidase,MFCJNMFM_04308,JIEPOILB_04312,MHMAIFBA_04359,KGLDIDPM_04312,CFOCILDN_01089
proXpy,proXp-y,Multifunctional Ser/Thr-tRNA deacylase ProXp-y,MFCJNMFM_03102,JIEPOILB_02158,MHMAIFBA_03080,KGLDIDPM_03106,CFOCILDN_04304
yabI_1,yabI_1,Inner membrane protein YabI,MFCJNMFM_02896,JIEPOILB_02364,MHMAIFBA_02801,KGLDIDPM_02898,CFOCILDN_00178
uao,uao,Uric acid degradation bifunctional protein,MFCJNMFM_02677,JIEPOILB_02583,MHMAIFBA_02611,KGLDIDPM_02679,CFOCILDN_00396
nuoE,nuoE,NADH-quinone oxidoreductase subunit E,MFCJNMFM_01615,JIEPOILB_01616,MHMAIFBA_01580,KGLDIDPM_01613,CFOCILDN_04119
recX,recX,Regulatory protein RecX,MFCJNMFM_01161,JIEPOILB_01161,MHMAIFBA_01149,KGLDIDPM_01160,CFOCILDN_01287
fimG,fimG,Protein FimG,MFCJNMFM_00878,JIEPOILB_00879,MHMAIFBA_00894,KGLDIDPM_00878,CFOCILDN_01563
ygjP,ygjP,UTP pyrophosphatase,MFCJNMFM_00663,JIEPOILB_00664,MHMAIFBA_00614,KGLDIDPM_00663,CFOCILDN_01778
group_999,,hypothetical protein,MFCJNMFM_00024,JIEPOILB_00024,MHMAIFBA_00024,KGLDIDPM_00024,CFOCILDN_03782
cpxP,cpxP,Periplasmic protein CpxP,MFCJNMFM_04999,JIEPOILB_05002,MHMAIFBA_04957,KGLDIDPM_05002,CFOCILDN_03844
group_996,,hypothetical protein,MFCJNMFM_04634,JIEPOILB_04638,MHMAIFBA_04571,KGLDIDPM_04638,CFOCILDN_02915
secM,secM,Secretion monitor,MFCJNMFM_04228,JIEPOILB_04232,MHMAIFBA_04279,KGLDIDPM_04232,CFOCILDN_01169
pgpA,pgpA,Phosphatidylglycerophosphatase A,MFCJNMFM_03934,JIEPOILB_03938,MHMAIFBA_04000,KGLDIDPM_03938,CFOCILDN_02591
dps,dps,DNA protection during starvation protein,MFCJNMFM_03440,JIEPOILB_03444,MHMAIFBA_03447,KGLDIDPM_03444,CFOCILDN_02127
group_995,,hypothetical protein,MFCJNMFM_02506,JIEPOILB_02754,MHMAIFBA_02450,KGLDIDPM_02508,CFOCILDN_00568
group_993,,hypothetical protein,MFCJNMFM_00610,JIEPOILB_00611,MHMAIFBA_00562,KGLDIDPM_00610,CFOCILDN_01831
rpsE,rpsE,Small ribosomal subunit protein uS5,MFCJNMFM_00458,JIEPOILB_00458,MHMAIFBA_00409,KGLDIDPM_00457,CFOCILDN_04843
mobB,mobB,Molybdopterin-guanine dinucleotide biosynthesis adapter protein,MFCJNMFM_05056,JIEPOILB_05059,MHMAIFBA_05014,KGLDIDPM_05059,CFOCILDN_03901
yihI,yihI,Der GTPase-activating protein YihI,MFCJNMFM_05048,JIEPOILB_05051,MHMAIFBA_05006,KGLDIDPM_05051,CFOCILDN_03893
group_987,,hypothetical protein,MFCJNMFM_03661,JIEPOILB_03665,MHMAIFBA_03503,KGLDIDPM_03665,CFOCILDN_04708
yciE_2,yciE_2,Protein YciE,MFCJNMFM_03127,JIEPOILB_02133,MHMAIFBA_03105,KGLDIDPM_03131,CFOCILDN_04279
tpx,tpx,Thiol peroxidase,MFCJNMFM_02971,JIEPOILB_02289,MHMAIFBA_02937,KGLDIDPM_02973,CFOCILDN_00103
yciE_1,yciE_1,Protein YciE,MFCJNMFM_02500,JIEPOILB_02760,MHMAIFBA_02444,KGLDIDPM_02502,CFOCILDN_00574
pecS,pecS,HTH-type transcriptional regulator PecS,MFCJNMFM_00887,JIEPOILB_00888,MHMAIFBA_00903,KGLDIDPM_00887,CFOCILDN_01554
mug,mug,G/U mismatch-specific DNA glycosylase,MFCJNMFM_00702,JIEPOILB_00703,MHMAIFBA_00653,KGLDIDPM_00702,CFOCILDN_01739
padC,padC,Phenolic acid decarboxylase PadC,MFCJNMFM_00311,JIEPOILB_00311,MHMAIFBA_00263,KGLDIDPM_00310,CFOCILDN_02749
group_981,,hypothetical protein,MFCJNMFM_04804,JIEPOILB_04808,MHMAIFBA_04766,KGLDIDPM_04808,CFOCILDN_03585
purE,purE,N5-carboxyaminoimidazole ribonucleotide mutase,MFCJNMFM_03827,JIEPOILB_03831,MHMAIFBA_03892,KGLDIDPM_03831,CFOCILDN_02483
sulA,sulA,Cell division inhibitor SulA,MFCJNMFM_03296,JIEPOILB_03300,MHMAIFBA_03256,KGLDIDPM_03300,CFOCILDN_01941
group_979,,hypothetical protein,MFCJNMFM_03107,JIEPOILB_02153,MHMAIFBA_03085,KGLDIDPM_03111,CFOCILDN_04299
group_978,,hypothetical protein,MFCJNMFM_02441,JIEPOILB_02819,MHMAIFBA_02389,KGLDIDPM_02443,CFOCILDN_00633
ftnA_2,ftnA_2,Bacterial non-heme ferritin,MFCJNMFM_01887,JIEPOILB_01893,MHMAIFBA_01889,KGLDIDPM_01890,CFOCILDN_02255
crr,crr,PTS system glucose-specific EIIA component,MFCJNMFM_01450,JIEPOILB_01451,MHMAIFBA_01491,KGLDIDPM_01448,CFOCILDN_03069
tadA,tadA,tRNA-specific adenosine deaminase,MFCJNMFM_01327,JIEPOILB_01328,MHMAIFBA_01321,KGLDIDPM_01325,CFOCILDN_03191
yfiR,yfiR,Negative regulator YfiR,MFCJNMFM_01224,JIEPOILB_01224,MHMAIFBA_01280,KGLDIDPM_01222,CFOCILDN_03988
def,def,Peptide deformylase,MFCJNMFM_00473,JIEPOILB_00474,MHMAIFBA_00424,KGLDIDPM_00473,CFOCILDN_04828
hpaC,hpaC,4-hydroxyphenylacetate 3-monooxygenase reductase component,MFCJNMFM_04414,JIEPOILB_04418,MHMAIFBA_04463,KGLDIDPM_04418,CFOCILDN_00985
moaB,moaB,Molybdenum cofactor biosynthesis protein B,MFCJNMFM_03471,JIEPOILB_03475,MHMAIFBA_03479,KGLDIDPM_03475,CFOCILDN_02158
ompX,ompX,Outer membrane protein X,MFCJNMFM_03438,JIEPOILB_03442,MHMAIFBA_03445,KGLDIDPM_03442,CFOCILDN_02125
zur,zur,Zinc uptake regulation protein,MFCJNMFM_04783,JIEPOILB_04787,MHMAIFBA_04746,KGLDIDPM_04787,CFOCILDN_03566
ybjP,ybjP,putative lipoprotein YbjP,MFCJNMFM_03382,JIEPOILB_03386,MHMAIFBA_03342,KGLDIDPM_03386,CFOCILDN_02026
ogt,ogt,Methylated-DNA--protein-cysteine methyltransferase,MFCJNMFM_02823,JIEPOILB_02437,MHMAIFBA_02729,KGLDIDPM_02825,CFOCILDN_00251
group_973,,hypothetical protein,MFCJNMFM_02328,JIEPOILB_02933,MHMAIFBA_02278,KGLDIDPM_02330,CFOCILDN_00745
hscB,hscB,Co-chaperone protein HscB,MFCJNMFM_01352,JIEPOILB_01353,MHMAIFBA_01346,KGLDIDPM_01350,CFOCILDN_03166
luxS,luxS,S-ribosylhomocysteine lyase,MFCJNMFM_01172,JIEPOILB_01172,MHMAIFBA_01161,KGLDIDPM_01170,CFOCILDN_03907
pagP,pagP,Lipid A acyltransferase PagP,MFCJNMFM_03526,JIEPOILB_03530,MHMAIFBA_03627,KGLDIDPM_03530,CFOCILDN_04430
fabA,fabA,3-hydroxydecanoyl-[acyl-carrier-protein] dehydratase,MFCJNMFM_03300,JIEPOILB_03304,MHMAIFBA_03260,KGLDIDPM_03304,CFOCILDN_01945
mnaT,mnaT,L-amino acid N-acyltransferase MnaT,MFCJNMFM_02425,JIEPOILB_02835,MHMAIFBA_02373,KGLDIDPM_02427,CFOCILDN_00649
yceD,yceD,Large ribosomal RNA subunit accumulation protein YceD,MFCJNMFM_03195,JIEPOILB_02065,MHMAIFBA_03163,KGLDIDPM_03199,CFOCILDN_03398
sodC,sodC,Superoxide dismutase [Cu-Zn],MFCJNMFM_02352,JIEPOILB_02909,MHMAIFBA_02301,KGLDIDPM_02354,CFOCILDN_00721
ruvC,ruvC,Crossover junction endodeoxyribonuclease RuvC,MFCJNMFM_01973,JIEPOILB_03287,MHMAIFBA_01909,KGLDIDPM_01976,CFOCILDN_02275
fldB,fldB,Flavodoxin 2,MFCJNMFM_00846,JIEPOILB_00847,MHMAIFBA_00863,KGLDIDPM_00846,CFOCILDN_01595
group_965,,hypothetical protein,MFCJNMFM_00439,JIEPOILB_00439,MHMAIFBA_00390,KGLDIDPM_00438,CFOCILDN_04862
aroK,aroK,Shikimate kinase 1,MFCJNMFM_00398,JIEPOILB_00398,MHMAIFBA_00349,KGLDIDPM_00397,CFOCILDN_04492
ssb1,ssb1,Single-stranded DNA-binding protein 1,MFCJNMFM_04771,JIEPOILB_04775,MHMAIFBA_04733,KGLDIDPM_04775,CFOCILDN_03554
pal_4,pal_4,Peptidoglycan-associated lipoprotein,MFCJNMFM_03618,JIEPOILB_03622,MHMAIFBA_03537,KGLDIDPM_03622,CFOCILDN_04634
pduE_2,pduE_2,Propanediol dehydratase small subunit,MFCJNMFM_00964,JIEPOILB_00965,MHMAIFBA_00981,KGLDIDPM_00964,CFOCILDN_01478
ubiT,ubiT,Ubiquinone biosynthesis accessory factor UbiT,MFCJNMFM_00609,JIEPOILB_00610,MHMAIFBA_00561,KGLDIDPM_00609,CFOCILDN_01832
priC,priC,Replication restart protein PriC,MFCJNMFM_03855,JIEPOILB_03859,MHMAIFBA_03921,KGLDIDPM_03859,CFOCILDN_02512
ymdB,ymdB,O-acetyl-ADP-ribose deacetylase,MFCJNMFM_03221,JIEPOILB_02039,MHMAIFBA_03190,KGLDIDPM_03225,CFOCILDN_03424
cybB,cybB,Superoxide oxidase CybB,MFCJNMFM_02383,JIEPOILB_02878,MHMAIFBA_02332,KGLDIDPM_02385,CFOCILDN_00690
group_963,,hypothetical protein,MFCJNMFM_02312,JIEPOILB_02949,MHMAIFBA_02262,KGLDIDPM_02314,CFOCILDN_00761
tdk,tdk,Thymidine kinase,MFCJNMFM_02138,JIEPOILB_03123,MHMAIFBA_02090,KGLDIDPM_02141,CFOCILDN_00931
aegA_2,aegA_2,Putative oxidoreductase AegA,MFCJNMFM_01141,JIEPOILB_01141,MHMAIFBA_01129,KGLDIDPM_01140,CFOCILDN_01307
fimF,fimF,Protein FimF,MFCJNMFM_00879,JIEPOILB_00880,MHMAIFBA_00895,KGLDIDPM_00879,CFOCILDN_01562
group_961,,hypothetical protein,MFCJNMFM_00747,JIEPOILB_00748,MHMAIFBA_00698,KGLDIDPM_00747,CFOCILDN_01695
hslV,hslV,ATP-dependent protease subunit HslV,MFCJNMFM_04993,JIEPOILB_04996,MHMAIFBA_04951,KGLDIDPM_04996,CFOCILDN_03838
ppa_2,ppa_2,Inorganic pyrophosphatase,MFCJNMFM_04588,JIEPOILB_04592,MHMAIFBA_04617,KGLDIDPM_04592,CFOCILDN_02961
fldA,fldA,Flavodoxin,MFCJNMFM_03578,JIEPOILB_03582,MHMAIFBA_03577,KGLDIDPM_03582,CFOCILDN_04594
group_958,,hypothetical protein,MFCJNMFM_02942,JIEPOILB_02318,MHMAIFBA_02849,KGLDIDPM_02944,CFOCILDN_00132
ttr,ttr,Acetyltransferase,MFCJNMFM_02708,JIEPOILB_02552,MHMAIFBA_02641,KGLDIDPM_02710,CFOCILDN_00366
dsbB,dsbB,Disulfide bond formation protein B,MFCJNMFM_02039,JIEPOILB_03222,MHMAIFBA_01974,KGLDIDPM_02042,CFOCILDN_02340
mprA,mprA,Transcriptional repressor MprA,MFCJNMFM_01177,JIEPOILB_01177,MHMAIFBA_01166,KGLDIDPM_01175,CFOCILDN_03912
rppH_2,rppH_2,RNA pyrophosphohydrolase,MFCJNMFM_00932,JIEPOILB_00933,MHMAIFBA_00949,KGLDIDPM_00932,CFOCILDN_01510
group_956,,hypothetical protein,MFCJNMFM_00807,JIEPOILB_00808,MHMAIFBA_00824,KGLDIDPM_00807,CFOCILDN_01635
pduO_1,pduO_1,Corrinoid adenosyltransferase PduO,MFCJNMFM_00685,JIEPOILB_00686,MHMAIFBA_00636,KGLDIDPM_00685,CFOCILDN_01756
gntK,gntK,Thermoresistant gluconokinase,MFCJNMFM_00358,JIEPOILB_00358,MHMAIFBA_00309,KGLDIDPM_00357,CFOCILDN_02703
atpH,atpH,ATP synthase subunit delta,MFCJNMFM_05081,JIEPOILB_05084,MHMAIFBA_05038,KGLDIDPM_05084,CFOCILDN_03734
hemG,hemG,Protoporphyrinogen IX dehydrogenase [quinone],MFCJNMFM_04876,JIEPOILB_04879,MHMAIFBA_04835,KGLDIDPM_04879,CFOCILDN_04172
blc_2,blc_2,Outer membrane lipoprotein Blc,MFCJNMFM_04514,JIEPOILB_04518,MHMAIFBA_04686,KGLDIDPM_04518,CFOCILDN_03032
blc_1,blc_1,Outer membrane lipoprotein Blc,MFCJNMFM_04474,JIEPOILB_04478,MHMAIFBA_04511,KGLDIDPM_04478,CFOCILDN_04897
tacT3,tacT3,tRNA-acetylating toxin 3,MFCJNMFM_04465,JIEPOILB_04469,MHMAIFBA_04502,KGLDIDPM_04469,CFOCILDN_04888
kefF_2,kefF_2,Glutathione-regulated potassium-efflux system ancillary protein KefF,MFCJNMFM_04286,JIEPOILB_04290,MHMAIFBA_04337,KGLDIDPM_04290,CFOCILDN_01111
rutB_2,rutB_2,Ureidoacrylate amidohydrolase RutB,MFCJNMFM_03987,JIEPOILB_03991,MHMAIFBA_04053,KGLDIDPM_03991,CFOCILDN_02643
aroL,aroL,Shikimate kinase 2,MFCJNMFM_03973,JIEPOILB_03977,MHMAIFBA_04039,KGLDIDPM_03977,CFOCILDN_02629
group_953,,hypothetical protein,MFCJNMFM_02584,JIEPOILB_02676,MHMAIFBA_02532,KGLDIDPM_02586,CFOCILDN_00490
rplF,rplF,Large ribosomal subunit protein uL6,MFCJNMFM_00456,JIEPOILB_00456,MHMAIFBA_00407,KGLDIDPM_00455,CFOCILDN_04845
group_949,,hypothetical protein,MFCJNMFM_00395,JIEPOILB_00395,MHMAIFBA_00346,KGLDIDPM_00394,CFOCILDN_04489
group_948,,hypothetical protein,MFCJNMFM_00289,JIEPOILB_00289,MHMAIFBA_00241,KGLDIDPM_00288,CFOCILDN_02771
rimI_3,rimI_3,[Ribosomal protein bS18]-alanine N-acetyltransferase,MFCJNMFM_04386,JIEPOILB_04390,MHMAIFBA_04441,KGLDIDPM_04390,CFOCILDN_01013
tatB,tatB,Sec-independent protein translocase protein TatB,MFCJNMFM_04887,JIEPOILB_04890,MHMAIFBA_04846,KGLDIDPM_04890,CFOCILDN_04183
hpt,hpt,Hypoxanthine phosphoribosyltransferase,MFCJNMFM_04196,JIEPOILB_04200,MHMAIFBA_04244,KGLDIDPM_04200,CFOCILDN_01201
thpR,thpR,RNA 2'3'-cyclic phosphodiesterase,MFCJNMFM_04182,JIEPOILB_04186,MHMAIFBA_04230,KGLDIDPM_04186,CFOCILDN_01215
group_944,,hypothetical protein,MFCJNMFM_03037,JIEPOILB_02223,MHMAIFBA_03007,KGLDIDPM_03040,CFOCILDN_00037
group_943,,hypothetical protein,MFCJNMFM_02464,JIEPOILB_02796,MHMAIFBA_02409,KGLDIDPM_02466,CFOCILDN_00610
group_942,,hypothetical protein,MFCJNMFM_02279,JIEPOILB_02982,MHMAIFBA_02230,KGLDIDPM_02282,CFOCILDN_00793
group_941,,hypothetical protein,MFCJNMFM_02090,JIEPOILB_03171,MHMAIFBA_02042,KGLDIDPM_02093,CFOCILDN_02391
fimI,fimI,Fimbrin-like protein FimI,MFCJNMFM_00882,JIEPOILB_00883,MHMAIFBA_00898,KGLDIDPM_00882,CFOCILDN_01559
yhbO,yhbO,Protein/nucleic acid deglycase 2,MFCJNMFM_00613,JIEPOILB_00614,MHMAIFBA_00565,KGLDIDPM_00613,CFOCILDN_01828
group_939,,hypothetical protein,MFCJNMFM_00077,JIEPOILB_00077,MHMAIFBA_00077,KGLDIDPM_00077,CFOCILDN_04372
dnaT,dnaT,Replication restart protein DnaT,MFCJNMFM_04373,JIEPOILB_04377,MHMAIFBA_04424,KGLDIDPM_04377,CFOCILDN_01026
citX,citX,Apo-citrate lyase phosphoribosyl-dephospho-CoA transferase,MFCJNMFM_04273,JIEPOILB_04277,MHMAIFBA_04324,KGLDIDPM_04277,CFOCILDN_01124
yajI,yajI,putative lipoprotein YajI,MFCJNMFM_03940,JIEPOILB_03944,MHMAIFBA_04006,KGLDIDPM_03944,CFOCILDN_02597
group_933,,hypothetical protein,MFCJNMFM_03174,JIEPOILB_02086,MHMAIFBA_03142,KGLDIDPM_03178,CFOCILDN_03377
yciB,yciB,Inner membrane-spanning protein YciB,MFCJNMFM_03034,JIEPOILB_02226,MHMAIFBA_03004,KGLDIDPM_03037,CFOCILDN_00040
group_932,,hypothetical protein,MFCJNMFM_02076,JIEPOILB_03185,MHMAIFBA_02010,KGLDIDPM_02079,CFOCILDN_02377
rplE,rplE,Large ribosomal subunit protein uL5,MFCJNMFM_00453,JIEPOILB_00453,MHMAIFBA_00404,KGLDIDPM_00452,CFOCILDN_04848
ecpR,ecpR,HTH-type transcriptional regulator EcpR,MFCJNMFM_04015,JIEPOILB_04019,MHMAIFBA_04081,KGLDIDPM_04019,CFOCILDN_02671
mtnD,mtnD,Acireductone dioxygenase,MFCJNMFM_03513,JIEPOILB_03517,MHMAIFBA_03640,KGLDIDPM_03517,CFOCILDN_04417
zapC,zapC,Cell division protein ZapC,MFCJNMFM_03307,JIEPOILB_03311,MHMAIFBA_03267,KGLDIDPM_03311,CFOCILDN_01952
group_929,,hypothetical protein,MFCJNMFM_03176,JIEPOILB_02084,MHMAIFBA_03144,KGLDIDPM_03180,CFOCILDN_03379
ves,ves,Protein Ves,MFCJNMFM_02994,JIEPOILB_02266,MHMAIFBA_02960,KGLDIDPM_02997,CFOCILDN_00080
group_928,,hypothetical protein,MFCJNMFM_02932,JIEPOILB_02328,MHMAIFBA_02837,KGLDIDPM_02934,CFOCILDN_00142
group_927,,hypothetical protein,MFCJNMFM_01635,JIEPOILB_01636,MHMAIFBA_01600,KGLDIDPM_01633,CFOCILDN_04099
nuoI,nuoI,NADH-quinone oxidoreductase subunit I,MFCJNMFM_01619,JIEPOILB_01620,MHMAIFBA_01584,KGLDIDPM_01617,CFOCILDN_04115
hycF,hycF,Formate hydrogenlyase subunit 6,MFCJNMFM_01133,JIEPOILB_01133,MHMAIFBA_01121,KGLDIDPM_01132,CFOCILDN_01315
topA_1,topA_1,DNA topoisomerase 1,MFCJNMFM_00476,JIEPOILB_00477,MHMAIFBA_00427,KGLDIDPM_00476,CFOCILDN_04825
nusG,nusG,Transcription termination/antitermination protein NusG,MFCJNMFM_04861,JIEPOILB_04864,MHMAIFBA_04822,KGLDIDPM_04864,CFOCILDN_04762
orn,orn,Oligoribonuclease,MFCJNMFM_04524,JIEPOILB_04528,MHMAIFBA_04676,KGLDIDPM_04528,CFOCILDN_03022
group_920,,hypothetical protein,MFCJNMFM_04420,JIEPOILB_04424,MHMAIFBA_04469,KGLDIDPM_04424,CFOCILDN_00979
yaeQ,yaeQ,putative protein YaeQ,MFCJNMFM_04125,JIEPOILB_04129,MHMAIFBA_04173,KGLDIDPM_04129,CFOCILDN_01272
group_919,,hypothetical protein,MFCJNMFM_03957,JIEPOILB_03961,MHMAIFBA_04023,KGLDIDPM_03961,CFOCILDN_02614
syd,syd,Protein Syd,MFCJNMFM_01043,JIEPOILB_01043,MHMAIFBA_01040,KGLDIDPM_01042,CFOCILDN_01404
cobU,cobU,Bifunctional adenosylcobalamin biosynthesis protein CobU,MFCJNMFM_00990,JIEPOILB_00991,MHMAIFBA_01005,KGLDIDPM_00990,CFOCILDN_01454
lptA,lptA,Lipopolysaccharide export system protein LptA,MFCJNMFM_00564,JIEPOILB_00565,MHMAIFBA_00516,KGLDIDPM_00564,CFOCILDN_01877
sutR_2,sutR_2,HTH-type transcriptional regulator SutR,MFCJNMFM_05019,JIEPOILB_05022,MHMAIFBA_04977,KGLDIDPM_05022,CFOCILDN_03864
group_912,,hypothetical protein,MFCJNMFM_02920,JIEPOILB_02340,MHMAIFBA_02825,KGLDIDPM_02922,CFOCILDN_00154
pgsA,pgsA,CDP-diacylglycerol--glycerol-3-phosphate 3-phosphatidyltransferase,MFCJNMFM_01874,JIEPOILB_01880,MHMAIFBA_01876,KGLDIDPM_01877,CFOCILDN_02242
epmC,epmC,Elongation factor P lysine hydroxylase,MFCJNMFM_01575,JIEPOILB_01576,MHMAIFBA_01540,KGLDIDPM_01573,CFOCILDN_04159
rimM,rimM,Ribosome maturation factor RimM,MFCJNMFM_01217,JIEPOILB_01217,MHMAIFBA_01273,KGLDIDPM_01215,CFOCILDN_03981
fim,fim,Fimbrial subunit type 1,MFCJNMFM_00883,JIEPOILB_00884,MHMAIFBA_00899,KGLDIDPM_00883,CFOCILDN_01558
darP,darP,Dual-action ribosomal maturation protein DarP,MFCJNMFM_04597,JIEPOILB_04601,MHMAIFBA_04608,KGLDIDPM_04601,CFOCILDN_02952
glpP,glpP,Glycerol uptake operon antiterminator regulatory protein,MFCJNMFM_04050,JIEPOILB_04054,MHMAIFBA_04113,KGLDIDPM_04054,CFOCILDN_04059
apt,apt,Adenine phosphoribosyltransferase,MFCJNMFM_03853,JIEPOILB_03857,MHMAIFBA_03919,KGLDIDPM_03857,CFOCILDN_02510
ydjA,ydjA,Putative NAD(P)H nitroreductase YdjA,MFCJNMFM_03076,JIEPOILB_02184,MHMAIFBA_03046,KGLDIDPM_03080,CFOCILDN_04330
group_908,,hypothetical protein,MFCJNMFM_02436,JIEPOILB_02824,MHMAIFBA_02384,KGLDIDPM_02438,CFOCILDN_00638
btuE,btuE,Thioredoxin/glutathione peroxidase BtuE,MFCJNMFM_02171,JIEPOILB_03090,MHMAIFBA_02123,KGLDIDPM_02174,CFOCILDN_00898
yfcD,yfcD,putative Nudix hydrolase YfcD,MFCJNMFM_01602,JIEPOILB_01603,MHMAIFBA_01567,KGLDIDPM_01600,CFOCILDN_04132
yfcE,yfcE,Phosphodiesterase YfcE,MFCJNMFM_01601,JIEPOILB_01602,MHMAIFBA_01566,KGLDIDPM_01599,CFOCILDN_04133
smrB,smrB,Ribosome rescue factor SmrB,MFCJNMFM_01570,JIEPOILB_01571,MHMAIFBA_01535,KGLDIDPM_01568,CFOCILDN_04164
group_906,,hypothetical protein,MFCJNMFM_00936,JIEPOILB_00937,MHMAIFBA_00953,KGLDIDPM_00936,CFOCILDN_01506
group_905,,hypothetical protein,MFCJNMFM_00592,JIEPOILB_00593,MHMAIFBA_00544,KGLDIDPM_00592,CFOCILDN_01849
mlaD,mlaD,Intermembrane phospholipid transport system binding protein MlaD,MFCJNMFM_00571,JIEPOILB_00572,MHMAIFBA_00523,KGLDIDPM_00571,CFOCILDN_01870
group_901,,hypothetical protein,MFCJNMFM_03659,JIEPOILB_03663,MHMAIFBA_03505,KGLDIDPM_03663,CFOCILDN_04706
group_900,,hypothetical protein,MFCJNMFM_03280,JIEPOILB_01980,MHMAIFBA_03247,KGLDIDPM_03284,CFOCILDN_03483
ycdY,ycdY,Chaperone protein YcdY,MFCJNMFM_03223,JIEPOILB_02037,MHMAIFBA_03192,KGLDIDPM_03227,CFOCILDN_03426
dsbE,dsbE,Thiol:disulfide interchange protein DsbE,MFCJNMFM_02265,JIEPOILB_02996,MHMAIFBA_02218,KGLDIDPM_02268,CFOCILDN_00804
msrC,msrC,Free methionine-R-sulfoxide reductase,MFCJNMFM_02003,JIEPOILB_03257,MHMAIFBA_01939,KGLDIDPM_02006,CFOCILDN_02305
pat_2,pat_2,Phosphinothricin N-acetyltransferase,MFCJNMFM_01719,JIEPOILB_01719,MHMAIFBA_01685,KGLDIDPM_01716,CFOCILDN_03290
nuoJ,nuoJ,NADH-quinone oxidoreductase subunit J,MFCJNMFM_01620,JIEPOILB_01621,MHMAIFBA_01585,KGLDIDPM_01618,CFOCILDN_04114
pduT,pduT,Bacterial microcompartment shell protein PduT,MFCJNMFM_00952,JIEPOILB_00953,MHMAIFBA_00969,KGLDIDPM_00952,CFOCILDN_01490
idi,idi,Isopentenyl-diphosphate Delta-isomerase,MFCJNMFM_00852,JIEPOILB_00853,MHMAIFBA_00869,KGLDIDPM_00852,CFOCILDN_01589
yqjI,yqjI,Transcriptional regulator YqjI,MFCJNMFM_00677,JIEPOILB_00678,MHMAIFBA_00628,KGLDIDPM_00677,CFOCILDN_01764
ygjV,ygjV,Inner membrane protein YgjV,MFCJNMFM_00659,JIEPOILB_00660,MHMAIFBA_00610,KGLDIDPM_00659,CFOCILDN_01782
yrdA,yrdA,Protein YrdA,MFCJNMFM_00480,JIEPOILB_00481,MHMAIFBA_00431,KGLDIDPM_00480,CFOCILDN_04821
ytfJ,ytfJ,putative protein YtfJ,MFCJNMFM_04573,JIEPOILB_04577,MHMAIFBA_04627,KGLDIDPM_04577,CFOCILDN_02975
group_898,,hypothetical protein,MFCJNMFM_04166,JIEPOILB_04170,MHMAIFBA_04214,KGLDIDPM_04170,CFOCILDN_01231
frr,frr,Ribosome-recycling factor,MFCJNMFM_04144,JIEPOILB_04148,MHMAIFBA_04192,KGLDIDPM_04148,CFOCILDN_01253
puuR,puuR,HTH-type transcriptional regulator PuuR,MFCJNMFM_03263,JIEPOILB_01997,MHMAIFBA_03229,KGLDIDPM_03267,CFOCILDN_03466
group_896,,hypothetical protein,MFCJNMFM_00937,JIEPOILB_00938,MHMAIFBA_00954,KGLDIDPM_00937,CFOCILDN_01505
dcrB,dcrB,Inner membrane lipoprotein DcrB,MFCJNMFM_00321,JIEPOILB_00321,MHMAIFBA_00273,KGLDIDPM_00320,CFOCILDN_02739
smf1,smf-1,Major fimbrial subunit SMF-1,MFCJNMFM_03812,JIEPOILB_03816,MHMAIFBA_03808,KGLDIDPM_03816,CFOCILDN_02468
yceB,yceB,putative lipoprotein YceB,MFCJNMFM_03206,JIEPOILB_02054,MHMAIFBA_03174,KGLDIDPM_03210,CFOCILDN_03409
group_895,,hypothetical protein,MFCJNMFM_03062,JIEPOILB_02198,MHMAIFBA_03032,KGLDIDPM_03065,CFOCILDN_00012
speG,speG,Spermidine N(1)-acetyltransferase,MFCJNMFM_02772,JIEPOILB_02488,MHMAIFBA_02675,KGLDIDPM_02774,CFOCILDN_00302
group_894,,hypothetical protein,MFCJNMFM_00761,JIEPOILB_00762,MHMAIFBA_00712,KGLDIDPM_00761,CFOCILDN_01681
ywrO,ywrO,General stress protein 14,MFCJNMFM_00423,JIEPOILB_00423,MHMAIFBA_00374,KGLDIDPM_00422,CFOCILDN_04517
nudE,nudE,ADP compounds hydrolase NudE,MFCJNMFM_00392,JIEPOILB_00392,MHMAIFBA_00343,KGLDIDPM_00391,CFOCILDN_04486
rppH_1,rppH_1,RNA pyrophosphohydrolase,MFCJNMFM_00081,JIEPOILB_00081,MHMAIFBA_00081,KGLDIDPM_00081,CFOCILDN_04368
ampD,ampD,16-anhydro-N-acetylmuramyl-L-alanine amidase AmpD,MFCJNMFM_04217,JIEPOILB_04221,MHMAIFBA_04268,KGLDIDPM_04221,CFOCILDN_01180
ahpC_1,ahpC_1,Alkyl hydroperoxide reductase C,MFCJNMFM_03520,JIEPOILB_03524,MHMAIFBA_03633,KGLDIDPM_03524,CFOCILDN_04424
rcdA,rcdA,HTH-type transcriptional regulator RcdA,MFCJNMFM_03403,JIEPOILB_03407,MHMAIFBA_03409,KGLDIDPM_03407,CFOCILDN_02090
pqiC,pqiC,Intermembrane transport lipoprotein PqiC,MFCJNMFM_03301,JIEPOILB_03305,MHMAIFBA_03261,KGLDIDPM_03305,CFOCILDN_01946
group_890,,hypothetical protein,MFCJNMFM_03090,JIEPOILB_02170,MHMAIFBA_03068,KGLDIDPM_03094,CFOCILDN_04316
smrA,smrA,putative DNA endonuclease SmrA,MFCJNMFM_02817,JIEPOILB_02443,MHMAIFBA_02722,KGLDIDPM_02819,CFOCILDN_00257
fimA,fimA,Type-1 fimbrial protein A chain,MFCJNMFM_02669,JIEPOILB_02591,MHMAIFBA_02603,KGLDIDPM_02671,CFOCILDN_00404
srlA,srlA,PTS system glucitol/sorbitol-specific EIIC component,MFCJNMFM_01153,JIEPOILB_01153,MHMAIFBA_01141,KGLDIDPM_01152,CFOCILDN_01295
group_888,,hypothetical protein,MFCJNMFM_00789,JIEPOILB_00790,MHMAIFBA_00806,KGLDIDPM_00789,CFOCILDN_01653
pabA,pabA,Aminodeoxychorismate synthase component 2,MFCJNMFM_00414,JIEPOILB_00414,MHMAIFBA_00365,KGLDIDPM_00413,CFOCILDN_04508
group_887,,hypothetical protein,MFCJNMFM_00224,JIEPOILB_00224,MHMAIFBA_00176,KGLDIDPM_00223,CFOCILDN_02834
chrR,chrR,Quinone reductase,MFCJNMFM_05098,JIEPOILB_05101,MHMAIFBA_05055,KGLDIDPM_05101,CFOCILDN_03751
group_880,,hypothetical protein,MFCJNMFM_04700,JIEPOILB_04704,MHMAIFBA_04714,KGLDIDPM_04704,CFOCILDN_04909
efp,efp,Elongation factor P,MFCJNMFM_04510,JIEPOILB_04514,MHMAIFBA_04690,KGLDIDPM_04514,CFOCILDN_03036
satP,satP,Succinate-acetate/proton symporter SatP,MFCJNMFM_04318,JIEPOILB_04322,MHMAIFBA_04369,KGLDIDPM_04322,CFOCILDN_01079
gmhB,gmhB,D-glycero-beta-D-manno-heptose-17-bisphosphate 7-phosphatase,MFCJNMFM_04115,JIEPOILB_04119,MHMAIFBA_04163,KGLDIDPM_04119,CFOCILDN_01282
maa,maa,Maltose O-acetyltransferase,MFCJNMFM_03864,JIEPOILB_03868,MHMAIFBA_03930,KGLDIDPM_03868,CFOCILDN_02521
mntP,mntP,putative manganese efflux pump MntP,MFCJNMFM_02015,JIEPOILB_03246,MHMAIFBA_01950,KGLDIDPM_02018,CFOCILDN_02316
yecD,yecD,Isochorismatase family protein YecD,MFCJNMFM_01969,JIEPOILB_03291,MHMAIFBA_01905,KGLDIDPM_01972,CFOCILDN_02271
gcvR,gcvR,Glycine cleavage system transcriptional repressor,MFCJNMFM_01400,JIEPOILB_01401,MHMAIFBA_01442,KGLDIDPM_01398,CFOCILDN_03118
yqaB,yqaB,Fructose-1-phosphate phosphatase YqaB,MFCJNMFM_01169,JIEPOILB_01169,MHMAIFBA_01158,KGLDIDPM_01167,CFOCILDN_03904
group_879,,hypothetical protein,MFCJNMFM_00784,JIEPOILB_00785,MHMAIFBA_00801,KGLDIDPM_00784,CFOCILDN_01658
kdsC,kdsC,3-deoxy-D-manno-octulosonate 8-phosphate phosphatase KdsC,MFCJNMFM_00566,JIEPOILB_00567,MHMAIFBA_00518,KGLDIDPM_00566,CFOCILDN_01875
sutR_1,sutR_1,HTH-type transcriptional regulator SutR,MFCJNMFM_02402,JIEPOILB_02859,MHMAIFBA_02351,KGLDIDPM_02404,CFOCILDN_00671
yecM,yecM,Protein YecM,MFCJNMFM_01897,JIEPOILB_01903,MHMAIFBA_01899,KGLDIDPM_01900,CFOCILDN_02265
yohD,yohD,Inner membrane protein YohD,MFCJNMFM_01716,JIEPOILB_01716,MHMAIFBA_01682,KGLDIDPM_01713,CFOCILDN_03287
mepS_1,mepS_1,Murein DD-endopeptidase MepS/Murein LD-carboxypeptidase,MFCJNMFM_01683,JIEPOILB_01683,MHMAIFBA_01648,KGLDIDPM_01680,CFOCILDN_03254
ubiX,ubiX,Flavin prenyltransferase UbiX,MFCJNMFM_01590,JIEPOILB_01591,MHMAIFBA_01555,KGLDIDPM_01588,CFOCILDN_04144
cbiT,cbiT,Cobalt-precorrin-6B C(15)-methyltransferase (decarboxylating),MFCJNMFM_00978,JIEPOILB_00979,MHMAIFBA_00993,KGLDIDPM_00978,CFOCILDN_01466
ppiA,ppiA,Peptidyl-prolyl cis-trans isomerase A,MFCJNMFM_00411,JIEPOILB_00411,MHMAIFBA_00362,KGLDIDPM_00410,CFOCILDN_04505
yeiP,yeiP,Elongation factor P-like protein,MFCJNMFM_01688,JIEPOILB_01688,MHMAIFBA_01653,KGLDIDPM_01685,CFOCILDN_03259
group_870,,hypothetical protein,MFCJNMFM_00897,JIEPOILB_00898,MHMAIFBA_00914,KGLDIDPM_00897,CFOCILDN_01545
group_869,,hypothetical protein,MFCJNMFM_00863,JIEPOILB_00864,MHMAIFBA_00879,KGLDIDPM_00863,CFOCILDN_01578
tsaC,tsaC,Threonylcarbamoyl-AMP synthase,MFCJNMFM_00477,JIEPOILB_00478,MHMAIFBA_00428,KGLDIDPM_00477,CFOCILDN_04824
kdpC,kdpC,Potassium-transporting ATPase KdpC subunit,MFCJNMFM_03586,JIEPOILB_03590,MHMAIFBA_03569,KGLDIDPM_03590,CFOCILDN_04602
ssuE,ssuE,FMN reductase (NADPH),MFCJNMFM_03309,JIEPOILB_03313,MHMAIFBA_03269,KGLDIDPM_03313,CFOCILDN_01954
group_868,,hypothetical protein,MFCJNMFM_01830,JIEPOILB_01836,MHMAIFBA_01806,KGLDIDPM_01833,CFOCILDN_02198
yfeY,yfeY,putative protein YfeY,MFCJNMFM_01439,JIEPOILB_01440,MHMAIFBA_01480,KGLDIDPM_01437,CFOCILDN_03080
rpoE,rpoE,ECF RNA polymerase sigma-E factor,MFCJNMFM_01250,JIEPOILB_01250,MHMAIFBA_01307,KGLDIDPM_01248,CFOCILDN_03205
group_867,,hypothetical protein,MFCJNMFM_00735,JIEPOILB_00736,MHMAIFBA_00686,KGLDIDPM_00735,CFOCILDN_01707
hdeD,hdeD,Protein HdeD,MFCJNMFM_00695,JIEPOILB_00696,MHMAIFBA_00646,KGLDIDPM_00695,CFOCILDN_01746
dolP,dolP,Outer membrane lipoprotein DolP,MFCJNMFM_00616,JIEPOILB_00617,MHMAIFBA_00568,KGLDIDPM_00616,CFOCILDN_01825
lptC,lptC,Lipopolysaccharide export system protein LptC,MFCJNMFM_00565,JIEPOILB_00566,MHMAIFBA_00517,KGLDIDPM_00565,CFOCILDN_01876
nfuA,nfuA,Fe/S biogenesis protein NfuA,MFCJNMFM_00376,JIEPOILB_00376,MHMAIFBA_00327,KGLDIDPM_00375,CFOCILDN_02685
group_864,,hypothetical protein,MFCJNMFM_03908,JIEPOILB_03912,MHMAIFBA_03974,KGLDIDPM_03912,CFOCILDN_02565
group_863,,hypothetical protein,MFCJNMFM_02590,JIEPOILB_02670,MHMAIFBA_02538,KGLDIDPM_02592,CFOCILDN_00484
rimL,rimL,Ribosomal-protein-serine acetyltransferase,MFCJNMFM_02394,JIEPOILB_02867,MHMAIFBA_02343,KGLDIDPM_02396,CFOCILDN_00679
rsxB,rsxB,Ion-translocating oxidoreductase complex subunit B,MFCJNMFM_02372,JIEPOILB_02889,MHMAIFBA_02321,KGLDIDPM_02374,CFOCILDN_00701
group_862,,Cytokinin riboside 5'-monophosphate phosphoribohydrolase,MFCJNMFM_02333,JIEPOILB_02928,MHMAIFBA_02281,KGLDIDPM_02335,CFOCILDN_00740
group_861,,Nudix hydrolase,MFCJNMFM_02023,JIEPOILB_03238,MHMAIFBA_01958,KGLDIDPM_02026,CFOCILDN_02324
mobA,mobA,Molybdenum cofactor guanylyltransferase,MFCJNMFM_05055,JIEPOILB_05058,MHMAIFBA_05013,KGLDIDPM_05058,CFOCILDN_03900
gmhA,gmhA,Phosphoheptose isomerase,MFCJNMFM_04093,JIEPOILB_04097,MHMAIFBA_04143,KGLDIDPM_04097,CFOCILDN_04016
acpH,acpH,Acyl carrier protein phosphodiesterase,MFCJNMFM_03949,JIEPOILB_03953,MHMAIFBA_04015,KGLDIDPM_03953,CFOCILDN_02606
group_856,,hypothetical protein,MFCJNMFM_02454,JIEPOILB_02806,MHMAIFBA_02399,KGLDIDPM_02456,CFOCILDN_00620
group_855,,hypothetical protein,MFCJNMFM_02426,JIEPOILB_02834,MHMAIFBA_02374,KGLDIDPM_02428,CFOCILDN_00648
rsxA,rsxA,Ion-translocating oxidoreductase complex subunit A,MFCJNMFM_02373,JIEPOILB_02888,MHMAIFBA_02322,KGLDIDPM_02375,CFOCILDN_00700
sodB,sodB,Superoxide dismutase [Fe],MFCJNMFM_02342,JIEPOILB_02919,MHMAIFBA_02291,KGLDIDPM_02344,CFOCILDN_00731
slp,slp,Outer membrane protein Slp,MFCJNMFM_02029,JIEPOILB_03232,MHMAIFBA_01964,KGLDIDPM_02032,CFOCILDN_02330
dcd,dcd,dCTP deaminase,MFCJNMFM_01774,JIEPOILB_01773,MHMAIFBA_01739,KGLDIDPM_01770,CFOCILDN_03344
mdaB,mdaB,NADPH:quinone oxidoreductase MdaB,MFCJNMFM_00738,JIEPOILB_00739,MHMAIFBA_00689,KGLDIDPM_00738,CFOCILDN_01704
yhdE,yhdE,dTTP/UTP pyrophosphatase,MFCJNMFM_00527,JIEPOILB_00528,MHMAIFBA_00478,KGLDIDPM_00527,CFOCILDN_01914
tag,tag,DNA-3-methyladenine glycosylase 1,MFCJNMFM_00253,JIEPOILB_00253,MHMAIFBA_00203,KGLDIDPM_00252,CFOCILDN_02807
yceF,yceF,7-methyl-GTP pyrophosphatase,MFCJNMFM_03196,JIEPOILB_02064,MHMAIFBA_03164,KGLDIDPM_03200,CFOCILDN_03399
pth,pth,Peptidyl-tRNA hydrolase,MFCJNMFM_02096,JIEPOILB_03165,MHMAIFBA_02048,KGLDIDPM_02099,CFOCILDN_02397
group_850,,hypothetical protein,MFCJNMFM_00827,JIEPOILB_00828,MHMAIFBA_00844,KGLDIDPM_00827,CFOCILDN_01614
pduD_1,pduD_1,Propanediol dehydratase medium subunit,MFCJNMFM_00690,JIEPOILB_00691,MHMAIFBA_00641,KGLDIDPM_00690,CFOCILDN_01751
fdoG_1,fdoG_1,Formate dehydrogenase-O major subunit,MFCJNMFM_05031,JIEPOILB_05034,MHMAIFBA_04989,KGLDIDPM_05034,CFOCILDN_03876
mog,mog,Molybdopterin adenylyltransferase,MFCJNMFM_04320,JIEPOILB_04324,MHMAIFBA_04371,KGLDIDPM_04324,CFOCILDN_01077
ecpA,ecpA,Common pilus major fimbrillin subunit EcpA,MFCJNMFM_04014,JIEPOILB_04018,MHMAIFBA_04080,KGLDIDPM_04018,CFOCILDN_02670
betI_3,betI_3,HTH-type transcriptional regulator BetI,MFCJNMFM_03710,JIEPOILB_03714,MHMAIFBA_03699,KGLDIDPM_03714,CFOCILDN_03649
fdnG_1,fdnG_1,Formate dehydrogenase nitrate-inducible major subunit,MFCJNMFM_02475,JIEPOILB_02785,MHMAIFBA_02419,KGLDIDPM_02477,CFOCILDN_00599
yohC,yohC,Inner membrane protein YohC,MFCJNMFM_01717,JIEPOILB_01717,MHMAIFBA_01683,KGLDIDPM_01714,CFOCILDN_03288
group_849,,hypothetical protein,MFCJNMFM_00426,JIEPOILB_00426,MHMAIFBA_00377,KGLDIDPM_00425,CFOCILDN_04520
group_848,,putative protein,MFCJNMFM_04839,JIEPOILB_04843,MHMAIFBA_04800,KGLDIDPM_04843,CFOCILDN_04783
group_847,,hypothetical protein,MFCJNMFM_04489,JIEPOILB_04493,MHMAIFBA_04709,KGLDIDPM_04493,CFOCILDN_03057
eamB,eamB,Cysteine/O-acetylserine efflux protein,MFCJNMFM_04096,JIEPOILB_04100,MHMAIFBA_04146,KGLDIDPM_04100,CFOCILDN_04013
lptE,lptE,LPS-assembly lipoprotein LptE,MFCJNMFM_03544,JIEPOILB_03548,MHMAIFBA_03609,KGLDIDPM_03548,CFOCILDN_04448
rutE,rutE,putative malonic semialdehyde reductase RutE,MFCJNMFM_03247,JIEPOILB_02013,MHMAIFBA_03215,KGLDIDPM_03251,CFOCILDN_03450
ydjM,ydjM,Inner membrane protein YdjM,MFCJNMFM_03040,JIEPOILB_02220,MHMAIFBA_03010,KGLDIDPM_03043,CFOCILDN_00034
btuR,btuR,Corrinoid adenosyltransferase CobA,MFCJNMFM_03014,JIEPOILB_02246,MHMAIFBA_02980,KGLDIDPM_03017,CFOCILDN_00060
hisH,hisH,Imidazole glycerol phosphate synthase subunit HisH,MFCJNMFM_01800,JIEPOILB_01806,MHMAIFBA_01776,KGLDIDPM_01803,CFOCILDN_04811
grpE,grpE,Protein GrpE,MFCJNMFM_01212,JIEPOILB_01212,MHMAIFBA_01268,KGLDIDPM_01210,CFOCILDN_03976
diaA,diaA,DnaA initiator-associating protein DiaA,MFCJNMFM_00617,JIEPOILB_00618,MHMAIFBA_00569,KGLDIDPM_00617,CFOCILDN_01824
group_843,,hypothetical protein,MFCJNMFM_05022,JIEPOILB_05025,MHMAIFBA_04980,KGLDIDPM_05025,CFOCILDN_03867
yajL,yajL,Protein/nucleic acid deglycase 3,MFCJNMFM_03927,JIEPOILB_03931,MHMAIFBA_03993,KGLDIDPM_03931,CFOCILDN_02584
ybjG,ybjG,Putative undecaprenyl-diphosphatase YbjG,MFCJNMFM_03407,JIEPOILB_03411,MHMAIFBA_03413,KGLDIDPM_03411,CFOCILDN_02094
betI_2,betI_2,HTH-type transcriptional regulator BetI,MFCJNMFM_03220,JIEPOILB_02040,MHMAIFBA_03189,KGLDIDPM_03224,CFOCILDN_03423
bdcR,bdcR,HTH-type transcriptional repressor BdcR,MFCJNMFM_02929,JIEPOILB_02331,MHMAIFBA_02834,KGLDIDPM_02931,CFOCILDN_00145
ecdB,ecdB,putative UbiX-like flavin prenyltransferase,MFCJNMFM_01081,JIEPOILB_01081,MHMAIFBA_01079,KGLDIDPM_01080,CFOCILDN_01366
rdgB,rdgB,dITP/XTP pyrophosphatase,MFCJNMFM_00782,JIEPOILB_00783,MHMAIFBA_00799,KGLDIDPM_00782,CFOCILDN_01660
uhpA,uhpA,Transcriptional regulatory protein UhpA,MFCJNMFM_00035,JIEPOILB_00035,MHMAIFBA_00035,KGLDIDPM_00035,CFOCILDN_03793
pulJ,pulJ,Type II secretion system protein J,MFCJNMFM_04175,JIEPOILB_04179,MHMAIFBA_04223,KGLDIDPM_04179,CFOCILDN_01222
nqrE,nqrE,Na(+)-translocating NADH-quinone reductase subunit E,MFCJNMFM_04086,JIEPOILB_04090,MHMAIFBA_04136,KGLDIDPM_04090,CFOCILDN_04023
sxy,sxy,Protein Sxy,MFCJNMFM_03295,JIEPOILB_03299,MHMAIFBA_03255,KGLDIDPM_03299,CFOCILDN_01940
group_840,,NAD(P)H dehydrogenase (quinone),MFCJNMFM_03252,JIEPOILB_02008,MHMAIFBA_03219,KGLDIDPM_03256,CFOCILDN_03455
caiE,caiE,Carnitine operon protein CaiE,MFCJNMFM_02874,JIEPOILB_02386,MHMAIFBA_02779,KGLDIDPM_02876,CFOCILDN_00200
nudK_2,nudK_2,GDP-mannose pyrophosphatase,MFCJNMFM_01670,JIEPOILB_01670,MHMAIFBA_01635,KGLDIDPM_01667,CFOCILDN_03241
nudK_1,nudK_1,GDP-mannose pyrophosphatase,MFCJNMFM_01412,JIEPOILB_01413,MHMAIFBA_01454,KGLDIDPM_01410,CFOCILDN_03106
ygfA,ygfA,5-formyltetrahydrofolate cyclo-ligase,MFCJNMFM_00825,JIEPOILB_00826,MHMAIFBA_00842,KGLDIDPM_00825,CFOCILDN_01616
rsmD,rsmD,Ribosomal RNA small subunit methyltransferase D,MFCJNMFM_00328,JIEPOILB_00328,MHMAIFBA_00280,KGLDIDPM_00327,CFOCILDN_02732
mtlR,mtlR,Mannitol operon repressor,MFCJNMFM_00213,JIEPOILB_00213,MHMAIFBA_00165,KGLDIDPM_00212,CFOCILDN_02845
slmA,slmA,Nucleoid occlusion factor SlmA,MFCJNMFM_00175,JIEPOILB_00175,MHMAIFBA_00127,KGLDIDPM_00174,CFOCILDN_02884
yihX,yihX,Alpha-D-glucose 1-phosphate phosphatase YihX,MFCJNMFM_05042,JIEPOILB_05045,MHMAIFBA_05000,KGLDIDPM_05045,CFOCILDN_03887
dgoA_2,dgoA_2,2-dehydro-3-deoxy-6-phosphogalactonate aldolase,MFCJNMFM_04388,JIEPOILB_04392,MHMAIFBA_04443,KGLDIDPM_04392,CFOCILDN_01011
rnhB,rnhB,Ribonuclease HII,MFCJNMFM_04133,JIEPOILB_04137,MHMAIFBA_04181,KGLDIDPM_04137,CFOCILDN_01264
ppa_1,ppa_1,Inorganic pyrophosphatase,MFCJNMFM_02489,JIEPOILB_02771,MHMAIFBA_02433,KGLDIDPM_02491,CFOCILDN_00585
nemR,nemR,HTH-type transcriptional repressor NemR,MFCJNMFM_02349,JIEPOILB_02912,MHMAIFBA_02298,KGLDIDPM_02351,CFOCILDN_00724
hisI,hisI,Histidine biosynthesis bifunctional protein HisIE,MFCJNMFM_01797,JIEPOILB_01803,MHMAIFBA_01773,KGLDIDPM_01800,CFOCILDN_04808
yfbR_1,yfbR_1,5'-deoxynucleotidase YfbR,MFCJNMFM_01609,JIEPOILB_01610,MHMAIFBA_01574,KGLDIDPM_01607,CFOCILDN_04125
ahpC_2,ahpC_2,Alkyl hydroperoxide reductase C,MFCJNMFM_03950,JIEPOILB_03954,MHMAIFBA_04016,KGLDIDPM_03954,CFOCILDN_02607
ribA,ribA,GTP cyclohydrolase-2,MFCJNMFM_03006,JIEPOILB_02254,MHMAIFBA_02972,KGLDIDPM_03009,CFOCILDN_00068
group_833,,3-mercaptopropionate dioxygenase,MFCJNMFM_02227,JIEPOILB_03034,MHMAIFBA_02180,KGLDIDPM_02230,CFOCILDN_00842
group_832,,hypothetical protein,MFCJNMFM_00767,JIEPOILB_00768,MHMAIFBA_00719,KGLDIDPM_00767,CFOCILDN_01675
group_831,,hypothetical protein,MFCJNMFM_00664,JIEPOILB_00665,MHMAIFBA_00615,KGLDIDPM_00664,CFOCILDN_01777
fic,fic,putative protein adenylyltransferase Fic,MFCJNMFM_00413,JIEPOILB_00413,MHMAIFBA_00364,KGLDIDPM_00412,CFOCILDN_04507
group_830,,hypothetical protein,MFCJNMFM_00106,JIEPOILB_00105,MHMAIFBA_00105,KGLDIDPM_00105,CFOCILDN_04344
ubiJ,ubiJ,Ubiquinone biosynthesis accessory factor UbiJ,MFCJNMFM_04890,JIEPOILB_04893,MHMAIFBA_04849,KGLDIDPM_04893,CFOCILDN_04186
leuD1,leuD1,3-isopropylmalate dehydratase small subunit 1,MFCJNMFM_04252,JIEPOILB_04256,MHMAIFBA_04303,KGLDIDPM_04256,CFOCILDN_01145
recR,recR,Recombination protein RecR,MFCJNMFM_03850,JIEPOILB_03854,MHMAIFBA_03916,KGLDIDPM_03854,CFOCILDN_02507
group_826,,hypothetical protein,MFCJNMFM_03705,JIEPOILB_03709,MHMAIFBA_03694,KGLDIDPM_03709,CFOCILDN_03644
azoR_2,azoR_2,FMN-dependent NADH:quinone oxidoreductase,MFCJNMFM_02872,JIEPOILB_02388,MHMAIFBA_02777,KGLDIDPM_02874,CFOCILDN_00202
gstA,gstA,Glutathione S-transferase GstA,MFCJNMFM_02364,JIEPOILB_02897,MHMAIFBA_02313,KGLDIDPM_02366,CFOCILDN_00709
azoR_1,azoR_1,FMN-dependent NADH:quinone oxidoreductase,MFCJNMFM_01198,JIEPOILB_01198,MHMAIFBA_01186,KGLDIDPM_01196,CFOCILDN_03932
cysC,cysC,Adenylyl-sulfate kinase,MFCJNMFM_01067,JIEPOILB_01067,MHMAIFBA_01065,KGLDIDPM_01066,CFOCILDN_01380
cbiE,cbiE,Cobalt-precorrin-7 C(5)-methyltransferase,MFCJNMFM_00977,JIEPOILB_00978,MHMAIFBA_00992,KGLDIDPM_00977,CFOCILDN_01467
group_825,,ISKra4 family transposase ISCep1,MFCJNMFM_00885,JIEPOILB_00886,MHMAIFBA_00901,KGLDIDPM_00885,CFOCILDN_01556
rplD,rplD,Large ribosomal subunit protein uL4,MFCJNMFM_00442,JIEPOILB_00442,MHMAIFBA_00393,KGLDIDPM_00441,CFOCILDN_04859
lexA_2,lexA_2,LexA repressor,MFCJNMFM_04786,JIEPOILB_04790,MHMAIFBA_04749,KGLDIDPM_04790,CFOCILDN_03569
mtnB,mtnB,Methylthioribulose-1-phosphate dehydratase,MFCJNMFM_03504,JIEPOILB_03508,MHMAIFBA_03649,KGLDIDPM_03508,CFOCILDN_04408
dmsD,dmsD,Tat proofreading chaperone DmsD,MFCJNMFM_02778,JIEPOILB_02482,MHMAIFBA_02682,KGLDIDPM_02780,CFOCILDN_00296
hycB,hycB,Formate hydrogenlyase subunit 2,MFCJNMFM_01129,JIEPOILB_01129,MHMAIFBA_01117,KGLDIDPM_01128,CFOCILDN_01319
group_822,,hypothetical protein,MFCJNMFM_00891,JIEPOILB_00892,MHMAIFBA_00906,KGLDIDPM_00891,CFOCILDN_01551
group_821,,ISKra4 family transposase ISCep1,MFCJNMFM_00884,JIEPOILB_00885,MHMAIFBA_00900,KGLDIDPM_00884,CFOCILDN_01557
msrQ,msrQ,Protein-methionine-sulfoxide reductase heme-binding subunit MsrQ,MFCJNMFM_00521,JIEPOILB_00522,MHMAIFBA_00472,KGLDIDPM_00521,CFOCILDN_01920
yibF,yibF,putative GST-like protein YibF,MFCJNMFM_00218,JIEPOILB_00218,MHMAIFBA_00170,KGLDIDPM_00217,CFOCILDN_02840
cyoC,cyoC,Cytochrome bo(3) ubiquinol oxidase subunit 3,MFCJNMFM_03912,JIEPOILB_03916,MHMAIFBA_03978,KGLDIDPM_03916,CFOCILDN_02569
lolA,lolA,Outer-membrane lipoprotein carrier protein,MFCJNMFM_03356,JIEPOILB_03360,MHMAIFBA_03316,KGLDIDPM_03360,CFOCILDN_02001
lolB,lolB,Outer-membrane lipoprotein LolB,MFCJNMFM_02102,JIEPOILB_03159,MHMAIFBA_02054,KGLDIDPM_02105,CFOCILDN_02403
emtA,emtA,Endo-type membrane-bound lytic murein transglycosylase A,MFCJNMFM_02047,JIEPOILB_03214,MHMAIFBA_01982,KGLDIDPM_02050,CFOCILDN_02348
ruvA,ruvA,Holliday junction branch migration complex subunit RuvA,MFCJNMFM_01974,JIEPOILB_03286,MHMAIFBA_01910,KGLDIDPM_01977,CFOCILDN_02276
group_816,,hypothetical protein,MFCJNMFM_01767,JIEPOILB_01766,MHMAIFBA_01732,KGLDIDPM_01763,CFOCILDN_03337
group_815,,hypothetical protein,MFCJNMFM_00836,JIEPOILB_00837,MHMAIFBA_00853,KGLDIDPM_00836,CFOCILDN_01605
yigZ,yigZ,IMPACT family member YigZ,MFCJNMFM_04878,JIEPOILB_04881,MHMAIFBA_04837,KGLDIDPM_04881,CFOCILDN_04174
group_814,,hypothetical protein,MFCJNMFM_03882,JIEPOILB_03886,MHMAIFBA_03948,KGLDIDPM_03886,CFOCILDN_02539
group_813,,hypothetical protein,MFCJNMFM_03446,JIEPOILB_03450,MHMAIFBA_03453,KGLDIDPM_03450,CFOCILDN_02133
group_812,,hypothetical protein,MFCJNMFM_02913,JIEPOILB_02347,MHMAIFBA_02818,KGLDIDPM_02915,CFOCILDN_00161
group_811,,hypothetical protein,MFCJNMFM_02244,JIEPOILB_03017,MHMAIFBA_02197,KGLDIDPM_02247,CFOCILDN_00825
evgA,evgA,DNA-binding transcriptional activator EvgA,MFCJNMFM_00698,JIEPOILB_00699,MHMAIFBA_00649,KGLDIDPM_00698,CFOCILDN_01743
mdcG,mdcG,Phosphoribosyl-dephospho-CoA transferase,MFCJNMFM_02797,JIEPOILB_02463,MHMAIFBA_02702,KGLDIDPM_02799,CFOCILDN_00277
plsY,plsY,putative glycerol-3-phosphate acyltransferase,MFCJNMFM_00716,JIEPOILB_00717,MHMAIFBA_00667,KGLDIDPM_00716,CFOCILDN_01726
ureG,ureG,Urease accessory protein UreG,MFCJNMFM_00708,JIEPOILB_00709,MHMAIFBA_00659,KGLDIDPM_00708,CFOCILDN_01733
group_806,,hypothetical protein,MFCJNMFM_00116,JIEPOILB_00115,MHMAIFBA_00115,KGLDIDPM_00115,CFOCILDN_04334
dgoA_1,dgoA_1,2-dehydro-3-deoxy-6-phosphogalactonate aldolase,MFCJNMFM_00010,JIEPOILB_00010,MHMAIFBA_00010,KGLDIDPM_00010,CFOCILDN_03768
sodA,sodA,Superoxide dismutase [Mn],MFCJNMFM_05003,JIEPOILB_05006,MHMAIFBA_04961,KGLDIDPM_05006,CFOCILDN_03848
rhtC_3,rhtC_3,Threonine efflux protein,MFCJNMFM_04902,JIEPOILB_04905,MHMAIFBA_04861,KGLDIDPM_04905,CFOCILDN_04198
rhtB_2,rhtB_2,Homoserine/homoserine lactone efflux protein,MFCJNMFM_04900,JIEPOILB_04903,MHMAIFBA_04859,KGLDIDPM_04903,CFOCILDN_04196
fklB,fklB,FKBP-type 22 kDa peptidyl-prolyl cis-trans isomerase,MFCJNMFM_04564,JIEPOILB_04568,MHMAIFBA_04636,KGLDIDPM_04568,CFOCILDN_02984
osmY,osmY,Osmotically-inducible protein Y,MFCJNMFM_04353,JIEPOILB_04357,MHMAIFBA_04404,KGLDIDPM_04357,CFOCILDN_01044
coaE,coaE,Dephospho-CoA kinase,MFCJNMFM_04223,JIEPOILB_04227,MHMAIFBA_04274,KGLDIDPM_04227,CFOCILDN_01174
group_804,,hypothetical protein,MFCJNMFM_03700,JIEPOILB_03704,MHMAIFBA_03689,KGLDIDPM_03704,CFOCILDN_03639
yciO,yciO,putative protein YciO,MFCJNMFM_03018,JIEPOILB_02242,MHMAIFBA_02984,KGLDIDPM_03021,CFOCILDN_00056
pcaG,pcaG,Protocatechuate 34-dioxygenase alpha chain,MFCJNMFM_02388,JIEPOILB_02873,MHMAIFBA_02337,KGLDIDPM_02390,CFOCILDN_00685
yfgM,yfgM,Ancillary SecYEG translocon subunit,MFCJNMFM_01367,JIEPOILB_01368,MHMAIFBA_01361,KGLDIDPM_01365,CFOCILDN_03151
group_803,,hypothetical protein,MFCJNMFM_00720,JIEPOILB_00721,MHMAIFBA_00671,KGLDIDPM_00720,CFOCILDN_01722
rpsD,rpsD,Small ribosomal subunit protein uS4,MFCJNMFM_00463,JIEPOILB_00464,MHMAIFBA_00414,KGLDIDPM_00463,CFOCILDN_04838
rsmG,rsmG,Ribosomal RNA small subunit methyltransferase G,MFCJNMFM_05076,JIEPOILB_05079,MHMAIFBA_05033,KGLDIDPM_05079,CFOCILDN_03729
dsbA,dsbA,Thiol:disulfide interchange protein DsbA,MFCJNMFM_05052,JIEPOILB_05055,MHMAIFBA_05010,KGLDIDPM_05055,CFOCILDN_03897
group_801,,hypothetical protein,MFCJNMFM_04416,JIEPOILB_04420,MHMAIFBA_04465,KGLDIDPM_04420,CFOCILDN_00983
group_800,,hypothetical protein,MFCJNMFM_04157,JIEPOILB_04161,MHMAIFBA_04205,KGLDIDPM_04161,CFOCILDN_01240
clpP,clpP,ATP-dependent Clp protease proteolytic subunit,MFCJNMFM_03905,JIEPOILB_03909,MHMAIFBA_03971,KGLDIDPM_03909,CFOCILDN_02562
rimJ,rimJ,[Ribosomal protein uS5]-alanine N-acetyltransferase,MFCJNMFM_03204,JIEPOILB_02056,MHMAIFBA_03172,KGLDIDPM_03208,CFOCILDN_03407
ynjF,ynjF,Inner membrane protein YnjF,MFCJNMFM_03067,JIEPOILB_02193,MHMAIFBA_03037,KGLDIDPM_03071,CFOCILDN_00007
rsxG,rsxG,Ion-translocating oxidoreductase complex subunit G,MFCJNMFM_02369,JIEPOILB_02892,MHMAIFBA_02318,KGLDIDPM_02371,CFOCILDN_00704
ccmA,ccmA,Cytochrome c biogenesis ATP-binding export protein CcmA,MFCJNMFM_02259,JIEPOILB_03002,MHMAIFBA_02212,KGLDIDPM_02262,CFOCILDN_00810
rcsA,rcsA,Transcriptional regulatory protein RcsA,MFCJNMFM_01863,JIEPOILB_01869,MHMAIFBA_01865,KGLDIDPM_01866,CFOCILDN_02231
gstB_1,gstB_1,Glutathione S-transferase GstB,MFCJNMFM_00292,JIEPOILB_00292,MHMAIFBA_00244,KGLDIDPM_00291,CFOCILDN_02768
gmk,gmk,Guanylate kinase,MFCJNMFM_00114,JIEPOILB_00113,MHMAIFBA_00113,KGLDIDPM_00113,CFOCILDN_04336
ybdM,ybdM,putative protein YbdM,MFCJNMFM_03516,JIEPOILB_03520,MHMAIFBA_03637,KGLDIDPM_03520,CFOCILDN_04420
gstB_3,gstB_3,Glutathione S-transferase GstB,MFCJNMFM_03410,JIEPOILB_03414,MHMAIFBA_03416,KGLDIDPM_03414,CFOCILDN_02097
upp,upp,Uracil phosphoribosyltransferase,MFCJNMFM_01391,JIEPOILB_01392,MHMAIFBA_01434,KGLDIDPM_01389,CFOCILDN_03127
pcm,pcm,Protein-L-isoaspartate O-methyltransferase,MFCJNMFM_01074,JIEPOILB_01074,MHMAIFBA_01072,KGLDIDPM_01073,CFOCILDN_01373
group_797,,hypothetical protein,MFCJNMFM_00325,JIEPOILB_00325,MHMAIFBA_00277,KGLDIDPM_00324,CFOCILDN_02735
group_796,,hypothetical protein,MFCJNMFM_00075,JIEPOILB_00075,MHMAIFBA_00075,KGLDIDPM_00075,CFOCILDN_04374
group_793,,hypothetical protein,MFCJNMFM_04302,JIEPOILB_04306,MHMAIFBA_04353,KGLDIDPM_04306,CFOCILDN_01095
cobC_1,cobC_1,Adenosylcobalamin/alpha-ribazole phosphatase,MFCJNMFM_03541,JIEPOILB_03545,MHMAIFBA_03612,KGLDIDPM_03545,CFOCILDN_04445
rhtC_1,rhtC_1,Threonine efflux protein,MFCJNMFM_02321,JIEPOILB_02940,MHMAIFBA_02271,KGLDIDPM_02323,CFOCILDN_00752
group_792,,hypothetical protein,MFCJNMFM_01778,JIEPOILB_01777,MHMAIFBA_01743,KGLDIDPM_01774,CFOCILDN_03348
yfcG,yfcG,Disulfide-bond oxidoreductase YfcG,MFCJNMFM_01599,JIEPOILB_01600,MHMAIFBA_01564,KGLDIDPM_01597,CFOCILDN_04135
rlmE,rlmE,Ribosomal RNA large subunit methyltransferase E,MFCJNMFM_00585,JIEPOILB_00586,MHMAIFBA_00537,KGLDIDPM_00585,CFOCILDN_01856
rplC,rplC,Large ribosomal subunit protein uL3,MFCJNMFM_00441,JIEPOILB_00441,MHMAIFBA_00392,KGLDIDPM_00440,CFOCILDN_04860
group_790,,hypothetical protein,MFCJNMFM_02196,JIEPOILB_03065,MHMAIFBA_02149,KGLDIDPM_02199,CFOCILDN_00873
engB,engB,putative GTP-binding protein EngB,MFCJNMFM_05049,JIEPOILB_05052,MHMAIFBA_05007,KGLDIDPM_05052,CFOCILDN_03894
hpcE_1,hpcE_1,Homoprotocatechuate catabolism bifunctional isomerase/decarboxylase,MFCJNMFM_04404,JIEPOILB_04408,MHMAIFBA_04453,KGLDIDPM_04408,CFOCILDN_00995
group_789,,hypothetical protein,MFCJNMFM_03121,JIEPOILB_02139,MHMAIFBA_03099,KGLDIDPM_03125,CFOCILDN_04285
pduL_1,pduL_1,Phosphate propanoyltransferase,MFCJNMFM_00959,JIEPOILB_00960,MHMAIFBA_00976,KGLDIDPM_00959,CFOCILDN_01483
nudF,nudF,ADP-ribose pyrophosphatase,MFCJNMFM_00732,JIEPOILB_00733,MHMAIFBA_00683,KGLDIDPM_00732,CFOCILDN_01710
dhaL,dhaL,PEP-dependent dihydroxyacetone kinase ADP-binding subunit DhaL,MFCJNMFM_00681,JIEPOILB_00682,MHMAIFBA_00632,KGLDIDPM_00681,CFOCILDN_01760
crp,crp,cAMP-activated global transcriptional regulator CRP,MFCJNMFM_00417,JIEPOILB_00417,MHMAIFBA_00368,KGLDIDPM_00416,CFOCILDN_04511
fdoI,fdoI,Formate dehydrogenase cytochrome b556(fdo) subunit,MFCJNMFM_05034,JIEPOILB_05037,MHMAIFBA_04992,KGLDIDPM_05037,CFOCILDN_03879
fabR,fabR,HTH-type transcriptional repressor FabR,MFCJNMFM_04968,JIEPOILB_04971,MHMAIFBA_04926,KGLDIDPM_04971,CFOCILDN_03813
thiE,thiE,Thiamine-phosphate synthase,MFCJNMFM_04845,JIEPOILB_04849,MHMAIFBA_04806,KGLDIDPM_04849,CFOCILDN_04777
comR,comR,HTH-type transcriptional repressor ComR,MFCJNMFM_03172,JIEPOILB_02088,MHMAIFBA_03140,KGLDIDPM_03176,CFOCILDN_03375
nth,nth,Endonuclease III,MFCJNMFM_02367,JIEPOILB_02894,MHMAIFBA_02316,KGLDIDPM_02369,CFOCILDN_00706
ribC,ribC,Riboflavin synthase,MFCJNMFM_02335,JIEPOILB_02926,MHMAIFBA_02284,KGLDIDPM_02337,CFOCILDN_00738
cynT,cynT,Carbonic anhydrase 1,MFCJNMFM_02322,JIEPOILB_02939,MHMAIFBA_02272,KGLDIDPM_02324,CFOCILDN_00751
pgpC,pgpC,Phosphatidylglycerophosphatase C,MFCJNMFM_01326,JIEPOILB_01327,MHMAIFBA_01320,KGLDIDPM_01324,CFOCILDN_03192
cbiC,cbiC,Cobalt-precorrin-8 methylmutase,MFCJNMFM_00975,JIEPOILB_00976,MHMAIFBA_00990,KGLDIDPM_00975,CFOCILDN_01469
group_782,,hypothetical protein,MFCJNMFM_00895,JIEPOILB_00896,MHMAIFBA_00910,KGLDIDPM_00895,CFOCILDN_01547
mlaC,mlaC,Intermembrane phospholipid transport system binding protein MlaC,MFCJNMFM_00572,JIEPOILB_00573,MHMAIFBA_00524,KGLDIDPM_00572,CFOCILDN_01869
msrA,msrA,Peptide methionine sulfoxide reductase MsrA,MFCJNMFM_04579,JIEPOILB_04583,MHMAIFBA_04624,KGLDIDPM_04583,CFOCILDN_02969
nqrD,nqrD,Na(+)-translocating NADH-quinone reductase subunit D,MFCJNMFM_04087,JIEPOILB_04091,MHMAIFBA_04137,KGLDIDPM_04091,CFOCILDN_04022
rutR,rutR,HTH-type transcriptional regulator RutR,MFCJNMFM_03242,JIEPOILB_02018,MHMAIFBA_03210,KGLDIDPM_03246,CFOCILDN_03445
leuE,leuE,Leucine efflux protein,MFCJNMFM_03113,JIEPOILB_02147,MHMAIFBA_03091,KGLDIDPM_03117,CFOCILDN_04293
ompW,ompW,Outer membrane protein W,MFCJNMFM_03031,JIEPOILB_02229,MHMAIFBA_03001,KGLDIDPM_03034,CFOCILDN_00043
nicS,nicS,HTH-type transcriptional repressor NicS,MFCJNMFM_02209,JIEPOILB_03052,MHMAIFBA_02162,KGLDIDPM_02212,CFOCILDN_00860
group_778,,hypothetical protein,MFCJNMFM_01883,JIEPOILB_01889,MHMAIFBA_01885,KGLDIDPM_01886,CFOCILDN_02251
yfcF,yfcF,Glutathione S-transferase YfcF,MFCJNMFM_01600,JIEPOILB_01601,MHMAIFBA_01565,KGLDIDPM_01598,CFOCILDN_04134
group_777,,hypothetical protein,MFCJNMFM_01343,JIEPOILB_01344,MHMAIFBA_01337,KGLDIDPM_01341,CFOCILDN_03175
iprA_2,iprA_2,Inhibitor of hydrogen peroxide resistance,MFCJNMFM_00593,JIEPOILB_00594,MHMAIFBA_00545,KGLDIDPM_00593,CFOCILDN_01848
sspA,sspA,Stringent starvation protein A,MFCJNMFM_00546,JIEPOILB_00547,MHMAIFBA_00498,KGLDIDPM_00546,CFOCILDN_01895
yfdX,yfdX,Protein YfdX,MFCJNMFM_00696,JIEPOILB_00697,MHMAIFBA_00647,KGLDIDPM_00696,CFOCILDN_01745
group_775,,hypothetical protein,MFCJNMFM_03958,JIEPOILB_03962,MHMAIFBA_04024,KGLDIDPM_03962,CFOCILDN_02615
tcyL_3,tcyL_3,L-cystine transport system permease protein TcyL,MFCJNMFM_03723,JIEPOILB_03727,MHMAIFBA_03712,KGLDIDPM_03727,CFOCILDN_03662
tmk,tmk,Thymidylate kinase,MFCJNMFM_03185,JIEPOILB_02075,MHMAIFBA_03153,KGLDIDPM_03189,CFOCILDN_03388
hflD,hflD,High frequency lysogenization protein HflD,MFCJNMFM_03140,JIEPOILB_02120,MHMAIFBA_03117,KGLDIDPM_03144,CFOCILDN_04267
pncA,pncA,Nicotinamidase,MFCJNMFM_03079,JIEPOILB_02181,MHMAIFBA_03049,KGLDIDPM_03083,CFOCILDN_04327
eda,eda,KHG/KDPG aldolase,MFCJNMFM_01985,JIEPOILB_03275,MHMAIFBA_01921,KGLDIDPM_01988,CFOCILDN_02287
udk,udk,Uridine kinase,MFCJNMFM_01773,JIEPOILB_01772,MHMAIFBA_01738,KGLDIDPM_01769,CFOCILDN_03343
purN,purN,Phosphoribosylglycinamide formyltransferase,MFCJNMFM_01387,JIEPOILB_01388,MHMAIFBA_01430,KGLDIDPM_01385,CFOCILDN_03131
pyrE,pyrE,Orotate phosphoribosyltransferase,MFCJNMFM_00174,JIEPOILB_00174,MHMAIFBA_00126,KGLDIDPM_00173,CFOCILDN_02885
group_772,,hypothetical protein,MFCJNMFM_04604,JIEPOILB_04608,MHMAIFBA_04601,KGLDIDPM_04608,CFOCILDN_02945
adk,adk,Adenylate kinase,MFCJNMFM_03848,JIEPOILB_03852,MHMAIFBA_03914,KGLDIDPM_03852,CFOCILDN_02505
pcp,pcp,Pyrrolidone-carboxylate peptidase,MFCJNMFM_03598,JIEPOILB_03602,MHMAIFBA_03557,KGLDIDPM_03602,CFOCILDN_04614
lipB,lipB,Octanoyltransferase,MFCJNMFM_03533,JIEPOILB_03537,MHMAIFBA_03620,KGLDIDPM_03537,CFOCILDN_04437
group_770,,hypothetical protein,MFCJNMFM_00254,JIEPOILB_00254,MHMAIFBA_00204,KGLDIDPM_00253,CFOCILDN_02806
ytjB,ytjB,putative inner membrane protein Smp,MFCJNMFM_04343,JIEPOILB_04347,MHMAIFBA_04394,KGLDIDPM_04347,CFOCILDN_01054
cobC_2,cobC_2,Adenosylcobalamin/alpha-ribazole phosphatase,MFCJNMFM_04335,JIEPOILB_04339,MHMAIFBA_04386,KGLDIDPM_04339,CFOCILDN_01062
gloC,gloC,Hydroxyacylglutathione hydrolase GloC,MFCJNMFM_03324,JIEPOILB_03328,MHMAIFBA_03284,KGLDIDPM_03328,CFOCILDN_01969
lpoB,lpoB,Penicillin-binding protein activator LpoB,MFCJNMFM_03179,JIEPOILB_02081,MHMAIFBA_03147,KGLDIDPM_03183,CFOCILDN_03382
rnt,rnt,Ribonuclease T,MFCJNMFM_02346,JIEPOILB_02915,MHMAIFBA_02295,KGLDIDPM_02348,CFOCILDN_00727
yceI,yceI,Protein YceI,MFCJNMFM_02150,JIEPOILB_03111,MHMAIFBA_02102,KGLDIDPM_02153,CFOCILDN_00919
group_767,,hypothetical protein,MFCJNMFM_02140,JIEPOILB_03121,MHMAIFBA_02092,KGLDIDPM_02143,CFOCILDN_00929
fucA,fucA,L-fuculose phosphate aldolase,MFCJNMFM_01026,JIEPOILB_01026,MHMAIFBA_01023,KGLDIDPM_01025,CFOCILDN_01421
group_766,,hypothetical protein,MFCJNMFM_00614,JIEPOILB_00615,MHMAIFBA_00566,KGLDIDPM_00614,CFOCILDN_01827
betI_1,betI_1,HTH-type transcriptional regulator BetI,MFCJNMFM_00072,JIEPOILB_00072,MHMAIFBA_00072,KGLDIDPM_00072,CFOCILDN_04377
zinT,zinT,Metal-binding protein ZinT,MFCJNMFM_04976,JIEPOILB_04979,MHMAIFBA_04934,KGLDIDPM_04979,CFOCILDN_03821
ulaD,ulaD,3-keto-L-gulonate-6-phosphate decarboxylase UlaD,MFCJNMFM_04554,JIEPOILB_04558,MHMAIFBA_04646,KGLDIDPM_04558,CFOCILDN_02994
acrR_2,acrR_2,HTH-type transcriptional regulator AcrR,MFCJNMFM_03859,JIEPOILB_03863,MHMAIFBA_03925,KGLDIDPM_03863,CFOCILDN_02516
nadD,nadD,Nicotinate-nucleotide adenylyltransferase,MFCJNMFM_03542,JIEPOILB_03546,MHMAIFBA_03611,KGLDIDPM_03546,CFOCILDN_04446
rluE,rluE,Ribosomal large subunit pseudouridine synthase E,MFCJNMFM_03137,JIEPOILB_02123,MHMAIFBA_03114,KGLDIDPM_03141,CFOCILDN_04270
narL,narL,Nitrate/nitrite response regulator protein NarL,MFCJNMFM_02121,JIEPOILB_03140,MHMAIFBA_02073,KGLDIDPM_02124,CFOCILDN_02422
rcsB,rcsB,Transcriptional regulatory protein RcsB,MFCJNMFM_01652,JIEPOILB_01653,MHMAIFBA_01618,KGLDIDPM_01650,CFOCILDN_03224
rseA,rseA,Anti-sigma-E factor RseA,MFCJNMFM_01251,JIEPOILB_01251,MHMAIFBA_01308,KGLDIDPM_01249,CFOCILDN_03204
metI_4,metI_4,D-methionine transport system permease protein MetI,MFCJNMFM_04117,JIEPOILB_04121,MHMAIFBA_04165,KGLDIDPM_04121,CFOCILDN_01280
group_758,,hypothetical protein,MFCJNMFM_03203,JIEPOILB_02057,MHMAIFBA_03171,KGLDIDPM_03207,CFOCILDN_03406
alkB,alkB,Alpha-ketoglutarate-dependent dioxygenase AlkB,MFCJNMFM_01658,JIEPOILB_01658,MHMAIFBA_01623,KGLDIDPM_01655,CFOCILDN_03229
csgD,csgD,CsgBAC operon transcriptional regulatory protein,MFCJNMFM_00787,JIEPOILB_00788,MHMAIFBA_00804,KGLDIDPM_00787,CFOCILDN_01655
ribB,ribB,34-dihydroxy-2-butanone 4-phosphate synthase,MFCJNMFM_00726,JIEPOILB_00727,MHMAIFBA_00677,KGLDIDPM_00726,CFOCILDN_01716
elbB,elbB,Glyoxalase ElbB,MFCJNMFM_00556,JIEPOILB_00557,MHMAIFBA_00508,KGLDIDPM_00556,CFOCILDN_01885
acrR_1,acrR_1,HTH-type transcriptional regulator AcrR,MFCJNMFM_00489,JIEPOILB_00490,MHMAIFBA_00440,KGLDIDPM_00489,CFOCILDN_01929
group_757,,hypothetical protein,MFCJNMFM_00354,JIEPOILB_00354,MHMAIFBA_00305,KGLDIDPM_00353,CFOCILDN_02707
pxpB,pxpB,5-oxoprolinase subunit B,MFCJNMFM_03593,JIEPOILB_03597,MHMAIFBA_03562,KGLDIDPM_03597,CFOCILDN_04609
group_753,,hypothetical protein,MFCJNMFM_03060,JIEPOILB_02200,MHMAIFBA_03030,KGLDIDPM_03063,CFOCILDN_00014
pcaJ,pcaJ,3-oxoadipate CoA-transferase subunit B,MFCJNMFM_02814,JIEPOILB_02446,MHMAIFBA_02719,KGLDIDPM_02816,CFOCILDN_00260
fdnI,fdnI,Formate dehydrogenase nitrate-inducible cytochrome b556(Fdn) subunit,MFCJNMFM_02478,JIEPOILB_02782,MHMAIFBA_02422,KGLDIDPM_02480,CFOCILDN_00596
scoB,scoB,putative succinyl-CoA:3-ketoacid coenzyme A transferase subunit B,MFCJNMFM_02289,JIEPOILB_02972,MHMAIFBA_02240,KGLDIDPM_02291,CFOCILDN_00784
uvrY,uvrY,Response regulator UvrY,MFCJNMFM_01872,JIEPOILB_01878,MHMAIFBA_01874,KGLDIDPM_01875,CFOCILDN_02240
tcyL_2,tcyL_2,L-cystine transport system permease protein TcyL,MFCJNMFM_02578,JIEPOILB_02682,MHMAIFBA_02526,KGLDIDPM_02580,CFOCILDN_00496
rluA_2,rluA_2,Dual-specificity RNA pseudouridine synthase RluA,MFCJNMFM_04272,JIEPOILB_04276,MHMAIFBA_04323,KGLDIDPM_04276,CFOCILDN_01125
cecR,cecR,HTH-type transcriptional dual regulator CecR,MFCJNMFM_03458,JIEPOILB_03462,MHMAIFBA_03465,KGLDIDPM_03462,CFOCILDN_02145
glnP_1,glnP_1,Glutamine transport system permease protein GlnP,MFCJNMFM_03442,JIEPOILB_03446,MHMAIFBA_03449,KGLDIDPM_03446,CFOCILDN_02129
yccA,yccA,Modulator of FtsH protease YccA,MFCJNMFM_03276,JIEPOILB_01984,MHMAIFBA_03243,KGLDIDPM_03280,CFOCILDN_03479
group_751,,Catechol O-methyltransferase,MFCJNMFM_02870,JIEPOILB_02390,MHMAIFBA_02775,KGLDIDPM_02872,CFOCILDN_00204
ccmB,ccmB,Heme exporter protein B,MFCJNMFM_02260,JIEPOILB_03001,MHMAIFBA_02213,KGLDIDPM_02263,CFOCILDN_00809
ycgM,ycgM,Oxaloacetate tautomerase YcgM,MFCJNMFM_02036,JIEPOILB_03225,MHMAIFBA_01971,KGLDIDPM_02039,CFOCILDN_02337
exoX,exoX,Exodeoxyribonuclease 10,MFCJNMFM_01990,JIEPOILB_03270,MHMAIFBA_01926,KGLDIDPM_01993,CFOCILDN_02292
yebE,yebE,Inner membrane protein YebE,MFCJNMFM_01988,JIEPOILB_03272,MHMAIFBA_01924,KGLDIDPM_01991,CFOCILDN_02290
hxpA,hxpA,Hexitol phosphatase A,MFCJNMFM_01607,JIEPOILB_01608,MHMAIFBA_01572,KGLDIDPM_01605,CFOCILDN_04127
dedA,dedA,DedA family protein,MFCJNMFM_01584,JIEPOILB_01585,MHMAIFBA_01549,KGLDIDPM_01582,CFOCILDN_04150
group_749,,hypothetical protein,MFCJNMFM_00842,JIEPOILB_00843,MHMAIFBA_00859,KGLDIDPM_00842,CFOCILDN_01599
rpiA,rpiA,Ribose-5-phosphate isomerase A,MFCJNMFM_00823,JIEPOILB_00824,MHMAIFBA_00840,KGLDIDPM_00823,CFOCILDN_01618
yghB,yghB,Inner membrane protein YghB,MFCJNMFM_00751,JIEPOILB_00752,MHMAIFBA_00702,KGLDIDPM_00751,CFOCILDN_01691
qseB,qseB,Transcriptional regulatory protein QseB,MFCJNMFM_00740,JIEPOILB_00741,MHMAIFBA_00691,KGLDIDPM_00740,CFOCILDN_01702
fsaB,fsaB,Fructose-6-phosphate aldolase 2,MFCJNMFM_04978,JIEPOILB_04981,MHMAIFBA_04936,KGLDIDPM_04981,CFOCILDN_03823
ytfE,ytfE,Iron-sulfur cluster repair protein YtfE,MFCJNMFM_04566,JIEPOILB_04570,MHMAIFBA_04634,KGLDIDPM_04570,CFOCILDN_02982
rhtC_2,rhtC_2,Threonine efflux protein,MFCJNMFM_04424,JIEPOILB_04428,MHMAIFBA_04473,KGLDIDPM_04428,CFOCILDN_00975
can_1,can_1,Carbonic anhydrase 2,MFCJNMFM_04195,JIEPOILB_04199,MHMAIFBA_04243,KGLDIDPM_04199,CFOCILDN_01202
group_746,,hypothetical protein,MFCJNMFM_03813,JIEPOILB_03817,MHMAIFBA_03809,KGLDIDPM_03817,CFOCILDN_02469
pdxH,pdxH,Pyridoxine/pyridoxamine 5'-phosphate oxidase,MFCJNMFM_02361,JIEPOILB_02900,MHMAIFBA_02310,KGLDIDPM_02363,CFOCILDN_00712
yqjA,yqjA,Inner membrane protein YqjA,MFCJNMFM_00654,JIEPOILB_00655,MHMAIFBA_00605,KGLDIDPM_00654,CFOCILDN_01787
yiaD,yiaD,putative lipoprotein YiaD,MFCJNMFM_00250,JIEPOILB_00250,MHMAIFBA_00200,KGLDIDPM_00249,CFOCILDN_02810
yieH,yieH,6-phosphogluconate phosphatase,MFCJNMFM_05096,JIEPOILB_05099,MHMAIFBA_05053,KGLDIDPM_05099,CFOCILDN_03749
group_745,,Histidinol-phosphatase,MFCJNMFM_04021,JIEPOILB_04025,MHMAIFBA_04087,KGLDIDPM_04025,CFOCILDN_04088
group_744,,hypothetical protein,MFCJNMFM_03971,JIEPOILB_03975,MHMAIFBA_04037,KGLDIDPM_03975,CFOCILDN_02627
hisQ_2,hisQ_2,Histidine/lysine/arginine/ornithine transport system permease protein HisQ,MFCJNMFM_03722,JIEPOILB_03726,MHMAIFBA_03711,KGLDIDPM_03726,CFOCILDN_03661
group_743,,hypothetical protein,MFCJNMFM_02577,JIEPOILB_02683,MHMAIFBA_02525,KGLDIDPM_02579,CFOCILDN_00497
yhhQ,yhhQ,Queuosine precursor transporter,MFCJNMFM_00322,JIEPOILB_00322,MHMAIFBA_00274,KGLDIDPM_00321,CFOCILDN_02738
group_741,,hypothetical protein,MFCJNMFM_00178,JIEPOILB_00178,MHMAIFBA_00130,KGLDIDPM_00177,CFOCILDN_02881
ecpB,ecpB,putative fimbrial chaperone EcpB,MFCJNMFM_04013,JIEPOILB_04017,MHMAIFBA_04079,KGLDIDPM_04017,CFOCILDN_02669
artM,artM,Arginine ABC transporter permease protein ArtM,MFCJNMFM_03386,JIEPOILB_03390,MHMAIFBA_03346,KGLDIDPM_03390,CFOCILDN_02030
hxpB_2,hxpB_2,Hexitol phosphatase B,MFCJNMFM_03038,JIEPOILB_02222,MHMAIFBA_03008,KGLDIDPM_03041,CFOCILDN_00036
pspA,pspA,Phage shock protein A,MFCJNMFM_02981,JIEPOILB_02279,MHMAIFBA_02947,KGLDIDPM_02983,CFOCILDN_00093
metI_3,metI_3,D-methionine transport system permease protein MetI,MFCJNMFM_02915,JIEPOILB_02345,MHMAIFBA_02820,KGLDIDPM_02917,CFOCILDN_00159
group_734,,hypothetical protein,MFCJNMFM_02725,JIEPOILB_02535,MHMAIFBA_02660,KGLDIDPM_02727,CFOCILDN_00349
group_733,,hypothetical protein,MFCJNMFM_02398,JIEPOILB_02863,MHMAIFBA_02347,KGLDIDPM_02400,CFOCILDN_00675
group_732,,hypothetical protein,MFCJNMFM_01879,JIEPOILB_01885,MHMAIFBA_01881,KGLDIDPM_01882,CFOCILDN_02247
tcyL_1,tcyL_1,L-cystine transport system permease protein TcyL,MFCJNMFM_01868,JIEPOILB_01874,MHMAIFBA_01870,KGLDIDPM_01871,CFOCILDN_02236
folE,folE,GTP cyclohydrolase 1,MFCJNMFM_01700,JIEPOILB_01700,MHMAIFBA_01665,KGLDIDPM_01697,CFOCILDN_03271
ftsE,ftsE,Cell division ATP-binding protein FtsE,MFCJNMFM_00330,JIEPOILB_00330,MHMAIFBA_00282,KGLDIDPM_00329,CFOCILDN_02730
nfi,nfi,Endonuclease V,MFCJNMFM_04840,JIEPOILB_04844,MHMAIFBA_04801,KGLDIDPM_04844,CFOCILDN_04782
basR,basR,Transcriptional regulatory protein BasR,MFCJNMFM_03475,JIEPOILB_03479,MHMAIFBA_03483,KGLDIDPM_03479,CFOCILDN_02162
phoP_3,phoP_3,Virulence transcriptional regulatory protein PhoP,MFCJNMFM_03144,JIEPOILB_02116,MHMAIFBA_03121,KGLDIDPM_03148,CFOCILDN_04263
metI_2,metI_2,D-methionine transport system permease protein MetI,MFCJNMFM_02691,JIEPOILB_02569,MHMAIFBA_02625,KGLDIDPM_02693,CFOCILDN_00382
queE,queE,7-carboxy-7-deazaguanine synthase,MFCJNMFM_01058,JIEPOILB_01058,MHMAIFBA_01056,KGLDIDPM_01057,CFOCILDN_01389
group_730,,hypothetical protein,MFCJNMFM_00730,JIEPOILB_00731,MHMAIFBA_00681,KGLDIDPM_00730,CFOCILDN_01712
yiiM,yiiM,Protein YiiM,MFCJNMFM_05002,JIEPOILB_05005,MHMAIFBA_04960,KGLDIDPM_05005,CFOCILDN_03847
wecD,wecD,dTDP-fucosamine acetyltransferase,MFCJNMFM_04930,JIEPOILB_04933,MHMAIFBA_04889,KGLDIDPM_04933,CFOCILDN_04226
group_727,,hypothetical protein,MFCJNMFM_04563,JIEPOILB_04567,MHMAIFBA_04637,KGLDIDPM_04567,CFOCILDN_02985
bglJ,bglJ,Transcriptional activator protein BglJ,MFCJNMFM_04367,JIEPOILB_04371,MHMAIFBA_04418,KGLDIDPM_04371,CFOCILDN_01032
gltK,gltK,Glutamate/aspartate import permease protein GltK,MFCJNMFM_03550,JIEPOILB_03554,MHMAIFBA_03603,KGLDIDPM_03554,CFOCILDN_04454
nuoB,nuoB,NADH-quinone oxidoreductase subunit B,MFCJNMFM_01613,JIEPOILB_01614,MHMAIFBA_01578,KGLDIDPM_01611,CFOCILDN_04121
group_726,,hypothetical protein,MFCJNMFM_00377,JIEPOILB_00377,MHMAIFBA_00328,KGLDIDPM_00376,CFOCILDN_02684
yjjG,yjjG,Pyrimidine 5'-nucleotidase YjjG,MFCJNMFM_04355,JIEPOILB_04359,MHMAIFBA_04406,KGLDIDPM_04359,CFOCILDN_01042
fetA,fetA,putative iron export ATP-binding protein FetA,MFCJNMFM_03836,JIEPOILB_03840,MHMAIFBA_03902,KGLDIDPM_03840,CFOCILDN_02493
kdpE,kdpE,KDP operon transcriptional regulatory protein KdpE,MFCJNMFM_03584,JIEPOILB_03588,MHMAIFBA_03571,KGLDIDPM_03588,CFOCILDN_04600
ycaC,ycaC,putative hydrolase YcaC,MFCJNMFM_03231,JIEPOILB_02029,MHMAIFBA_03198,KGLDIDPM_03235,CFOCILDN_03434
group_722,,PKHD-type hydroxylase,MFCJNMFM_03030,JIEPOILB_02230,MHMAIFBA_03000,KGLDIDPM_03033,CFOCILDN_00044
narI,narI,Respiratory nitrate reductase 1 gamma chain,MFCJNMFM_02127,JIEPOILB_03134,MHMAIFBA_02079,KGLDIDPM_02130,CFOCILDN_02428
proQ,proQ,RNA chaperone ProQ,MFCJNMFM_02004,JIEPOILB_03256,MHMAIFBA_01940,KGLDIDPM_02007,CFOCILDN_02306
hda,hda,DnaA regulatory inactivator Hda,MFCJNMFM_01393,JIEPOILB_01394,MHMAIFBA_01436,KGLDIDPM_01391,CFOCILDN_03125
cbiQ,cbiQ,Cobalt transport protein CbiQ,MFCJNMFM_00987,JIEPOILB_00988,MHMAIFBA_01002,KGLDIDPM_00987,CFOCILDN_01457
rpe,rpe,Ribulose-phosphate 3-epimerase,MFCJNMFM_00402,JIEPOILB_00402,MHMAIFBA_00353,KGLDIDPM_00401,CFOCILDN_04496
alsE_1,alsE_1,D-allulose-6-phosphate 3-epimerase,MFCJNMFM_02597,JIEPOILB_02663,MHMAIFBA_02545,KGLDIDPM_02599,CFOCILDN_00477
mgtC,mgtC,Protein MgtC,MFCJNMFM_02524,JIEPOILB_02736,MHMAIFBA_02462,KGLDIDPM_02526,CFOCILDN_00550
narV,narV,Respiratory nitrate reductase 2 gamma chain,MFCJNMFM_02459,JIEPOILB_02801,MHMAIFBA_02404,KGLDIDPM_02461,CFOCILDN_00615
chaC,chaC,Glutathione-specific gamma-glutamylcyclotransferase,MFCJNMFM_02111,JIEPOILB_03150,MHMAIFBA_02063,KGLDIDPM_02114,CFOCILDN_02412
rnc,rnc,Ribonuclease 3,MFCJNMFM_01319,JIEPOILB_01320,MHMAIFBA_01313,KGLDIDPM_01317,CFOCILDN_03199
cusR_1,cusR_1,Transcriptional regulatory protein CusR,MFCJNMFM_04468,JIEPOILB_04472,MHMAIFBA_04505,KGLDIDPM_04472,CFOCILDN_04891
group_718,,hypothetical protein,MFCJNMFM_03981,JIEPOILB_03985,MHMAIFBA_04047,KGLDIDPM_03985,CFOCILDN_02637
malT_2,malT_2,HTH-type transcriptional regulator MalT,MFCJNMFM_03770,JIEPOILB_03774,MHMAIFBA_03766,KGLDIDPM_03774,CFOCILDN_03708
cmk,cmk,Cytidylate kinase,MFCJNMFM_03342,JIEPOILB_03346,MHMAIFBA_03302,KGLDIDPM_03346,CFOCILDN_01987
cat3,cat3,Chloramphenicol acetyltransferase 3,MFCJNMFM_02318,JIEPOILB_02943,MHMAIFBA_02268,KGLDIDPM_02320,CFOCILDN_00755
yrfG,yrfG,GMP/IMP nucleotidase YrfG,MFCJNMFM_00390,JIEPOILB_00390,MHMAIFBA_00341,KGLDIDPM_00389,CFOCILDN_04484
ulaF,ulaF,L-ribulose-5-phosphate 4-epimerase UlaF,MFCJNMFM_04556,JIEPOILB_04560,MHMAIFBA_04644,KGLDIDPM_04560,CFOCILDN_02992
trmL_2,trmL_2,tRNA (cytidine(34)-2'-O)-methyltransferase,MFCJNMFM_04328,JIEPOILB_04332,MHMAIFBA_04379,KGLDIDPM_04332,CFOCILDN_01069
pdeH_2,pdeH_2,Cyclic di-GMP phosphodiesterase PdeH,MFCJNMFM_03120,JIEPOILB_02140,MHMAIFBA_03098,KGLDIDPM_03124,CFOCILDN_04286
pcaI,pcaI,3-oxoadipate CoA-transferase subunit A,MFCJNMFM_02815,JIEPOILB_02445,MHMAIFBA_02720,KGLDIDPM_02817,CFOCILDN_00259
rspR,rspR,HTH-type transcriptional repressor RspR,MFCJNMFM_02766,JIEPOILB_02494,MHMAIFBA_02669,KGLDIDPM_02768,CFOCILDN_00308
tcyJ_2,tcyJ_2,L-cystine-binding protein TcyJ,MFCJNMFM_02511,JIEPOILB_02749,MHMAIFBA_02456,KGLDIDPM_02513,CFOCILDN_00563
hisQ_1,hisQ_1,Histidine/lysine/arginine/ornithine transport system permease protein HisQ,MFCJNMFM_01593,JIEPOILB_01594,MHMAIFBA_01558,KGLDIDPM_01591,CFOCILDN_04141
qseG,qseG,Quorum-sensing regulator protein G,MFCJNMFM_01331,JIEPOILB_01332,MHMAIFBA_01325,KGLDIDPM_01329,CFOCILDN_03187
group_712,,hypothetical protein,MFCJNMFM_05020,JIEPOILB_05023,MHMAIFBA_04978,KGLDIDPM_05023,CFOCILDN_03865
creB,creB,Transcriptional regulatory protein CreB,MFCJNMFM_04332,JIEPOILB_04336,MHMAIFBA_04383,KGLDIDPM_04336,CFOCILDN_01065
glnP_2,glnP_2,putative glutamine ABC transporter permease protein GlnP,MFCJNMFM_04009,JIEPOILB_04013,MHMAIFBA_04075,KGLDIDPM_04013,CFOCILDN_02665
phoB,phoB,Phosphate regulon transcriptional regulatory protein PhoB,MFCJNMFM_03965,JIEPOILB_03969,MHMAIFBA_04031,KGLDIDPM_03969,CFOCILDN_02621
modB,modB,Molybdenum transport system permease protein ModB,MFCJNMFM_03650,JIEPOILB_03654,MHMAIFBA_03514,KGLDIDPM_03654,CFOCILDN_04697
mtnC,mtnC,Enolase-phosphatase E1,MFCJNMFM_03514,JIEPOILB_03518,MHMAIFBA_03639,KGLDIDPM_03518,CFOCILDN_04418
group_711,,hypothetical protein,MFCJNMFM_02953,JIEPOILB_02307,MHMAIFBA_02859,KGLDIDPM_02955,CFOCILDN_00121
alsE_2,alsE_2,D-allulose-6-phosphate 3-epimerase,MFCJNMFM_02640,JIEPOILB_02620,MHMAIFBA_02574,KGLDIDPM_02642,CFOCILDN_00433
dedD,dedD,Cell division protein DedD,MFCJNMFM_01587,JIEPOILB_01588,MHMAIFBA_01552,KGLDIDPM_01585,CFOCILDN_04147
eutQ,eutQ,Acetate kinase EutQ,MFCJNMFM_01419,JIEPOILB_01420,MHMAIFBA_01461,KGLDIDPM_01417,CFOCILDN_03099
ung,ung,Uracil-DNA glycosylase,MFCJNMFM_01245,JIEPOILB_01245,MHMAIFBA_01302,KGLDIDPM_01243,CFOCILDN_03210
pduD_2,pduD_2,Propanediol dehydratase medium subunit,MFCJNMFM_00965,JIEPOILB_00966,MHMAIFBA_00982,KGLDIDPM_00965,CFOCILDN_01477
trmH,trmH,tRNA (guanosine(18)-2'-O)-methyltransferase,MFCJNMFM_00111,JIEPOILB_00110,MHMAIFBA_00110,KGLDIDPM_00110,CFOCILDN_04339
dgoR_1,dgoR_1,Galactonate operon transcriptional repressor,MFCJNMFM_00008,JIEPOILB_00008,MHMAIFBA_00008,KGLDIDPM_00008,CFOCILDN_03766
tolQ,tolQ,Tol-Pal system protein TolQ,MFCJNMFM_03614,JIEPOILB_03618,MHMAIFBA_03541,KGLDIDPM_03618,CFOCILDN_04630
seqA,seqA,Negative modulator of initiation of replication,MFCJNMFM_03581,JIEPOILB_03585,MHMAIFBA_03574,KGLDIDPM_03585,CFOCILDN_04597
group_707,,hypothetical protein,MFCJNMFM_03345,JIEPOILB_03349,MHMAIFBA_03305,KGLDIDPM_03349,CFOCILDN_01990
pyrG_2,pyrG_2,CTP synthase,MFCJNMFM_03106,JIEPOILB_02154,MHMAIFBA_03084,KGLDIDPM_03110,CFOCILDN_04300
group_706,,hypothetical protein,MFCJNMFM_04837,JIEPOILB_04841,MHMAIFBA_04798,KGLDIDPM_04841,CFOCILDN_04785
araD,araD,L-ribulose-5-phosphate 4-epimerase AraD,MFCJNMFM_04269,JIEPOILB_04273,MHMAIFBA_04320,KGLDIDPM_04273,CFOCILDN_01128
livF_6,livF_6,High-affinity branched-chain amino acid transport ATP-binding protein LivF,MFCJNMFM_04004,JIEPOILB_04008,MHMAIFBA_04070,KGLDIDPM_04008,CFOCILDN_02660
yadV_2,yadV_2,putative fimbrial chaperone YadV,MFCJNMFM_03811,JIEPOILB_03815,MHMAIFBA_03807,KGLDIDPM_03815,CFOCILDN_02467
group_705,,hypothetical protein,MFCJNMFM_03713,JIEPOILB_03717,MHMAIFBA_03702,KGLDIDPM_03717,CFOCILDN_03652
aqpZ_1,aqpZ_1,Aquaporin Z,MFCJNMFM_03370,JIEPOILB_03374,MHMAIFBA_03330,KGLDIDPM_03374,CFOCILDN_02015
bioD1_1,bioD1_1,ATP-dependent dethiobiotin synthetase BioD 1,MFCJNMFM_02780,JIEPOILB_02480,MHMAIFBA_02684,KGLDIDPM_02782,CFOCILDN_00294
yraI,yraI,putative fimbrial chaperone YraI,MFCJNMFM_02670,JIEPOILB_02590,MHMAIFBA_02604,KGLDIDPM_02672,CFOCILDN_00403
narW,narW,putative nitrate reductase molybdenum cofactor assembly chaperone NarW,MFCJNMFM_02460,JIEPOILB_02800,MHMAIFBA_02405,KGLDIDPM_02462,CFOCILDN_00614
tsaB,tsaB,tRNA threonylcarbamoyladenosine biosynthesis protein TsaB,MFCJNMFM_02028,JIEPOILB_03233,MHMAIFBA_01963,KGLDIDPM_02031,CFOCILDN_02329
group_703,,hypothetical protein,MFCJNMFM_01406,JIEPOILB_01407,MHMAIFBA_01448,KGLDIDPM_01404,CFOCILDN_03112
mutH,mutH,DNA mismatch repair protein MutH,MFCJNMFM_00931,JIEPOILB_00932,MHMAIFBA_00948,KGLDIDPM_00931,CFOCILDN_01511
kdgM,kdgM,Oligogalacturonate-specific porin KdgM,MFCJNMFM_00904,JIEPOILB_00905,MHMAIFBA_00921,KGLDIDPM_00904,CFOCILDN_01538
yhhW,yhhW,Quercetin 23-dioxygenase,MFCJNMFM_00356,JIEPOILB_00356,MHMAIFBA_00307,KGLDIDPM_00355,CFOCILDN_02705
cpxR,cpxR,Transcriptional regulatory protein CpxR,MFCJNMFM_05000,JIEPOILB_05003,MHMAIFBA_04958,KGLDIDPM_05003,CFOCILDN_03845
citB_1,citB_1,Transcriptional regulatory protein CitB,MFCJNMFM_04276,JIEPOILB_04280,MHMAIFBA_04327,KGLDIDPM_04280,CFOCILDN_01121
mtnN,mtnN,5'-methylthioadenosine/S-adenosylhomocysteine nucleosidase,MFCJNMFM_04155,JIEPOILB_04159,MHMAIFBA_04203,KGLDIDPM_04159,CFOCILDN_01242
nlpE,nlpE,Lipoprotein NlpE,MFCJNMFM_04123,JIEPOILB_04127,MHMAIFBA_04171,KGLDIDPM_04127,CFOCILDN_01274
group_701,,hypothetical protein,MFCJNMFM_03867,JIEPOILB_03871,MHMAIFBA_03933,KGLDIDPM_03871,CFOCILDN_02524
mngR_2,mngR_2,Mannosyl-D-glycerate transport/metabolism system repressor MngR,MFCJNMFM_02656,JIEPOILB_02604,MHMAIFBA_02590,KGLDIDPM_02658,CFOCILDN_00417
rsxE,rsxE,Ion-translocating oxidoreductase complex subunit E,MFCJNMFM_02368,JIEPOILB_02893,MHMAIFBA_02317,KGLDIDPM_02370,CFOCILDN_00705
rluA_1,rluA_1,Dual-specificity RNA pseudouridine synthase RluA,MFCJNMFM_02075,JIEPOILB_03186,MHMAIFBA_02009,KGLDIDPM_02078,CFOCILDN_02376
minC,minC,Septum site-determining protein MinC,MFCJNMFM_02034,JIEPOILB_03227,MHMAIFBA_01969,KGLDIDPM_02037,CFOCILDN_02335
yohK_1,yohK_1,Inner membrane protein YohK,MFCJNMFM_01708,JIEPOILB_01708,MHMAIFBA_01674,KGLDIDPM_01705,CFOCILDN_03279
tapT,tapT,tRNA-uridine aminocarboxypropyltransferase,MFCJNMFM_01242,JIEPOILB_01242,MHMAIFBA_01299,KGLDIDPM_01240,CFOCILDN_03213
metI_1,metI_1,D-methionine transport system permease protein MetI,MFCJNMFM_01034,JIEPOILB_01034,MHMAIFBA_01031,KGLDIDPM_01033,CFOCILDN_01413
rpsC,rpsC,Small ribosomal subunit protein uS3,MFCJNMFM_00447,JIEPOILB_00447,MHMAIFBA_00398,KGLDIDPM_00446,CFOCILDN_04854
iprA_1,iprA_1,Inhibitor of hydrogen peroxide resistance,MFCJNMFM_00086,JIEPOILB_00085,MHMAIFBA_00085,KGLDIDPM_00085,CFOCILDN_04364
dgoR_2,dgoR_2,Galactonate operon transcriptional repressor,MFCJNMFM_05061,JIEPOILB_05064,MHMAIFBA_05018,KGLDIDPM_05064,CFOCILDN_03714
fre,fre,NAD(P)H-flavin reductase,MFCJNMFM_04882,JIEPOILB_04885,MHMAIFBA_04841,KGLDIDPM_04885,CFOCILDN_04178
thiQ,thiQ,Thiamine import ATP-binding protein ThiQ,MFCJNMFM_04264,JIEPOILB_04268,MHMAIFBA_04315,KGLDIDPM_04268,CFOCILDN_01133
queC,queC,7-cyano-7-deazaguanine synthase,MFCJNMFM_03898,JIEPOILB_03902,MHMAIFBA_03964,KGLDIDPM_03902,CFOCILDN_02555
aat,aat,Leucyl/phenylalanyl-tRNA--protein transferase,MFCJNMFM_03362,JIEPOILB_03366,MHMAIFBA_03322,KGLDIDPM_03366,CFOCILDN_02007
lolD,lolD,Lipoprotein-releasing system ATP-binding protein LolD,MFCJNMFM_03167,JIEPOILB_02093,MHMAIFBA_03135,KGLDIDPM_03171,CFOCILDN_03370
smoE_2,smoE_2,Sulfoquinovosyl glycerol transport ATP-binding protein SmoE,MFCJNMFM_02455,JIEPOILB_02805,MHMAIFBA_02400,KGLDIDPM_02457,CFOCILDN_00619
phoP_1,phoP_1,Virulence transcriptional regulatory protein PhoP,MFCJNMFM_01769,JIEPOILB_01768,MHMAIFBA_01734,KGLDIDPM_01765,CFOCILDN_03339
yadV_1,yadV_1,putative fimbrial chaperone YadV,MFCJNMFM_00892,JIEPOILB_00893,MHMAIFBA_00907,KGLDIDPM_00892,CFOCILDN_01550
yggS,yggS,Pyridoxal phosphate homeostasis protein,MFCJNMFM_00785,JIEPOILB_00786,MHMAIFBA_00802,KGLDIDPM_00785,CFOCILDN_01657
yhaK,yhaK,Pirin-like protein YhaK,MFCJNMFM_00644,JIEPOILB_00645,MHMAIFBA_00595,KGLDIDPM_00644,CFOCILDN_01797
rplA,rplA,Large ribosomal subunit protein uL1,MFCJNMFM_04859,JIEPOILB_04862,MHMAIFBA_04820,KGLDIDPM_04862,CFOCILDN_04764
citB_2,citB_2,Transcriptional regulatory protein CitB,MFCJNMFM_04301,JIEPOILB_04305,MHMAIFBA_04352,KGLDIDPM_04305,CFOCILDN_01096
dppF_3,dppF_3,Di/tripeptide transport ATP-binding protein DppF,MFCJNMFM_03718,JIEPOILB_03722,MHMAIFBA_03707,KGLDIDPM_03722,CFOCILDN_03657
ybhL,ybhL,Inner membrane protein YbhL,MFCJNMFM_03467,JIEPOILB_03471,MHMAIFBA_03475,KGLDIDPM_03471,CFOCILDN_02154
mukE,mukE,Chromosome partition protein MukE,MFCJNMFM_03329,JIEPOILB_03333,MHMAIFBA_03289,KGLDIDPM_03333,CFOCILDN_01974
acuR,acuR,Transcriptional regulator AcuR,MFCJNMFM_01842,JIEPOILB_01848,MHMAIFBA_01843,KGLDIDPM_01845,CFOCILDN_02210
ycgR,ycgR,Flagellar brake protein YcgR,MFCJNMFM_00898,JIEPOILB_00899,MHMAIFBA_00915,KGLDIDPM_00898,CFOCILDN_01544
fimC_1,fimC_1,Chaperone protein FimC,MFCJNMFM_00881,JIEPOILB_00882,MHMAIFBA_00897,KGLDIDPM_00881,CFOCILDN_01560
nanE,nanE,Putative N-acetylmannosamine-6-phosphate 2-epimerase,MFCJNMFM_00548,JIEPOILB_00549,MHMAIFBA_00500,KGLDIDPM_00548,CFOCILDN_01893
group_695,,hypothetical protein,MFCJNMFM_04911,JIEPOILB_04914,MHMAIFBA_04870,KGLDIDPM_04914,CFOCILDN_04207
trmO,trmO,tRNA (adenine(37)-N6)-methyltransferase,MFCJNMFM_04120,JIEPOILB_04124,MHMAIFBA_04168,KGLDIDPM_04124,CFOCILDN_01277
group_694,,hypothetical protein,MFCJNMFM_03028,JIEPOILB_02232,MHMAIFBA_02998,KGLDIDPM_03031,CFOCILDN_00046
mpaA,mpaA,Murein peptide amidase A,MFCJNMFM_02969,JIEPOILB_02291,MHMAIFBA_02935,KGLDIDPM_02971,CFOCILDN_00105
scoA,scoA,putative succinyl-CoA:3-ketoacid coenzyme A transferase subunit A,MFCJNMFM_02290,JIEPOILB_02971,MHMAIFBA_02241,KGLDIDPM_02292,CFOCILDN_00783
yedJ,yedJ,putative protein YedJ,MFCJNMFM_01855,JIEPOILB_01861,MHMAIFBA_01857,KGLDIDPM_01858,CFOCILDN_02223
lpxT,lpxT,Lipid A 1-diphosphate synthase,MFCJNMFM_01684,JIEPOILB_01684,MHMAIFBA_01649,KGLDIDPM_01681,CFOCILDN_03255
endA,endA,Endonuclease-1,MFCJNMFM_00792,JIEPOILB_00793,MHMAIFBA_00809,KGLDIDPM_00792,CFOCILDN_01650
group_693,,hypothetical protein,MFCJNMFM_00665,JIEPOILB_00666,MHMAIFBA_00616,KGLDIDPM_00665,CFOCILDN_01776
ecpE,ecpE,putative fimbrial chaperone EcpE,MFCJNMFM_04010,JIEPOILB_04014,MHMAIFBA_04076,KGLDIDPM_04014,CFOCILDN_02666
group_692,,hypothetical protein,MFCJNMFM_03974,JIEPOILB_03978,MHMAIFBA_04040,KGLDIDPM_03978,CFOCILDN_02630
ydjZ,ydjZ,TVP38/TMEM64 family inner membrane protein YdjZ,MFCJNMFM_03061,JIEPOILB_02199,MHMAIFBA_03031,KGLDIDPM_03064,CFOCILDN_00013
group_691,,hypothetical protein,MFCJNMFM_02773,JIEPOILB_02487,MHMAIFBA_02676,KGLDIDPM_02775,CFOCILDN_00301
narJ,narJ,Nitrate reductase molybdenum cofactor assembly chaperone NarJ,MFCJNMFM_02126,JIEPOILB_03135,MHMAIFBA_02078,KGLDIDPM_02129,CFOCILDN_02427
ispD,ispD,2-C-methyl-D-erythritol 4-phosphate cytidylyltransferase,MFCJNMFM_01070,JIEPOILB_01070,MHMAIFBA_01068,KGLDIDPM_01069,CFOCILDN_01377
ydjF,ydjF,putative HTH-type transcriptional regulator YdjF,MFCJNMFM_01021,JIEPOILB_01021,MHMAIFBA_01018,KGLDIDPM_01020,CFOCILDN_01426
cbiL,cbiL,Cobalt-precorrin-2 C(20)-methyltransferase,MFCJNMFM_00984,JIEPOILB_00985,MHMAIFBA_00999,KGLDIDPM_00984,CFOCILDN_01460
ureF,ureF,Urease accessory protein UreF,MFCJNMFM_00709,JIEPOILB_00710,MHMAIFBA_00660,KGLDIDPM_00709,CFOCILDN_01732
group_690,,hypothetical protein,MFCJNMFM_00244,JIEPOILB_00244,MHMAIFBA_00194,KGLDIDPM_00243,CFOCILDN_02816
aphA,aphA,Class B acid phosphatase,MFCJNMFM_04775,JIEPOILB_04779,MHMAIFBA_04737,KGLDIDPM_04779,CFOCILDN_03558
group_688,,hypothetical protein,MFCJNMFM_03135,JIEPOILB_02125,MHMAIFBA_03112,KGLDIDPM_03139,CFOCILDN_04272
bdcA_1,bdcA_1,Cyclic-di-GMP-binding biofilm dispersal mediator protein,MFCJNMFM_02930,JIEPOILB_02330,MHMAIFBA_02835,KGLDIDPM_02932,CFOCILDN_00144
deoC_1,deoC_1,Deoxyribose-phosphate aldolase,MFCJNMFM_02638,JIEPOILB_02622,MHMAIFBA_02572,KGLDIDPM_02640,CFOCILDN_00435
purC,purC,Phosphoribosylaminoimidazole-succinocarboxamide synthase,MFCJNMFM_01403,JIEPOILB_01404,MHMAIFBA_01445,KGLDIDPM_01401,CFOCILDN_03115
group_686,,hypothetical protein,MFCJNMFM_00930,JIEPOILB_00931,MHMAIFBA_00947,KGLDIDPM_00930,CFOCILDN_01512
ygeA,ygeA,L-aspartate/glutamate-specific racemase,MFCJNMFM_00917,JIEPOILB_00918,MHMAIFBA_00934,KGLDIDPM_00917,CFOCILDN_01525
nlpD_1,nlpD_1,Murein hydrolase activator NlpD,MFCJNMFM_00853,JIEPOILB_00854,MHMAIFBA_00870,KGLDIDPM_00853,CFOCILDN_01588
dsbC_1,dsbC_1,Thiol:disulfide interchange protein DsbC,MFCJNMFM_00848,JIEPOILB_00849,MHMAIFBA_00865,KGLDIDPM_00848,CFOCILDN_01593
ydfK_1,ydfK_1,putative membrane protein YdfK,MFCJNMFM_00772,JIEPOILB_00773,MHMAIFBA_00789,KGLDIDPM_00772,CFOCILDN_01670
livF_1,livF_1,High-affinity branched-chain amino acid transport ATP-binding protein LivF,MFCJNMFM_00343,JIEPOILB_00343,MHMAIFBA_00294,KGLDIDPM_00342,CFOCILDN_02718
galC,galC,4-carboxy-4-hydroxy-2-oxoadipic acid aldolase,MFCJNMFM_00059,JIEPOILB_00059,MHMAIFBA_00060,KGLDIDPM_00059,CFOCILDN_04390
yigB,yigB,5-amino-6-(5-phospho-D-ribitylamino)uracil phosphatase YigB,MFCJNMFM_04909,JIEPOILB_04912,MHMAIFBA_04868,KGLDIDPM_04912,CFOCILDN_04205
group_684,,hypothetical protein,MFCJNMFM_04548,JIEPOILB_04552,MHMAIFBA_04652,KGLDIDPM_04552,CFOCILDN_03000
arcA,arcA,Aerobic respiration control protein ArcA,MFCJNMFM_04329,JIEPOILB_04333,MHMAIFBA_04380,KGLDIDPM_04333,CFOCILDN_01068
sfsA,sfsA,Sugar fermentation stimulation protein A,MFCJNMFM_04183,JIEPOILB_04187,MHMAIFBA_04231,KGLDIDPM_04187,CFOCILDN_01214
sdhB,sdhB,Succinate dehydrogenase iron-sulfur subunit,MFCJNMFM_03604,JIEPOILB_03608,MHMAIFBA_03551,KGLDIDPM_03608,CFOCILDN_04620
gmuR,gmuR,HTH-type transcriptional regulator GmuR,MFCJNMFM_03432,JIEPOILB_03436,MHMAIFBA_03439,KGLDIDPM_03436,CFOCILDN_02119
walR,walR,Transcriptional regulatory protein WalR,MFCJNMFM_03389,JIEPOILB_03393,MHMAIFBA_03349,KGLDIDPM_03393,CFOCILDN_02033
artQ_2,artQ_2,Arginine ABC transporter permease protein ArtQ,MFCJNMFM_03385,JIEPOILB_03389,MHMAIFBA_03345,KGLDIDPM_03389,CFOCILDN_02029
group_683,,hypothetical protein,MFCJNMFM_02704,JIEPOILB_02556,MHMAIFBA_02637,KGLDIDPM_02706,CFOCILDN_00370
group_682,,hypothetical protein,MFCJNMFM_02556,JIEPOILB_02704,MHMAIFBA_02495,KGLDIDPM_02558,CFOCILDN_00518
group_681,,hypothetical protein,MFCJNMFM_02324,JIEPOILB_02937,MHMAIFBA_02274,KGLDIDPM_02326,CFOCILDN_00749
group_680,,hypothetical protein,MFCJNMFM_01706,JIEPOILB_01706,MHMAIFBA_01671,KGLDIDPM_01703,CFOCILDN_03277
hisM,hisM,Histidine/lysine/arginine/ornithine transport system permease protein HisM,MFCJNMFM_01594,JIEPOILB_01595,MHMAIFBA_01559,KGLDIDPM_01592,CFOCILDN_04140
pdeH_1,pdeH_1,Cyclic di-GMP phosphodiesterase PdeH,MFCJNMFM_00896,JIEPOILB_00897,MHMAIFBA_00911,KGLDIDPM_00896,CFOCILDN_01546
group_679,,hypothetical protein,MFCJNMFM_00780,JIEPOILB_00781,MHMAIFBA_00797,KGLDIDPM_00780,CFOCILDN_01662
rph,rph,Ribonuclease PH,MFCJNMFM_00173,JIEPOILB_00173,MHMAIFBA_00125,KGLDIDPM_00172,CFOCILDN_02886
gamA,gamA,Glucosamine-6-phosphate deaminase 2,MFCJNMFM_05095,JIEPOILB_05098,MHMAIFBA_05052,KGLDIDPM_05098,CFOCILDN_03748
group_678,,hypothetical protein,MFCJNMFM_04477,JIEPOILB_04481,MHMAIFBA_04514,KGLDIDPM_04481,CFOCILDN_04900
deoD,deoD,Purine nucleoside phosphorylase DeoD-type,MFCJNMFM_04345,JIEPOILB_04349,MHMAIFBA_04396,KGLDIDPM_04349,CFOCILDN_01052
group_677,,hypothetical protein,MFCJNMFM_03729,JIEPOILB_03733,MHMAIFBA_03718,KGLDIDPM_03733,CFOCILDN_03668
pnuC,pnuC,Nicotinamide riboside transporter PnuC,MFCJNMFM_03628,JIEPOILB_03632,MHMAIFBA_03527,KGLDIDPM_03632,CFOCILDN_04675
rstA,rstA,Transcriptional regulatory protein RstA,MFCJNMFM_02833,JIEPOILB_02427,MHMAIFBA_02739,KGLDIDPM_02835,CFOCILDN_00241
dcuR,dcuR,Transcriptional regulatory protein DcuR,MFCJNMFM_02804,JIEPOILB_02456,MHMAIFBA_02709,KGLDIDPM_02806,CFOCILDN_00270
livF_2,livF_2,High-affinity branched-chain amino acid transport ATP-binding protein LivF,MFCJNMFM_02066,JIEPOILB_03195,MHMAIFBA_02000,KGLDIDPM_02069,CFOCILDN_02367
fadR,fadR,Fatty acid metabolism regulator protein,MFCJNMFM_02041,JIEPOILB_03220,MHMAIFBA_01976,KGLDIDPM_02044,CFOCILDN_02342
btsR,btsR,Transcriptional regulatory protein BtsR,MFCJNMFM_01728,JIEPOILB_01728,MHMAIFBA_01694,KGLDIDPM_01725,CFOCILDN_03299
rsuA,rsuA,Ribosomal small subunit pseudouridine synthase A,MFCJNMFM_01675,JIEPOILB_01675,MHMAIFBA_01640,KGLDIDPM_01672,CFOCILDN_03246
trmB,trmB,tRNA (guanine-N(7)-)-methyltransferase,MFCJNMFM_00778,JIEPOILB_00779,MHMAIFBA_00795,KGLDIDPM_00778,CFOCILDN_01664
ompR_1,ompR_1,DNA-binding dual transcriptional regulator OmpR,MFCJNMFM_00385,JIEPOILB_00385,MHMAIFBA_00336,KGLDIDPM_00384,CFOCILDN_04479
phnR,phnR,Putative transcriptional regulator of 2-aminoethylphosphonate degradation operons,MFCJNMFM_00045,JIEPOILB_00045,MHMAIFBA_00045,KGLDIDPM_00045,CFOCILDN_03803
ydfK_2,ydfK_2,putative membrane protein YdfK,MFCJNMFM_04943,JIEPOILB_04946,MHMAIFBA_04903,KGLDIDPM_04946,CFOCILDN_04239
group_675,,hypothetical protein,MFCJNMFM_04479,JIEPOILB_04483,MHMAIFBA_04516,KGLDIDPM_04483,CFOCILDN_04902
yjjQ,yjjQ,Putative transcription factor YjjQ,MFCJNMFM_04368,JIEPOILB_04372,MHMAIFBA_04419,KGLDIDPM_04372,CFOCILDN_01031
group_674,,hypothetical protein,MFCJNMFM_04101,JIEPOILB_04105,MHMAIFBA_04151,KGLDIDPM_04105,CFOCILDN_04008
lpxH,lpxH,UDP-23-diacylglucosamine hydrolase,MFCJNMFM_03825,JIEPOILB_03829,MHMAIFBA_03890,KGLDIDPM_03829,CFOCILDN_02481
bioD1_2,bioD1_2,ATP-dependent dethiobiotin synthetase BioD 1,MFCJNMFM_03480,JIEPOILB_03484,MHMAIFBA_03488,KGLDIDPM_03484,CFOCILDN_02167
livF_5,livF_5,High-affinity branched-chain amino acid transport ATP-binding protein LivF,MFCJNMFM_03479,JIEPOILB_03483,MHMAIFBA_03487,KGLDIDPM_03483,CFOCILDN_02166
glnQ_4,glnQ_4,Glutamine transport ATP-binding protein GlnQ,MFCJNMFM_03443,JIEPOILB_03447,MHMAIFBA_03450,KGLDIDPM_03447,CFOCILDN_02130
folM,folM,Dihydromonapterin reductase,MFCJNMFM_02831,JIEPOILB_02429,MHMAIFBA_02737,KGLDIDPM_02833,CFOCILDN_00243
glnQ_2,glnQ_2,Glutamine transport ATP-binding protein GlnQ,MFCJNMFM_02243,JIEPOILB_03018,MHMAIFBA_02196,KGLDIDPM_02246,CFOCILDN_00826
sdiA,sdiA,Regulatory protein SdiA,MFCJNMFM_01870,JIEPOILB_01876,MHMAIFBA_01872,KGLDIDPM_01873,CFOCILDN_02238
baeR,baeR,Transcriptional regulatory protein BaeR,MFCJNMFM_01760,JIEPOILB_01759,MHMAIFBA_01725,KGLDIDPM_01756,CFOCILDN_03330
dauR,dauR,Transcriptional regulator DauR,MFCJNMFM_00429,JIEPOILB_00429,MHMAIFBA_00380,KGLDIDPM_00428,CFOCILDN_04523
group_672,,hypothetical protein,MFCJNMFM_00093,JIEPOILB_00092,MHMAIFBA_00092,KGLDIDPM_00092,CFOCILDN_04357
mngR_1,mngR_1,Mannosyl-D-glycerate transport/metabolism system repressor MngR,MFCJNMFM_00019,JIEPOILB_00019,MHMAIFBA_00019,KGLDIDPM_00019,CFOCILDN_03777
phoU,phoU,Phosphate-specific transport system accessory protein PhoU,MFCJNMFM_05092,JIEPOILB_05095,MHMAIFBA_05049,KGLDIDPM_05095,CFOCILDN_03745
yurK,yurK,putative HTH-type transcriptional regulator YurK,MFCJNMFM_04630,JIEPOILB_04634,MHMAIFBA_04575,KGLDIDPM_04634,CFOCILDN_02919
rpsB,rpsB,Small ribosomal subunit protein uS2,MFCJNMFM_04147,JIEPOILB_04151,MHMAIFBA_04195,KGLDIDPM_04151,CFOCILDN_01250
pyrH,pyrH,Uridylate kinase,MFCJNMFM_04145,JIEPOILB_04149,MHMAIFBA_04193,KGLDIDPM_04149,CFOCILDN_01252
group_668,,hypothetical protein,MFCJNMFM_03596,JIEPOILB_03600,MHMAIFBA_03559,KGLDIDPM_03600,CFOCILDN_04612
gluA,gluA,Glutamate transport ATP-binding protein GluA,MFCJNMFM_03549,JIEPOILB_03553,MHMAIFBA_03604,KGLDIDPM_03553,CFOCILDN_04453
nagR,nagR,HTH-type transcriptional repressor NagR,MFCJNMFM_03489,JIEPOILB_03493,MHMAIFBA_03497,KGLDIDPM_03493,CFOCILDN_02176
group_667,,hypothetical protein,MFCJNMFM_02225,JIEPOILB_03036,MHMAIFBA_02178,KGLDIDPM_02228,CFOCILDN_00844
cbiH,cbiH,putative cobalt-factor III C(17)-methyltransferase,MFCJNMFM_00981,JIEPOILB_00982,MHMAIFBA_00996,KGLDIDPM_00981,CFOCILDN_01463
lptB_2,lptB_2,Lipopolysaccharide export system ATP-binding protein LptB,MFCJNMFM_00563,JIEPOILB_00564,MHMAIFBA_00515,KGLDIDPM_00563,CFOCILDN_01878
mtgA,mtgA,Biosynthetic peptidoglycan transglycosylase,MFCJNMFM_00557,JIEPOILB_00558,MHMAIFBA_00509,KGLDIDPM_00557,CFOCILDN_01884
group_664,,hypothetical protein,MFCJNMFM_05099,JIEPOILB_05102,MHMAIFBA_05056,KGLDIDPM_05102,CFOCILDN_03752
mlrA,mlrA,HTH-type transcriptional regulator MlrA,MFCJNMFM_04475,JIEPOILB_04479,MHMAIFBA_04512,KGLDIDPM_04479,CFOCILDN_04898
artP,artP,Arginine transport ATP-binding protein ArtP,MFCJNMFM_03383,JIEPOILB_03387,MHMAIFBA_03343,KGLDIDPM_03387,CFOCILDN_02027
ssuB_2,ssuB_2,Aliphatic sulfonates import ATP-binding protein SsuB,MFCJNMFM_02547,JIEPOILB_02713,MHMAIFBA_02485,KGLDIDPM_02549,CFOCILDN_00527
ubiG,ubiG,Ubiquinone biosynthesis O-methyltransferase,MFCJNMFM_01649,JIEPOILB_01650,MHMAIFBA_01615,KGLDIDPM_01647,CFOCILDN_03221
glvR,glvR,HTH-type transcriptional regulator GlvR,MFCJNMFM_00840,JIEPOILB_00841,MHMAIFBA_00857,KGLDIDPM_00840,CFOCILDN_01601
rlmB,rlmB,23S rRNA (guanosine-2'-O-)-methyltransferase RlmB,MFCJNMFM_04544,JIEPOILB_04548,MHMAIFBA_04656,KGLDIDPM_04548,CFOCILDN_03004
artJ_2,artJ_2,ABC transporter arginine-binding protein 1,MFCJNMFM_04525,JIEPOILB_04529,MHMAIFBA_04675,KGLDIDPM_04529,CFOCILDN_03021
artJ_1,artJ_1,ABC transporter arginine-binding protein 1,MFCJNMFM_03387,JIEPOILB_03391,MHMAIFBA_03347,KGLDIDPM_03391,CFOCILDN_02031
group_660,,hypothetical protein,MFCJNMFM_01820,JIEPOILB_01826,MHMAIFBA_01796,KGLDIDPM_01823,CFOCILDN_02188
pdxJ,pdxJ,Pyridoxine 5'-phosphate synthase,MFCJNMFM_01322,JIEPOILB_01323,MHMAIFBA_01316,KGLDIDPM_01320,CFOCILDN_03196
yfiH,yfiH,Purine nucleoside phosphorylase YfiH,MFCJNMFM_01232,JIEPOILB_01232,MHMAIFBA_01288,KGLDIDPM_01230,CFOCILDN_03996
rsmE,rsmE,Ribosomal RNA small subunit methyltransferase E,MFCJNMFM_00791,JIEPOILB_00792,MHMAIFBA_00808,KGLDIDPM_00791,CFOCILDN_01651
exbB,exbB,Biopolymer transport protein ExbB,MFCJNMFM_00753,JIEPOILB_00754,MHMAIFBA_00704,KGLDIDPM_00753,CFOCILDN_01689
bcsQ_2,bcsQ_2,Cellulose biosynthesis protein BcsQ,MFCJNMFM_00275,JIEPOILB_00275,MHMAIFBA_00227,KGLDIDPM_00274,CFOCILDN_02785
frdB,frdB,Fumarate reductase iron-sulfur subunit,MFCJNMFM_04517,JIEPOILB_04521,MHMAIFBA_04683,KGLDIDPM_04521,CFOCILDN_03029
bluR,bluR,HTH-type transcriptional repressor BluR,MFCJNMFM_03658,JIEPOILB_03662,MHMAIFBA_03506,KGLDIDPM_03662,CFOCILDN_04705
fabG_5,fabG_5,3-oxoacyl-[acyl-carrier-protein] reductase FabG,MFCJNMFM_03190,JIEPOILB_02070,MHMAIFBA_03158,KGLDIDPM_03194,CFOCILDN_03393
group_659,fabG_2,3-oxoacyl-[acyl-carrier-protein] reductase FabG,MFCJNMFM_02646,JIEPOILB_02614,MHMAIFBA_02580,KGLDIDPM_02648,CFOCILDN_00427
trmJ,trmJ,tRNA (cytidine/uridine-2'-O-)-methyltransferase TrmJ,MFCJNMFM_01347,JIEPOILB_01348,MHMAIFBA_01341,KGLDIDPM_01345,CFOCILDN_03171
cysH_1,cysH_1,Phosphoadenosine 5'-phosphosulfate reductase,MFCJNMFM_01062,JIEPOILB_01062,MHMAIFBA_01060,KGLDIDPM_01061,CFOCILDN_01385
ycdX,ycdX,putative phosphatase YcdX,MFCJNMFM_03224,JIEPOILB_02036,MHMAIFBA_03193,KGLDIDPM_03228,CFOCILDN_03427
pyrF,pyrF,Orotidine 5'-phosphate decarboxylase,MFCJNMFM_03002,JIEPOILB_02258,MHMAIFBA_02968,KGLDIDPM_03005,CFOCILDN_00072
glnQ_3,glnQ_3,Glutamine transport ATP-binding protein GlnQ,MFCJNMFM_02579,JIEPOILB_02681,MHMAIFBA_02527,KGLDIDPM_02581,CFOCILDN_00495
ipuF,ipuF,Gamma-glutamyl-L-1-hydroxyisopropylamide hydrolase,MFCJNMFM_02531,JIEPOILB_02729,MHMAIFBA_02469,KGLDIDPM_02533,CFOCILDN_00543
phoP_2,phoP_2,Alkaline phosphatase synthesis transcriptional regulatory protein PhoP,MFCJNMFM_02275,JIEPOILB_02986,MHMAIFBA_02227,KGLDIDPM_02278,CFOCILDN_00796
ccmC,ccmC,Heme exporter protein C,MFCJNMFM_02261,JIEPOILB_03000,MHMAIFBA_02214,KGLDIDPM_02264,CFOCILDN_00808
tonB,tonB,Protein TonB,MFCJNMFM_02152,JIEPOILB_03109,MHMAIFBA_02104,KGLDIDPM_02155,CFOCILDN_00917
hisA,hisA,1-(5-phosphoribosyl)-5-[(5-phosphoribosylamino)methylideneamino] imidazole-4-carboxamide isomerase,MFCJNMFM_01799,JIEPOILB_01805,MHMAIFBA_01775,KGLDIDPM_01802,CFOCILDN_04810
yehW,yehW,Glycine betaine uptake system permease protein YehW,MFCJNMFM_01725,JIEPOILB_01725,MHMAIFBA_01691,KGLDIDPM_01722,CFOCILDN_03296
ypdB,ypdB,Transcriptional regulatory protein YpdB,MFCJNMFM_01477,JIEPOILB_01478,MHMAIFBA_01518,KGLDIDPM_01475,CFOCILDN_04567
recO,recO,DNA repair protein RecO,MFCJNMFM_01321,JIEPOILB_01322,MHMAIFBA_01315,KGLDIDPM_01319,CFOCILDN_03197
yfiC,yfiC,tRNA1(Val) (adenine(37)-N6)-methyltransferase,MFCJNMFM_01248,JIEPOILB_01248,MHMAIFBA_01305,KGLDIDPM_01246,CFOCILDN_03207
bamD,bamD,Outer membrane protein assembly factor BamD,MFCJNMFM_01230,JIEPOILB_01230,MHMAIFBA_01286,KGLDIDPM_01228,CFOCILDN_03994
cbiM,cbiM,Cobalt transport protein CbiM,MFCJNMFM_00985,JIEPOILB_00986,MHMAIFBA_01000,KGLDIDPM_00985,CFOCILDN_01459
plsC,plsC,1-acyl-sn-glycerol-3-phosphate acyltransferase,MFCJNMFM_00744,JIEPOILB_00745,MHMAIFBA_00695,KGLDIDPM_00744,CFOCILDN_01698
wecG,wecG,UDP-N-acetyl-D-mannosaminuronic acid transferase,MFCJNMFM_04925,JIEPOILB_04928,MHMAIFBA_04884,KGLDIDPM_04928,CFOCILDN_04221
hemD,hemD,Uroporphyrinogen-III synthase,MFCJNMFM_04917,JIEPOILB_04920,MHMAIFBA_04876,KGLDIDPM_04920,CFOCILDN_04213
ygaZ_2,ygaZ_2,Inner membrane protein YgaZ,MFCJNMFM_04801,JIEPOILB_04805,MHMAIFBA_04762,KGLDIDPM_04805,CFOCILDN_03582
dgaF,dgaF,2-dehydro-3-deoxy-phosphogluconate aldolase,MFCJNMFM_04607,JIEPOILB_04611,MHMAIFBA_04598,KGLDIDPM_04611,CFOCILDN_02942
dnaQ,dnaQ,DNA polymerase III subunit epsilon,MFCJNMFM_04099,JIEPOILB_04103,MHMAIFBA_04149,KGLDIDPM_04103,CFOCILDN_04010
yafK,yafK,Putative LD-transpeptidase YafK,MFCJNMFM_04091,JIEPOILB_04095,MHMAIFBA_04141,KGLDIDPM_04095,CFOCILDN_04018
gltJ_1,gltJ_1,Glutamate/aspartate import permease protein GltJ,MFCJNMFM_03551,JIEPOILB_03555,MHMAIFBA_03602,KGLDIDPM_03555,CFOCILDN_04455
pflA,pflA,Pyruvate formate-lyase 1-activating enzyme,MFCJNMFM_03349,JIEPOILB_03353,MHMAIFBA_03309,KGLDIDPM_03353,CFOCILDN_01994
gltR_1,gltR_1,Transcriptional regulatory protein GltR,MFCJNMFM_02539,JIEPOILB_02721,MHMAIFBA_02477,KGLDIDPM_02541,CFOCILDN_00535
pcaH,pcaH,Protocatechuate 34-dioxygenase beta chain,MFCJNMFM_02389,JIEPOILB_02872,MHMAIFBA_02338,KGLDIDPM_02391,CFOCILDN_00684
yebC,yebC,putative transcriptional regulatory protein YebC,MFCJNMFM_01972,JIEPOILB_03288,MHMAIFBA_01908,KGLDIDPM_01975,CFOCILDN_02274
cobS_1,cobS_1,Adenosylcobinamide-GDP ribazoletransferase,MFCJNMFM_01817,JIEPOILB_01823,MHMAIFBA_01793,KGLDIDPM_01820,CFOCILDN_02185
ugpQ,ugpQ,Glycerophosphodiester phosphodiesterase cytoplasmic,MFCJNMFM_00350,JIEPOILB_00350,MHMAIFBA_00301,KGLDIDPM_00349,CFOCILDN_02711
galB,galB,4-oxalmesaconate hydratase,MFCJNMFM_00058,JIEPOILB_00058,MHMAIFBA_00059,KGLDIDPM_00058,CFOCILDN_04391
hexR_3,hexR_3,HTH-type transcriptional regulator HexR,MFCJNMFM_04614,JIEPOILB_04618,MHMAIFBA_04591,KGLDIDPM_04618,CFOCILDN_02935
cysQ,cysQ,3'(2')5'-bisphosphate nucleotidase CysQ,MFCJNMFM_04572,JIEPOILB_04576,MHMAIFBA_04628,KGLDIDPM_04576,CFOCILDN_02976
dnaC_2,dnaC_2,Replicative helicase loader DnaC,MFCJNMFM_04374,JIEPOILB_04378,MHMAIFBA_04425,KGLDIDPM_04378,CFOCILDN_01025
zapD,zapD,Cell division protein ZapD,MFCJNMFM_04224,JIEPOILB_04228,MHMAIFBA_04275,KGLDIDPM_04228,CFOCILDN_01173
sorC_3,sorC_3,PTS system sorbose-specific EIIC component,MFCJNMFM_03743,JIEPOILB_03747,MHMAIFBA_03734,KGLDIDPM_03747,CFOCILDN_03681
bdcA_2,bdcA_2,Cyclic-di-GMP-binding biofilm dispersal mediator protein,MFCJNMFM_03675,JIEPOILB_03679,MHMAIFBA_03664,KGLDIDPM_03679,CFOCILDN_03614
pxpA,pxpA,5-oxoprolinase subunit A,MFCJNMFM_03595,JIEPOILB_03599,MHMAIFBA_03560,KGLDIDPM_03599,CFOCILDN_04611
ybgI,ybgI,GTP cyclohydrolase 1 type 2,MFCJNMFM_03592,JIEPOILB_03596,MHMAIFBA_03563,KGLDIDPM_03596,CFOCILDN_04608
group_650,,hypothetical protein,MFCJNMFM_03033,JIEPOILB_02227,MHMAIFBA_03003,KGLDIDPM_03036,CFOCILDN_00041
glpR_4,glpR_4,Glycerol-3-phosphate regulon repressor,MFCJNMFM_02907,JIEPOILB_02353,MHMAIFBA_02812,KGLDIDPM_02909,CFOCILDN_00167
group_649,,hypothetical protein,MFCJNMFM_02655,JIEPOILB_02605,MHMAIFBA_02589,KGLDIDPM_02657,CFOCILDN_00418
hyuA,hyuA,Hydantoin racemase,MFCJNMFM_02557,JIEPOILB_02703,MHMAIFBA_02496,KGLDIDPM_02559,CFOCILDN_00517
group_648,,hypothetical protein,MFCJNMFM_02213,JIEPOILB_03048,MHMAIFBA_02166,KGLDIDPM_02216,CFOCILDN_00856
cmoA,cmoA,Carboxy-S-adenosyl-L-methionine synthase,MFCJNMFM_01900,JIEPOILB_01906,MHMAIFBA_01902,KGLDIDPM_01903,CFOCILDN_02268
cutC_1,cutC_1,PF03932 family protein CutC,MFCJNMFM_01898,JIEPOILB_01904,MHMAIFBA_01900,KGLDIDPM_01901,CFOCILDN_02266
ygfF,ygfF,putative oxidoreductase YgfF,MFCJNMFM_00834,JIEPOILB_00835,MHMAIFBA_00851,KGLDIDPM_00834,CFOCILDN_01607
outN,outN,Type II secretion system protein N,MFCJNMFM_04179,JIEPOILB_04183,MHMAIFBA_04227,KGLDIDPM_04183,CFOCILDN_01218
glnH_2,glnH_2,Glutamine-binding periplasmic protein,MFCJNMFM_03441,JIEPOILB_03445,MHMAIFBA_03448,KGLDIDPM_03445,CFOCILDN_02128
kdsB,kdsB,3-deoxy-manno-octulosonate cytidylyltransferase,MFCJNMFM_03334,JIEPOILB_03338,MHMAIFBA_03294,KGLDIDPM_03338,CFOCILDN_01979
mipA,mipA,MltA-interacting protein,MFCJNMFM_03087,JIEPOILB_02173,MHMAIFBA_03065,KGLDIDPM_03091,CFOCILDN_04319
phoC,phoC,Major phosphate-irrepressible acid phosphatase,MFCJNMFM_03073,JIEPOILB_02187,MHMAIFBA_03043,KGLDIDPM_03077,CFOCILDN_00001
group_647,,hypothetical protein,MFCJNMFM_02910,JIEPOILB_02350,MHMAIFBA_02815,KGLDIDPM_02912,CFOCILDN_00164
sufC,sufC,putative ATP-dependent transporter SufC,MFCJNMFM_02201,JIEPOILB_03060,MHMAIFBA_02154,KGLDIDPM_02204,CFOCILDN_00868
group_645,,hypothetical protein,MFCJNMFM_02053,JIEPOILB_03208,MHMAIFBA_01988,KGLDIDPM_02056,CFOCILDN_02354
ygaZ_1,ygaZ_1,Inner membrane protein YgaZ,MFCJNMFM_01179,JIEPOILB_01179,MHMAIFBA_01168,KGLDIDPM_01177,CFOCILDN_03914
fpr,fpr,Flavodoxin/ferredoxin--NADP reductase,MFCJNMFM_00108,JIEPOILB_00107,MHMAIFBA_00107,KGLDIDPM_00107,CFOCILDN_04342
yjhP,yjhP,putative protein YjhP,MFCJNMFM_04056,JIEPOILB_04060,MHMAIFBA_04119,KGLDIDPM_04060,CFOCILDN_04053
dsbG,dsbG,Thiol:disulfide interchange protein DsbG,MFCJNMFM_03519,JIEPOILB_03523,MHMAIFBA_03634,KGLDIDPM_03523,CFOCILDN_04423
fabG_6,fabG_6,3-oxoacyl-[acyl-carrier-protein] reductase FabG,MFCJNMFM_03455,JIEPOILB_03459,MHMAIFBA_03462,KGLDIDPM_03459,CFOCILDN_02142
adh,adh,NADP-dependent (R)-specific alcohol dehydrogenase,MFCJNMFM_03095,JIEPOILB_02165,MHMAIFBA_03073,KGLDIDPM_03099,CFOCILDN_04311
srlR_5,srlR_5,Glucitol operon repressor,MFCJNMFM_02999,JIEPOILB_02261,MHMAIFBA_02965,KGLDIDPM_03002,CFOCILDN_00075
ydfG,ydfG,NADP-dependent 3-hydroxy acid dehydrogenase YdfG,MFCJNMFM_02765,JIEPOILB_02495,MHMAIFBA_02668,KGLDIDPM_02767,CFOCILDN_00309
menH_4,menH_4,2-succinyl-6-hydroxy-24-cyclohexadiene-1-carboxylate synthase,MFCJNMFM_02420,JIEPOILB_02840,MHMAIFBA_02368,KGLDIDPM_02422,CFOCILDN_00654
molC,molC,Molybdate import ATP-binding protein MolC,MFCJNMFM_02214,JIEPOILB_03047,MHMAIFBA_02167,KGLDIDPM_02217,CFOCILDN_00855
btuD_1,btuD_1,Vitamin B12 import ATP-binding protein BtuD,MFCJNMFM_02172,JIEPOILB_03089,MHMAIFBA_02124,KGLDIDPM_02175,CFOCILDN_00897
rbtD,rbtD,Ribitol 2-dehydrogenase,MFCJNMFM_01744,JIEPOILB_01744,MHMAIFBA_01710,KGLDIDPM_01741,CFOCILDN_03315
pldht,pldh-t,Pyridoxal 4-dehydrogenase,MFCJNMFM_00802,JIEPOILB_00803,MHMAIFBA_00819,KGLDIDPM_00802,CFOCILDN_01640
group_643,,hypothetical protein,MFCJNMFM_00248,JIEPOILB_00248,MHMAIFBA_00198,KGLDIDPM_00247,CFOCILDN_02812
gltJ_2,gltJ_2,Glutamate/aspartate import permease protein GltJ,MFCJNMFM_04008,JIEPOILB_04012,MHMAIFBA_04074,KGLDIDPM_04012,CFOCILDN_02664
gpmA,gpmA,23-bisphosphoglycerate-dependent phosphoglycerate mutase,MFCJNMFM_03641,JIEPOILB_03645,MHMAIFBA_03523,KGLDIDPM_03645,CFOCILDN_04688
nagD,nagD,Ribonucleotide monophosphatase NagD,MFCJNMFM_03567,JIEPOILB_03571,MHMAIFBA_03587,KGLDIDPM_03571,CFOCILDN_04583
artI,artI,Putative ABC transporter arginine-binding protein 2,MFCJNMFM_03384,JIEPOILB_03388,MHMAIFBA_03344,KGLDIDPM_03388,CFOCILDN_02028
fnr,fnr,Fumarate and nitrate reduction regulatory protein,MFCJNMFM_02824,JIEPOILB_02436,MHMAIFBA_02730,KGLDIDPM_02826,CFOCILDN_00250
znuC,znuC,Zinc import ATP-binding protein ZnuC,MFCJNMFM_01977,JIEPOILB_03283,MHMAIFBA_01913,KGLDIDPM_01980,CFOCILDN_02279
tcyN,tcyN,L-cystine transport system ATP-binding protein TcyN,MFCJNMFM_01869,JIEPOILB_01875,MHMAIFBA_01871,KGLDIDPM_01872,CFOCILDN_02237
rsmJ,rsmJ,Ribosomal RNA small subunit methyltransferase J,MFCJNMFM_00297,JIEPOILB_00297,MHMAIFBA_00249,KGLDIDPM_00296,CFOCILDN_02763
ubiE,ubiE,Ubiquinone/menaquinone biosynthesis C-methyltransferase UbiE,MFCJNMFM_04891,JIEPOILB_04894,MHMAIFBA_04850,KGLDIDPM_04894,CFOCILDN_04187
thiF,thiF,Sulfur carrier protein ThiS adenylyltransferase,MFCJNMFM_04846,JIEPOILB_04850,MHMAIFBA_04807,KGLDIDPM_04850,CFOCILDN_04776
ulaR,ulaR,HTH-type transcriptional regulator UlaR,MFCJNMFM_04549,JIEPOILB_04553,MHMAIFBA_04651,KGLDIDPM_04553,CFOCILDN_02999
aroD,aroD,3-dehydroquinate dehydratase,MFCJNMFM_04256,JIEPOILB_04260,MHMAIFBA_04307,KGLDIDPM_04260,CFOCILDN_01141
gloB,gloB,Hydroxyacylglutathione hydrolase,MFCJNMFM_04102,JIEPOILB_04106,MHMAIFBA_04152,KGLDIDPM_04106,CFOCILDN_04007
entA,entA,23-dihydro-23-dihydroxybenzoate dehydrogenase,MFCJNMFM_03681,JIEPOILB_03685,MHMAIFBA_03670,KGLDIDPM_03685,CFOCILDN_03620
bioC,bioC,Malonyl-[acyl-carrier protein] O-methyltransferase,MFCJNMFM_03481,JIEPOILB_03485,MHMAIFBA_03489,KGLDIDPM_03485,CFOCILDN_02168
moeB,moeB,Molybdopterin-synthase adenylyltransferase,MFCJNMFM_03421,JIEPOILB_03425,MHMAIFBA_03428,KGLDIDPM_03425,CFOCILDN_02108
fabG_3,fabG_3,3-oxoacyl-[acyl-carrier-protein] reductase FabG,MFCJNMFM_02928,JIEPOILB_02332,MHMAIFBA_02833,KGLDIDPM_02930,CFOCILDN_00146
paaC,paaC,12-phenylacetyl-CoA epoxidase subunit C,MFCJNMFM_02884,JIEPOILB_02376,MHMAIFBA_02789,KGLDIDPM_02886,CFOCILDN_00190
group_638,,hypothetical protein,MFCJNMFM_02685,JIEPOILB_02575,MHMAIFBA_02619,KGLDIDPM_02687,CFOCILDN_00388
pqqC,pqqC,Pyrroloquinoline-quinone synthase,MFCJNMFM_02535,JIEPOILB_02725,MHMAIFBA_02473,KGLDIDPM_02537,CFOCILDN_00539
group_636,,Gluconate 2-dehydrogenase subunit 3,MFCJNMFM_02256,JIEPOILB_03005,MHMAIFBA_02209,KGLDIDPM_02259,CFOCILDN_00813
ygdG,ygdG,Flap endonuclease Xni,MFCJNMFM_01028,JIEPOILB_01028,MHMAIFBA_01025,KGLDIDPM_01027,CFOCILDN_01419
pcaR_3,pcaR_3,Pca regulon regulatory protein,MFCJNMFM_03916,JIEPOILB_03920,MHMAIFBA_03982,KGLDIDPM_03920,CFOCILDN_02573
deoR,deoR,Deoxyribose operon repressor,MFCJNMFM_03408,JIEPOILB_03412,MHMAIFBA_03414,KGLDIDPM_03412,CFOCILDN_02095
chbG,chbG,Chitooligosaccharide deacetylase,MFCJNMFM_03044,JIEPOILB_02216,MHMAIFBA_03014,KGLDIDPM_03047,CFOCILDN_00030
group_632,,hypothetical protein,MFCJNMFM_02156,JIEPOILB_03105,MHMAIFBA_02108,KGLDIDPM_02159,CFOCILDN_00913
menH_2,menH_2,2-succinyl-6-hydroxy-24-cyclohexadiene-1-carboxylate synthase,MFCJNMFM_01629,JIEPOILB_01630,MHMAIFBA_01594,KGLDIDPM_01627,CFOCILDN_04105
loiP,loiP,Metalloprotease LoiP,MFCJNMFM_00814,JIEPOILB_00815,MHMAIFBA_00831,KGLDIDPM_00814,CFOCILDN_01628
glpR_1,glpR_1,Glycerol-3-phosphate regulon repressor,MFCJNMFM_00371,JIEPOILB_00371,MHMAIFBA_00322,KGLDIDPM_00370,CFOCILDN_02690
fabG_1,fabG_1,3-oxoacyl-[acyl-carrier-protein] reductase FabG,MFCJNMFM_00288,JIEPOILB_00288,MHMAIFBA_00240,KGLDIDPM_00287,CFOCILDN_02772
udp,udp,Uridine phosphorylase,MFCJNMFM_04893,JIEPOILB_04896,MHMAIFBA_04852,KGLDIDPM_04896,CFOCILDN_04189
suhB_3,suhB_3,Nus factor SuhB,MFCJNMFM_04764,JIEPOILB_04768,MHMAIFBA_04726,KGLDIDPM_04768,CFOCILDN_03547
fabG_9,fabG_9,3-oxoacyl-[acyl-carrier-protein] reductase FabG,MFCJNMFM_04052,JIEPOILB_04056,MHMAIFBA_04115,KGLDIDPM_04056,CFOCILDN_04057
occP,occP,Octopine permease ATP-binding protein P,MFCJNMFM_03721,JIEPOILB_03725,MHMAIFBA_03710,KGLDIDPM_03725,CFOCILDN_03660
group_630,,hypothetical protein,MFCJNMFM_03464,JIEPOILB_03468,MHMAIFBA_03472,KGLDIDPM_03468,CFOCILDN_02151
kduD_2,kduD_2,2-dehydro-3-deoxy-D-gluconate 5-dehydrogenase,MFCJNMFM_03039,JIEPOILB_02221,MHMAIFBA_03009,KGLDIDPM_03042,CFOCILDN_00035
fabG_4,fabG_4,3-oxoacyl-[acyl-carrier-protein] reductase FabG,MFCJNMFM_02959,JIEPOILB_02301,MHMAIFBA_02924,KGLDIDPM_02961,CFOCILDN_00115
glcR_3,glcR_3,HTH-type transcriptional repressor GlcR,MFCJNMFM_02716,JIEPOILB_02544,MHMAIFBA_02649,KGLDIDPM_02718,CFOCILDN_00358
tam,tam,Trans-aconitate 2-methyltransferase,MFCJNMFM_02699,JIEPOILB_02561,MHMAIFBA_02632,KGLDIDPM_02701,CFOCILDN_00374
fecE,fecE,Fe(3+) dicitrate transport ATP-binding protein FecE,MFCJNMFM_02187,JIEPOILB_03074,MHMAIFBA_02140,KGLDIDPM_02190,CFOCILDN_00882
glcR_1,glcR_1,HTH-type transcriptional repressor GlcR,MFCJNMFM_01669,JIEPOILB_01669,MHMAIFBA_01634,KGLDIDPM_01666,CFOCILDN_03240
mlaA,mlaA,Intermembrane phospholipid transport system lipoprotein MlaA,MFCJNMFM_01564,JIEPOILB_01565,MHMAIFBA_01528,KGLDIDPM_01562,CFOCILDN_04170
cysZ,cysZ,Sulfate transporter CysZ,MFCJNMFM_01454,JIEPOILB_01455,MHMAIFBA_01495,KGLDIDPM_01452,CFOCILDN_03065
surE,surE,5'/3'-nucleotidase SurE,MFCJNMFM_01073,JIEPOILB_01073,MHMAIFBA_01071,KGLDIDPM_01072,CFOCILDN_01374
kduD_1,kduD_1,2-dehydro-3-deoxy-D-gluconate 5-dehydrogenase,MFCJNMFM_00906,JIEPOILB_00907,MHMAIFBA_00923,KGLDIDPM_00906,CFOCILDN_01536
gph,gph,Phosphoglycolate phosphatase,MFCJNMFM_00403,JIEPOILB_00403,MHMAIFBA_00354,KGLDIDPM_00402,CFOCILDN_04497
miaE,miaE,tRNA 2-(methylsulfanyl)-N(6)-isopentenyladenosine(37) hydroxylase,MFCJNMFM_04633,JIEPOILB_04637,MHMAIFBA_04572,KGLDIDPM_04637,CFOCILDN_02916
hpcE_2,hpcE_2,Homoprotocatechuate catabolism bifunctional isomerase/decarboxylase,MFCJNMFM_04405,JIEPOILB_04409,MHMAIFBA_04454,KGLDIDPM_04409,CFOCILDN_00994
isfD,isfD,Sulfoacetaldehyde reductase,MFCJNMFM_03720,JIEPOILB_03724,MHMAIFBA_03709,KGLDIDPM_03724,CFOCILDN_03659
puuD,puuD,Gamma-glutamyl-gamma-aminobutyrate hydrolase PuuD,MFCJNMFM_03262,JIEPOILB_01998,MHMAIFBA_03228,KGLDIDPM_03266,CFOCILDN_03465
catD,catD,3-oxoadipate enol-lactonase 2,MFCJNMFM_02811,JIEPOILB_02449,MHMAIFBA_02716,KGLDIDPM_02813,CFOCILDN_00263
artQ_1,artQ_1,Arginine transport system permease protein ArtQ,MFCJNMFM_02242,JIEPOILB_03019,MHMAIFBA_02195,KGLDIDPM_02245,CFOCILDN_00827
nadX,nadX,L-aspartate dehydrogenase,MFCJNMFM_00810,JIEPOILB_00811,MHMAIFBA_00827,KGLDIDPM_00810,CFOCILDN_01632
nikD,nikD,Nickel import ATP-binding protein NikD,MFCJNMFM_00306,JIEPOILB_00306,MHMAIFBA_00258,KGLDIDPM_00305,CFOCILDN_02754
group_627,,IS6 family transposase IS6100,MFCJNMFM_00129,JIEPOILB_00128,MHMAIFBA_05267,KGLDIDPM_00128,CFOCILDN_04919
cdh,cdh,CDP-diacylglycerol pyrophosphatase,MFCJNMFM_00103,JIEPOILB_00102,MHMAIFBA_00102,KGLDIDPM_00102,CFOCILDN_04347
hadI,hadI,2-hydroxyisocaproyl-CoA dehydratase activator,MFCJNMFM_04429,JIEPOILB_04433,MHMAIFBA_04478,KGLDIDPM_04433,CFOCILDN_00970
yabI_2,yabI_2,Inner membrane protein YabI,MFCJNMFM_04265,JIEPOILB_04269,MHMAIFBA_04316,KGLDIDPM_04269,CFOCILDN_01132
yafJ,yafJ,Putative glutamine amidotransferase YafJ,MFCJNMFM_04092,JIEPOILB_04096,MHMAIFBA_04142,KGLDIDPM_04096,CFOCILDN_04017
tauB,tauB,Taurine import ATP-binding protein TauB,MFCJNMFM_03993,JIEPOILB_03997,MHMAIFBA_04059,KGLDIDPM_03997,CFOCILDN_02649
iprA_3,iprA_3,Inhibitor of hydrogen peroxide resistance,MFCJNMFM_03785,JIEPOILB_03789,MHMAIFBA_03781,KGLDIDPM_03789,CFOCILDN_02441
pgpB,pgpB,Phosphatidylglycerophosphatase B,MFCJNMFM_03005,JIEPOILB_02255,MHMAIFBA_02971,KGLDIDPM_03008,CFOCILDN_00069
paaF,paaF,23-dehydroadipyl-CoA hydratase,MFCJNMFM_02881,JIEPOILB_02379,MHMAIFBA_02786,KGLDIDPM_02883,CFOCILDN_00193
glnH_1,glnH_1,Glutamine-binding periplasmic protein,MFCJNMFM_02241,JIEPOILB_03020,MHMAIFBA_02194,KGLDIDPM_02244,CFOCILDN_00828
group_624,tcyJ_1,L-cystine-binding protein TcyJ,MFCJNMFM_01866,JIEPOILB_01872,MHMAIFBA_01868,KGLDIDPM_01869,CFOCILDN_02234
trmD,trmD,tRNA (guanine-N(1)-)-methyltransferase,MFCJNMFM_01218,JIEPOILB_01218,MHMAIFBA_01274,KGLDIDPM_01216,CFOCILDN_03982
nimR_1,nimR_1,HTH-type transcriptional regulator NimR,MFCJNMFM_01173,JIEPOILB_01173,MHMAIFBA_01162,KGLDIDPM_01171,CFOCILDN_03908
hycG,hycG,Formate hydrogenlyase subunit 7,MFCJNMFM_01134,JIEPOILB_01134,MHMAIFBA_01122,KGLDIDPM_01133,CFOCILDN_01314
group_623,,26 kDa periplasmic immunogenic protein,MFCJNMFM_00821,JIEPOILB_00822,MHMAIFBA_00838,KGLDIDPM_00821,CFOCILDN_01620
lptB_1,lptB_1,Lipopolysaccharide export system ATP-binding protein LptB,MFCJNMFM_00342,JIEPOILB_00342,MHMAIFBA_00293,KGLDIDPM_00341,CFOCILDN_02719
tpiA,tpiA,Triosephosphate isomerase,MFCJNMFM_00105,JIEPOILB_00104,MHMAIFBA_00104,KGLDIDPM_00104,CFOCILDN_04345
yadH,yadH,Inner membrane transport permease YadH,MFCJNMFM_04193,JIEPOILB_04197,MHMAIFBA_04241,KGLDIDPM_04197,CFOCILDN_01204
thiG,thiG,Thiazole synthase,MFCJNMFM_04848,JIEPOILB_04852,MHMAIFBA_04809,KGLDIDPM_04852,CFOCILDN_04774
rbn_2,rbn_2,Ribonuclease BN,MFCJNMFM_04762,JIEPOILB_04766,MHMAIFBA_04724,KGLDIDPM_04766,CFOCILDN_03545
ycgJ,ycgJ,putative methyltransferase YcgJ,MFCJNMFM_04104,JIEPOILB_04108,MHMAIFBA_04154,KGLDIDPM_04108,CFOCILDN_04005
yafV,yafV,Omega-amidase YafV,MFCJNMFM_04095,JIEPOILB_04099,MHMAIFBA_04145,KGLDIDPM_04099,CFOCILDN_04014
capC,capC,NADPH-dependent 3-dehydrocapnine reductase,MFCJNMFM_03833,JIEPOILB_03837,MHMAIFBA_03899,KGLDIDPM_03837,CFOCILDN_02490
glpR_2,glpR_2,Glycerol-3-phosphate regulon repressor,MFCJNMFM_02320,JIEPOILB_02941,MHMAIFBA_02270,KGLDIDPM_02322,CFOCILDN_00753
bdhA,bdhA,D-beta-hydroxybutyrate dehydrogenase,MFCJNMFM_02285,JIEPOILB_02976,MHMAIFBA_02236,KGLDIDPM_02287,CFOCILDN_00788
budC,budC,Diacetyl reductase [(S)-acetoin forming],MFCJNMFM_02281,JIEPOILB_02980,MHMAIFBA_02232,KGLDIDPM_02283,CFOCILDN_00792
menH_1,menH_1,2-succinyl-6-hydroxy-24-cyclohexadiene-1-carboxylate synthase,MFCJNMFM_00808,JIEPOILB_00809,MHMAIFBA_00825,KGLDIDPM_00808,CFOCILDN_01634
zupT,zupT,Zinc transporter ZupT,MFCJNMFM_00727,JIEPOILB_00728,MHMAIFBA_00678,KGLDIDPM_00727,CFOCILDN_01715
garL,garL,5-keto-4-deoxy-D-glucarate aldolase,MFCJNMFM_00637,JIEPOILB_00638,MHMAIFBA_00589,KGLDIDPM_00637,CFOCILDN_01804
pstB,pstB,Phosphate import ATP-binding protein PstB,MFCJNMFM_05091,JIEPOILB_05094,MHMAIFBA_05048,KGLDIDPM_05094,CFOCILDN_03744
argB,argB,Acetylglutamate kinase,MFCJNMFM_04972,JIEPOILB_04975,MHMAIFBA_04930,KGLDIDPM_04975,CFOCILDN_03817
nudC,nudC,NAD-capped RNA hydrolase NudC,MFCJNMFM_04842,JIEPOILB_04846,MHMAIFBA_04803,KGLDIDPM_04846,CFOCILDN_04780
yaaA,yaaA,DNA-binding and peroxide stress resistance protein YaaA,MFCJNMFM_04323,JIEPOILB_04327,MHMAIFBA_04374,KGLDIDPM_04327,CFOCILDN_01074
modA,modA,Molybdate-binding protein ModA,MFCJNMFM_03649,JIEPOILB_03653,MHMAIFBA_03515,KGLDIDPM_03653,CFOCILDN_04696
ybfF,ybfF,Esterase YbfF,MFCJNMFM_03580,JIEPOILB_03584,MHMAIFBA_03575,KGLDIDPM_03584,CFOCILDN_04596
ssuB_3,ssuB_3,Aliphatic sulfonates import ATP-binding protein SsuB,MFCJNMFM_03313,JIEPOILB_03317,MHMAIFBA_03273,KGLDIDPM_03317,CFOCILDN_01958
glcR_2,glcR_2,HTH-type transcriptional repressor GlcR,MFCJNMFM_02636,JIEPOILB_02624,MHMAIFBA_02570,KGLDIDPM_02638,CFOCILDN_00437
nimR_3,nimR_3,HTH-type transcriptional regulator NimR,MFCJNMFM_02564,JIEPOILB_02696,MHMAIFBA_02507,KGLDIDPM_02566,CFOCILDN_00510
ssuB_1,ssuB_1,Aliphatic sulfonates import ATP-binding protein SsuB,MFCJNMFM_02234,JIEPOILB_03027,MHMAIFBA_02187,KGLDIDPM_02237,CFOCILDN_00835
oppF_1,oppF_1,Oligopeptide transport ATP-binding protein OppF,MFCJNMFM_01757,JIEPOILB_01756,MHMAIFBA_01722,KGLDIDPM_01753,CFOCILDN_03327
thiM,thiM,Hydroxyethylthiazole kinase,MFCJNMFM_01739,JIEPOILB_01739,MHMAIFBA_01705,KGLDIDPM_01736,CFOCILDN_03310
hisP,hisP,Histidine/lysine/arginine/ornithine transport ATP-binding protein HisP,MFCJNMFM_01595,JIEPOILB_01596,MHMAIFBA_01560,KGLDIDPM_01593,CFOCILDN_04139
srlR_3,srlR_3,Glucitol operon repressor,MFCJNMFM_01148,JIEPOILB_01148,MHMAIFBA_01136,KGLDIDPM_01147,CFOCILDN_01300
cbiF,cbiF,Cobalt-precorrin-4 C(11)-methyltransferase,MFCJNMFM_00979,JIEPOILB_00980,MHMAIFBA_00994,KGLDIDPM_00979,CFOCILDN_01465
lldR_3,lldR_3,Putative L-lactate dehydrogenase operon regulatory protein,MFCJNMFM_00923,JIEPOILB_00924,MHMAIFBA_00940,KGLDIDPM_00923,CFOCILDN_01519
srlR_1,srlR_1,Glucitol operon repressor,MFCJNMFM_00622,JIEPOILB_00623,MHMAIFBA_00574,KGLDIDPM_00622,CFOCILDN_01819
bioH_1,bioH_1,Pimeloyl-[acyl-carrier protein] methyl ester esterase,MFCJNMFM_00378,JIEPOILB_00378,MHMAIFBA_00329,KGLDIDPM_00377,CFOCILDN_02683
lldR_1,lldR_1,Putative L-lactate dehydrogenase operon regulatory protein,MFCJNMFM_00209,JIEPOILB_00209,MHMAIFBA_00161,KGLDIDPM_00208,CFOCILDN_02849
group_619,,hypothetical protein,MFCJNMFM_04603,JIEPOILB_04607,MHMAIFBA_04602,KGLDIDPM_04607,CFOCILDN_02946
yjjP,yjjP,putative succinate transporter subunit YjjP,MFCJNMFM_04371,JIEPOILB_04375,MHMAIFBA_04422,KGLDIDPM_04375,CFOCILDN_01028
uppS,uppS,Ditranspolycis-undecaprenyl-diphosphate synthase ((2E6E)-farnesyl-diphosphate specific),MFCJNMFM_04142,JIEPOILB_04146,MHMAIFBA_04190,KGLDIDPM_04146,CFOCILDN_01255
eutC_2,eutC_2,Ethanolamine ammonia-lyase small subunit,MFCJNMFM_03999,JIEPOILB_04003,MHMAIFBA_04065,KGLDIDPM_04003,CFOCILDN_02655
hisJ_2,hisJ_2,Histidine-binding periplasmic protein,MFCJNMFM_03776,JIEPOILB_03780,MHMAIFBA_03772,KGLDIDPM_03780,CFOCILDN_02432
fabG_8,fabG_8,3-oxoacyl-[acyl-carrier-protein] reductase FabG,MFCJNMFM_03773,JIEPOILB_03777,MHMAIFBA_03769,KGLDIDPM_03777,CFOCILDN_03711
hisF,hisF,Imidazole glycerol phosphate synthase subunit HisF,MFCJNMFM_01798,JIEPOILB_01804,MHMAIFBA_01774,KGLDIDPM_01801,CFOCILDN_04809
group_618,,hypothetical protein,MFCJNMFM_01357,JIEPOILB_01358,MHMAIFBA_01351,KGLDIDPM_01355,CFOCILDN_03161
yqjH,yqjH,NADPH-dependent ferric-chelate reductase,MFCJNMFM_00678,JIEPOILB_00679,MHMAIFBA_00629,KGLDIDPM_00678,CFOCILDN_01763
lldR_2,lldR_2,Putative L-lactate dehydrogenase operon regulatory protein,MFCJNMFM_00655,JIEPOILB_00656,MHMAIFBA_00606,KGLDIDPM_00655,CFOCILDN_01786
group_617,,hypothetical protein,MFCJNMFM_00183,JIEPOILB_00183,MHMAIFBA_00135,KGLDIDPM_00182,CFOCILDN_02876
tatC,tatC,Sec-independent protein translocase protein TatC,MFCJNMFM_04886,JIEPOILB_04889,MHMAIFBA_04845,KGLDIDPM_04889,CFOCILDN_04182
agaC,agaC,N-acetylgalactosamine permease IIC component 1,MFCJNMFM_04381,JIEPOILB_04385,MHMAIFBA_04432,KGLDIDPM_04385,CFOCILDN_01018
deoC_2,deoC_2,Deoxyribose-phosphate aldolase,MFCJNMFM_04348,JIEPOILB_04352,MHMAIFBA_04399,KGLDIDPM_04352,CFOCILDN_01049
pdhR,pdhR,Pyruvate dehydrogenase complex repressor,MFCJNMFM_04212,JIEPOILB_04216,MHMAIFBA_04263,KGLDIDPM_04216,CFOCILDN_01185
group_616,,hypothetical protein,MFCJNMFM_03332,JIEPOILB_03336,MHMAIFBA_03292,KGLDIDPM_03336,CFOCILDN_01977
group_615,,hypothetical protein,MFCJNMFM_02948,JIEPOILB_02312,MHMAIFBA_02854,KGLDIDPM_02950,CFOCILDN_00126
argV,argV,Arginine transport ATP-binding protein ArgV,MFCJNMFM_02443,JIEPOILB_02817,MHMAIFBA_02391,KGLDIDPM_02445,CFOCILDN_00631
budA,budA,Alpha-acetolactate decarboxylase,MFCJNMFM_02283,JIEPOILB_02978,MHMAIFBA_02234,KGLDIDPM_02285,CFOCILDN_00790
group_613,,hypothetical protein,MFCJNMFM_01689,JIEPOILB_01689,MHMAIFBA_01654,KGLDIDPM_01686,CFOCILDN_03260
srlD,srlD,Sorbitol-6-phosphate 2-dehydrogenase,MFCJNMFM_01150,JIEPOILB_01150,MHMAIFBA_01138,KGLDIDPM_01149,CFOCILDN_01298
hmuV,hmuV,Hemin import ATP-binding protein HmuV,MFCJNMFM_01099,JIEPOILB_01099,MHMAIFBA_01087,KGLDIDPM_01098,CFOCILDN_01349
group_611,,hypothetical protein,MFCJNMFM_00082,JIEPOILB_00082,MHMAIFBA_00082,KGLDIDPM_00082,CFOCILDN_04367
kefG,kefG,Glutathione-regulated potassium-efflux system ancillary protein KefG,MFCJNMFM_04438,JIEPOILB_04442,MHMAIFBA_04487,KGLDIDPM_04442,CFOCILDN_00961
cdsA,cdsA,Phosphatidate cytidylyltransferase,MFCJNMFM_04141,JIEPOILB_04145,MHMAIFBA_04189,KGLDIDPM_04145,CFOCILDN_01256
lptB_3,lptB_3,Lipopolysaccharide export system ATP-binding protein LptB,MFCJNMFM_04003,JIEPOILB_04007,MHMAIFBA_04069,KGLDIDPM_04007,CFOCILDN_02659
fetB,fetB,putative iron export permease protein FetB,MFCJNMFM_03835,JIEPOILB_03839,MHMAIFBA_03901,KGLDIDPM_03839,CFOCILDN_02492
map_1,map_1,Methionine aminopeptidase,MFCJNMFM_02667,JIEPOILB_02593,MHMAIFBA_02601,KGLDIDPM_02669,CFOCILDN_00406
hisJ_1,hisJ_1,Histidine-binding periplasmic protein,MFCJNMFM_01592,JIEPOILB_01593,MHMAIFBA_01557,KGLDIDPM_01590,CFOCILDN_04142
argT,argT,Lysine/arginine/ornithine-binding periplasmic protein,MFCJNMFM_01591,JIEPOILB_01592,MHMAIFBA_01556,KGLDIDPM_01589,CFOCILDN_04143
mlaE,mlaE,Intermembrane phospholipid transport system permease protein MlaE,MFCJNMFM_00570,JIEPOILB_00571,MHMAIFBA_00522,KGLDIDPM_00570,CFOCILDN_01871
chnA,chnA,Cyclohexanol dehydrogenase,MFCJNMFM_03704,JIEPOILB_03708,MHMAIFBA_03693,KGLDIDPM_03708,CFOCILDN_03643
ptpB,ptpB,Triple specificity protein phosphatase PtpB,MFCJNMFM_03430,JIEPOILB_03434,MHMAIFBA_03437,KGLDIDPM_03434,CFOCILDN_02117
potC,potC,Spermidine/putrescine transport system permease protein PotC,MFCJNMFM_03150,JIEPOILB_02110,MHMAIFBA_03127,KGLDIDPM_03154,CFOCILDN_04257
tcyJ_3,tcyJ_3,L-cystine-binding protein TcyJ,MFCJNMFM_02576,JIEPOILB_02684,MHMAIFBA_02524,KGLDIDPM_02578,CFOCILDN_00498
znuB,znuB,High-affinity zinc uptake system membrane protein ZnuB,MFCJNMFM_01976,JIEPOILB_03284,MHMAIFBA_01912,KGLDIDPM_01979,CFOCILDN_02278
rhmR,rhmR,putative HTH-type transcriptional regulator RhmR,MFCJNMFM_01637,JIEPOILB_01638,MHMAIFBA_01602,KGLDIDPM_01635,CFOCILDN_04097
cbiJ,cbiJ,Cobalt-precorrin-6A reductase,MFCJNMFM_00982,JIEPOILB_00983,MHMAIFBA_00997,KGLDIDPM_00982,CFOCILDN_01462
fhuF,fhuF,Ferric siderophore reductase,MFCJNMFM_04364,JIEPOILB_04368,MHMAIFBA_04415,KGLDIDPM_04368,CFOCILDN_01035
lpxA,lpxA,Acyl-[acyl-carrier-protein]--UDP-N-acetylglucosamine O-acyltransferase,MFCJNMFM_04135,JIEPOILB_04139,MHMAIFBA_04183,KGLDIDPM_04139,CFOCILDN_01262
modE,modE,DNA-binding transcriptional dual regulator ModE,MFCJNMFM_03647,JIEPOILB_03651,MHMAIFBA_03517,KGLDIDPM_03651,CFOCILDN_04694
ybeM,ybeM,Deaminated glutathione amidase,MFCJNMFM_03529,JIEPOILB_03533,MHMAIFBA_03624,KGLDIDPM_03533,CFOCILDN_04433
appY,appY,HTH-type transcriptional regulator AppY,MFCJNMFM_03279,JIEPOILB_01981,MHMAIFBA_03246,KGLDIDPM_03283,CFOCILDN_03482
group_603,,7beta-hydroxysteroid dehydrogenase,MFCJNMFM_03256,JIEPOILB_02004,MHMAIFBA_03223,KGLDIDPM_03260,CFOCILDN_03459
phoH,phoH,Protein PhoH,MFCJNMFM_03233,JIEPOILB_02027,MHMAIFBA_03201,KGLDIDPM_03237,CFOCILDN_03436
fabI,fabI,Enoyl-[acyl-carrier-protein] reductase [NADH] FabI,MFCJNMFM_02995,JIEPOILB_02265,MHMAIFBA_02961,KGLDIDPM_02998,CFOCILDN_00079
paaG,paaG,12-epoxyphenylacetyl-CoA isomerase,MFCJNMFM_02880,JIEPOILB_02380,MHMAIFBA_02785,KGLDIDPM_02882,CFOCILDN_00194
nrtD,nrtD,Nitrate import ATP-binding protein NrtD,MFCJNMFM_02117,JIEPOILB_03144,MHMAIFBA_02069,KGLDIDPM_02120,CFOCILDN_02418
otsB,otsB,Trehalose-phosphate phosphatase,MFCJNMFM_01891,JIEPOILB_01897,MHMAIFBA_01893,KGLDIDPM_01894,CFOCILDN_02259
group_602,,hypothetical protein,MFCJNMFM_00198,JIEPOILB_00198,MHMAIFBA_00150,KGLDIDPM_00197,CFOCILDN_02860
tatD,tatD,3'-5' ssDNA/RNA exonuclease TatD,MFCJNMFM_04885,JIEPOILB_04888,MHMAIFBA_04844,KGLDIDPM_04888,CFOCILDN_04181
panB,panB,3-methyl-2-oxobutanoate hydroxymethyltransferase,MFCJNMFM_04188,JIEPOILB_04192,MHMAIFBA_04236,KGLDIDPM_04192,CFOCILDN_01209
lsrF_2,lsrF_2,3-hydroxy-5-phosphonooxypentane-24-dione thiolase,MFCJNMFM_04049,JIEPOILB_04053,MHMAIFBA_04112,KGLDIDPM_04053,CFOCILDN_04060
moaF,moaF,Protein MoaF,MFCJNMFM_03774,JIEPOILB_03778,MHMAIFBA_03770,KGLDIDPM_03778,CFOCILDN_03712
nei,nei,Endonuclease 8,MFCJNMFM_03599,JIEPOILB_03603,MHMAIFBA_03556,KGLDIDPM_03603,CFOCILDN_04615
ssuC_1,ssuC_1,Putative aliphatic sulfonates transport permease protein SsuC,MFCJNMFM_03312,JIEPOILB_03316,MHMAIFBA_03272,KGLDIDPM_03316,CFOCILDN_01957
nimR_5,nimR_5,HTH-type transcriptional regulator NimR,MFCJNMFM_03104,JIEPOILB_02156,MHMAIFBA_03082,KGLDIDPM_03108,CFOCILDN_04302
metN2,metN2,Methionine import ATP-binding protein MetN 2,MFCJNMFM_02690,JIEPOILB_02570,MHMAIFBA_02624,KGLDIDPM_02692,CFOCILDN_00383
kdgR,kdgR,HTH-type transcriptional regulator KdgR,MFCJNMFM_02008,JIEPOILB_03252,MHMAIFBA_01944,KGLDIDPM_02011,CFOCILDN_02310
ypjD,ypjD,Inner membrane protein YpjD,MFCJNMFM_01214,JIEPOILB_01214,MHMAIFBA_01270,KGLDIDPM_01212,CFOCILDN_03978
mazG,mazG,Nucleoside triphosphate pyrophosphohydrolase,MFCJNMFM_01054,JIEPOILB_01054,MHMAIFBA_01052,KGLDIDPM_01053,CFOCILDN_01393
ygiD,ygiD,45-DOPA dioxygenase extradiol,MFCJNMFM_00728,JIEPOILB_00729,MHMAIFBA_00679,KGLDIDPM_00728,CFOCILDN_01714
yjjV,yjjV,putative metal-dependent hydrolase YjjV,MFCJNMFM_04350,JIEPOILB_04354,MHMAIFBA_04401,KGLDIDPM_04354,CFOCILDN_01047
speD,speD,S-adenosylmethionine decarboxylase proenzyme,MFCJNMFM_04203,JIEPOILB_04207,MHMAIFBA_04254,KGLDIDPM_04207,CFOCILDN_01194
map_2,map_2,Methionine aminopeptidase,MFCJNMFM_04148,JIEPOILB_04152,MHMAIFBA_04196,KGLDIDPM_04152,CFOCILDN_01249
nqrC,nqrC,Na(+)-translocating NADH-quinone reductase subunit C,MFCJNMFM_04088,JIEPOILB_04092,MHMAIFBA_04138,KGLDIDPM_04092,CFOCILDN_04021
group_601,,hypothetical protein,MFCJNMFM_03841,JIEPOILB_03845,MHMAIFBA_03907,KGLDIDPM_03845,CFOCILDN_02498
fepC,fepC,Ferric enterobactin transport ATP-binding protein FepC,MFCJNMFM_03689,JIEPOILB_03693,MHMAIFBA_03678,KGLDIDPM_03693,CFOCILDN_03628
cpoB,cpoB,Cell division coordinator CpoB,MFCJNMFM_03619,JIEPOILB_03623,MHMAIFBA_03536,KGLDIDPM_03623,CFOCILDN_04635
ycfH,ycfH,putative metal-dependent hydrolase YcfH,MFCJNMFM_03183,JIEPOILB_02077,MHMAIFBA_03151,KGLDIDPM_03187,CFOCILDN_03386
yddE,yddE,putative isomerase YddE,MFCJNMFM_02723,JIEPOILB_02537,MHMAIFBA_02658,KGLDIDPM_02725,CFOCILDN_00351
rlmA,rlmA,23S rRNA (guanine(745)-N(1))-methyltransferase,MFCJNMFM_02014,JIEPOILB_03247,MHMAIFBA_01949,KGLDIDPM_02017,CFOCILDN_02315
truC,truC,tRNA pseudouridine synthase C,MFCJNMFM_01045,JIEPOILB_01045,MHMAIFBA_01042,KGLDIDPM_01044,CFOCILDN_01402
cbiK,cbiK,Sirohydrochlorin cobaltochelatase,MFCJNMFM_00983,JIEPOILB_00984,MHMAIFBA_00998,KGLDIDPM_00983,CFOCILDN_01461
thyA,thyA,Thymidylate synthase,MFCJNMFM_00935,JIEPOILB_00936,MHMAIFBA_00952,KGLDIDPM_00935,CFOCILDN_01507
baiA1,baiA1,3alpha-hydroxy bile acid-CoA-ester 3-dehydrogenase 1/3,MFCJNMFM_00809,JIEPOILB_00810,MHMAIFBA_00826,KGLDIDPM_00809,CFOCILDN_01633
hpcH,hpcH,4-hydroxy-2-oxo-heptane-17-dioate aldolase,MFCJNMFM_04410,JIEPOILB_04414,MHMAIFBA_04459,KGLDIDPM_04414,CFOCILDN_00989
fhuC_2,fhuC_2,Iron(3+)-hydroxamate import ATP-binding protein FhuC,MFCJNMFM_04163,JIEPOILB_04167,MHMAIFBA_04211,KGLDIDPM_04167,CFOCILDN_01234
fhuC_1,fhuC_1,Iron(3+)-hydroxamate import ATP-binding protein FhuC,MFCJNMFM_03782,JIEPOILB_03786,MHMAIFBA_03778,KGLDIDPM_03786,CFOCILDN_02438
fabG_7,fabG_7,3-oxoacyl-[acyl-carrier-protein] reductase FabG,MFCJNMFM_03703,JIEPOILB_03707,MHMAIFBA_03692,KGLDIDPM_03707,CFOCILDN_03642
rna,rna,Ribonuclease I,MFCJNMFM_03524,JIEPOILB_03528,MHMAIFBA_03629,KGLDIDPM_03528,CFOCILDN_04428
pcaR_1,pcaR_1,Pca regulon regulatory protein,MFCJNMFM_02466,JIEPOILB_02794,MHMAIFBA_02411,KGLDIDPM_02468,CFOCILDN_00608
mtfA,mtfA,Mlc titration factor A,MFCJNMFM_01851,JIEPOILB_01857,MHMAIFBA_01853,KGLDIDPM_01854,CFOCILDN_02219
yigL,yigL,Pyridoxal phosphate phosphatase YigL,MFCJNMFM_04898,JIEPOILB_04901,MHMAIFBA_04857,KGLDIDPM_04901,CFOCILDN_04194
sorA,sorA,PTS system sorbose-specific EIIC component,MFCJNMFM_04815,JIEPOILB_04819,MHMAIFBA_04777,KGLDIDPM_04819,CFOCILDN_03596
outO,outO,Prepilin leader peptidase/N-methyltransferase,MFCJNMFM_04180,JIEPOILB_04184,MHMAIFBA_04228,KGLDIDPM_04184,CFOCILDN_01217
btuF_2,btuF_2,Vitamin B12-binding protein,MFCJNMFM_04156,JIEPOILB_04160,MHMAIFBA_04204,KGLDIDPM_04160,CFOCILDN_01241
nagB,nagB,Glucosamine-6-phosphate deaminase,MFCJNMFM_03570,JIEPOILB_03574,MHMAIFBA_03584,KGLDIDPM_03574,CFOCILDN_04586
cmoM,cmoM,tRNA 5-carboxymethoxyuridine methyltransferase,MFCJNMFM_03331,JIEPOILB_03335,MHMAIFBA_03291,KGLDIDPM_03335,CFOCILDN_01976
yciK,yciK,putative oxidoreductase YciK,MFCJNMFM_03013,JIEPOILB_02247,MHMAIFBA_02979,KGLDIDPM_03016,CFOCILDN_00061
group_595,,hypothetical protein,MFCJNMFM_02795,JIEPOILB_02465,MHMAIFBA_02700,KGLDIDPM_02797,CFOCILDN_00279
srlR_4,srlR_4,Glucitol operon repressor,MFCJNMFM_02639,JIEPOILB_02621,MHMAIFBA_02573,KGLDIDPM_02641,CFOCILDN_00434
metQ_1,metQ_1,D-methionine-binding lipoprotein MetQ,MFCJNMFM_02170,JIEPOILB_03091,MHMAIFBA_02122,KGLDIDPM_02173,CFOCILDN_00899
group_594,,hypothetical protein,MFCJNMFM_02056,JIEPOILB_03205,MHMAIFBA_01990,KGLDIDPM_02059,CFOCILDN_02357
manY,manY,PTS system mannose-specific EIIC component,MFCJNMFM_02018,JIEPOILB_03243,MHMAIFBA_01953,KGLDIDPM_02021,CFOCILDN_02319
thiD,thiD,Hydroxymethylpyrimidine/phosphomethylpyrimidine kinase,MFCJNMFM_01740,JIEPOILB_01740,MHMAIFBA_01706,KGLDIDPM_01737,CFOCILDN_03311
group_593,,hypothetical protein,MFCJNMFM_00394,JIEPOILB_00394,MHMAIFBA_00345,KGLDIDPM_00393,CFOCILDN_04488
bacC,bacC,Dihydroanticapsin 7-dehydrogenase,MFCJNMFM_04812,JIEPOILB_04816,MHMAIFBA_04774,KGLDIDPM_04816,CFOCILDN_03593
hpcG,hpcG,2-oxo-hept-4-ene-17-dioate hydratase,MFCJNMFM_04409,JIEPOILB_04413,MHMAIFBA_04458,KGLDIDPM_04413,CFOCILDN_00990
dkgB,dkgB,Methylglyoxal reductase DkgB,MFCJNMFM_04108,JIEPOILB_04112,MHMAIFBA_04158,KGLDIDPM_04112,CFOCILDN_04001
rutD,rutD,Putative carbamate hydrolase RutD,MFCJNMFM_03246,JIEPOILB_02014,MHMAIFBA_03214,KGLDIDPM_03250,CFOCILDN_03449
rhmA,rhmA,2-keto-3-deoxy-L-rhamnonate aldolase,MFCJNMFM_01640,JIEPOILB_01641,MHMAIFBA_01606,KGLDIDPM_01638,CFOCILDN_04094
suhB_1,suhB_1,Nus factor SuhB,MFCJNMFM_01346,JIEPOILB_01347,MHMAIFBA_01340,KGLDIDPM_01344,CFOCILDN_03172
group_589,,hypothetical protein,MFCJNMFM_00857,JIEPOILB_00858,MHMAIFBA_00874,KGLDIDPM_00857,CFOCILDN_01584
glpF_2,glpF_2,Glycerol uptake facilitator protein,MFCJNMFM_00693,JIEPOILB_00694,MHMAIFBA_00644,KGLDIDPM_00693,CFOCILDN_01748
group_587,,hypothetical protein,MFCJNMFM_04207,JIEPOILB_04211,MHMAIFBA_04258,KGLDIDPM_04211,CFOCILDN_01190
group_586,,hypothetical protein,MFCJNMFM_04105,JIEPOILB_04109,MHMAIFBA_04155,KGLDIDPM_04109,CFOCILDN_04004
group_585,,hypothetical protein,MFCJNMFM_03143,JIEPOILB_02117,MHMAIFBA_03120,KGLDIDPM_03147,CFOCILDN_04264
xthA,xthA,Exodeoxyribonuclease III,MFCJNMFM_03059,JIEPOILB_02201,MHMAIFBA_03029,KGLDIDPM_03062,CFOCILDN_00015
metQ_3,metQ_3,putative D-methionine-binding lipoprotein MetQ,MFCJNMFM_02917,JIEPOILB_02343,MHMAIFBA_02822,KGLDIDPM_02919,CFOCILDN_00157
pcaR_2,pcaR_2,Pca regulon regulatory protein,MFCJNMFM_02816,JIEPOILB_02444,MHMAIFBA_02721,KGLDIDPM_02818,CFOCILDN_00258
metQ_2,metQ_2,D-methionine-binding lipoprotein MetQ,MFCJNMFM_02689,JIEPOILB_02571,MHMAIFBA_02623,KGLDIDPM_02691,CFOCILDN_00384
ydcV,ydcV,Inner membrane ABC transporter permease protein YdcV,MFCJNMFM_02415,JIEPOILB_02845,MHMAIFBA_02363,KGLDIDPM_02417,CFOCILDN_00659
mhpD,mhpD,2-keto-4-pentenoate hydratase,MFCJNMFM_02221,JIEPOILB_03040,MHMAIFBA_02174,KGLDIDPM_02224,CFOCILDN_00848
ais,ais,Aconitate isomerase,MFCJNMFM_02072,JIEPOILB_03189,MHMAIFBA_02006,KGLDIDPM_02075,CFOCILDN_02373
eutT,eutT,Corrinoid adenosyltransferase EutT,MFCJNMFM_01420,JIEPOILB_01421,MHMAIFBA_01462,KGLDIDPM_01418,CFOCILDN_03098
sdhL,sdhL,Shikimate dehydrogenase-like protein,MFCJNMFM_04818,JIEPOILB_04822,MHMAIFBA_04780,KGLDIDPM_04822,CFOCILDN_03599
iolB,iolB,5-deoxy-glucuronate isomerase,MFCJNMFM_04643,JIEPOILB_04647,MHMAIFBA_04562,KGLDIDPM_04647,CFOCILDN_02906
glnH_3,glnH_3,ABC transporter glutamine-binding protein GlnH,MFCJNMFM_04006,JIEPOILB_04010,MHMAIFBA_04072,KGLDIDPM_04010,CFOCILDN_02662
proC,proC,Pyrroline-5-carboxylate reductase,MFCJNMFM_03976,JIEPOILB_03980,MHMAIFBA_04042,KGLDIDPM_03980,CFOCILDN_02632
suhB_2,suhB_2,Nus factor SuhB,MFCJNMFM_03499,JIEPOILB_03503,MHMAIFBA_03654,KGLDIDPM_03503,CFOCILDN_04403
pabC,pabC,Aminodeoxychorismate lyase,MFCJNMFM_03187,JIEPOILB_02073,MHMAIFBA_03155,KGLDIDPM_03191,CFOCILDN_03390
trpA,trpA,Tryptophan synthase alpha chain,MFCJNMFM_03024,JIEPOILB_02236,MHMAIFBA_02990,KGLDIDPM_03027,CFOCILDN_00050
sapF,sapF,Peptide transport system ATP-binding protein SapF,MFCJNMFM_02992,JIEPOILB_02268,MHMAIFBA_02958,KGLDIDPM_02995,CFOCILDN_00082
yfcA,yfcA,putative membrane transporter protein YfcA,MFCJNMFM_01574,JIEPOILB_01575,MHMAIFBA_01539,KGLDIDPM_01572,CFOCILDN_04160
pduF,pduF,Propanediol uptake facilitator PduF,MFCJNMFM_00971,JIEPOILB_00972,MHMAIFBA_00986,KGLDIDPM_00971,CFOCILDN_01473
mutM,mutM,Formamidopyrimidine-DNA glycosylase,MFCJNMFM_00181,JIEPOILB_00181,MHMAIFBA_00133,KGLDIDPM_00180,CFOCILDN_02878
nlpA,nlpA,Lipoprotein 28,MFCJNMFM_00079,JIEPOILB_00079,MHMAIFBA_00079,KGLDIDPM_00079,CFOCILDN_04370
clcD,clcD,Carboxymethylenebutenolidase,MFCJNMFM_04894,JIEPOILB_04897,MHMAIFBA_04853,KGLDIDPM_04897,CFOCILDN_04190
ybjI,ybjI,5-amino-6-(5-phospho-D-ribitylamino)uracil phosphatase YbjI,MFCJNMFM_03405,JIEPOILB_03409,MHMAIFBA_03411,KGLDIDPM_03409,CFOCILDN_02092
ydgD,ydgD,putative serine protease YdgD,MFCJNMFM_02787,JIEPOILB_02473,MHMAIFBA_02691,KGLDIDPM_02789,CFOCILDN_00287
group_582,,hypothetical protein,MFCJNMFM_02217,JIEPOILB_03044,MHMAIFBA_02170,KGLDIDPM_02220,CFOCILDN_00852
group_581,,hypothetical protein,MFCJNMFM_02107,JIEPOILB_03154,MHMAIFBA_02059,KGLDIDPM_02110,CFOCILDN_02408
minD,minD,Septum site-determining protein MinD,MFCJNMFM_02033,JIEPOILB_03228,MHMAIFBA_01968,KGLDIDPM_02036,CFOCILDN_02334
truA,truA,tRNA pseudouridine synthase A,MFCJNMFM_01583,JIEPOILB_01584,MHMAIFBA_01548,KGLDIDPM_01581,CFOCILDN_04151
pduB,pduB,Bacterial microcompartment shell protein PduB,MFCJNMFM_00967,JIEPOILB_00968,MHMAIFBA_00984,KGLDIDPM_00967,CFOCILDN_01475
mlaF,mlaF,Intermembrane phospholipid transport system ATP-binding protein MlaF,MFCJNMFM_00569,JIEPOILB_00570,MHMAIFBA_00521,KGLDIDPM_00569,CFOCILDN_01872
yidA,yidA,Sugar phosphatase YidA,MFCJNMFM_00005,JIEPOILB_00005,MHMAIFBA_00005,KGLDIDPM_00005,CFOCILDN_03763
sul2,sul2,Dihydropteroate synthase type-2,MFCJNMFM_05113,JIEPOILB_05109,MHMAIFBA_05257,KGLDIDPM_05109,CFOCILDN_04469
atpB,atpB,ATP synthase subunit a,MFCJNMFM_05078,JIEPOILB_05081,MHMAIFBA_05035,KGLDIDPM_05081,CFOCILDN_03731
rhaS_6,rhaS_6,HTH-type transcriptional activator RhaS,MFCJNMFM_04423,JIEPOILB_04427,MHMAIFBA_04472,KGLDIDPM_04427,CFOCILDN_00976
metQ_4,metQ_4,D-methionine-binding lipoprotein MetQ,MFCJNMFM_04118,JIEPOILB_04122,MHMAIFBA_04166,KGLDIDPM_04122,CFOCILDN_01279
ribX_1,ribX_1,Riboflavin transport system permease protein RibX,MFCJNMFM_02295,JIEPOILB_02966,MHMAIFBA_02247,KGLDIDPM_02297,CFOCILDN_00778
group_578,,putative protein,MFCJNMFM_02052,JIEPOILB_03209,MHMAIFBA_01987,KGLDIDPM_02055,CFOCILDN_02353
group_577,,hypothetical protein,MFCJNMFM_00628,JIEPOILB_00629,MHMAIFBA_00580,KGLDIDPM_00628,CFOCILDN_01813
glnQ_5,glnQ_5,Glutamine transport ATP-binding protein GlnQ,MFCJNMFM_04007,JIEPOILB_04011,MHMAIFBA_04073,KGLDIDPM_04011,CFOCILDN_02663
group_576,,3-dehydroshikimate dehydratase,MFCJNMFM_03921,JIEPOILB_03925,MHMAIFBA_03987,KGLDIDPM_03925,CFOCILDN_02578
cof,cof,HMP-PP phosphatase,MFCJNMFM_03896,JIEPOILB_03900,MHMAIFBA_03962,KGLDIDPM_03900,CFOCILDN_02553
ybhA,ybhA,Pyridoxal phosphate phosphatase YbhA,MFCJNMFM_03652,JIEPOILB_03656,MHMAIFBA_03512,KGLDIDPM_03656,CFOCILDN_04699
group_575,,ADP-polyphosphate phosphotransferase 3,MFCJNMFM_02479,JIEPOILB_02781,MHMAIFBA_02423,KGLDIDPM_02481,CFOCILDN_00595
hmuT,hmuT,Hemin-binding periplasmic protein HmuT,MFCJNMFM_01101,JIEPOILB_01101,MHMAIFBA_01089,KGLDIDPM_01100,CFOCILDN_01347
aroE_1,aroE_1,Shikimate dehydrogenase (NADP(+)),MFCJNMFM_00478,JIEPOILB_00479,MHMAIFBA_00429,KGLDIDPM_00478,CFOCILDN_04823
hdfR_4,hdfR_4,HTH-type transcriptional regulator HdfR,MFCJNMFM_04956,JIEPOILB_04959,MHMAIFBA_04916,KGLDIDPM_04959,CFOCILDN_04252
iolI,iolI,Inosose isomerase,MFCJNMFM_04641,JIEPOILB_04645,MHMAIFBA_04564,KGLDIDPM_04645,CFOCILDN_02908
group_572,,hypothetical protein,MFCJNMFM_04415,JIEPOILB_04419,MHMAIFBA_04464,KGLDIDPM_04419,CFOCILDN_00984
dapB,dapB,4-hydroxy-tetrahydrodipicolinate reductase,MFCJNMFM_04290,JIEPOILB_04294,MHMAIFBA_04341,KGLDIDPM_04294,CFOCILDN_01107
rsmA,rsmA,Ribosomal RNA small subunit methyltransferase A,MFCJNMFM_04281,JIEPOILB_04285,MHMAIFBA_04332,KGLDIDPM_04285,CFOCILDN_01116
ydiB_2,ydiB_2,Quinate/shikimate dehydrogenase,MFCJNMFM_03917,JIEPOILB_03921,MHMAIFBA_03983,KGLDIDPM_03921,CFOCILDN_02574
yusV,yusV,putative siderophore transport system ATP-binding protein YusV,MFCJNMFM_02236,JIEPOILB_03025,MHMAIFBA_02189,KGLDIDPM_02239,CFOCILDN_00833
mntB_3,mntB_3,Manganese transport system ATP-binding protein MntB,MFCJNMFM_01111,JIEPOILB_01111,MHMAIFBA_01099,KGLDIDPM_01110,CFOCILDN_01337
tcdA,tcdA,tRNA threonylcarbamoyladenosine dehydratase,MFCJNMFM_01014,JIEPOILB_01014,MHMAIFBA_01011,KGLDIDPM_01013,CFOCILDN_01433
uppP,uppP,Undecaprenyl-diphosphatase,MFCJNMFM_00718,JIEPOILB_00719,MHMAIFBA_00669,KGLDIDPM_00718,CFOCILDN_01724
rplB,rplB,Large ribosomal subunit protein uL2,MFCJNMFM_00444,JIEPOILB_00444,MHMAIFBA_00395,KGLDIDPM_00443,CFOCILDN_04857
cysE,cysE,Serine acetyltransferase,MFCJNMFM_00206,JIEPOILB_00206,MHMAIFBA_00158,KGLDIDPM_00205,CFOCILDN_02852
dapF,dapF,Diaminopimelate epimerase,MFCJNMFM_04912,JIEPOILB_04915,MHMAIFBA_04871,KGLDIDPM_04915,CFOCILDN_04208
sorM,sorM,PTS system sorbose-specific EIID component,MFCJNMFM_04816,JIEPOILB_04820,MHMAIFBA_04778,KGLDIDPM_04820,CFOCILDN_03597
gpdQ,gpdQ,Glycerophosphodiester phosphodiesterase GpdQ,MFCJNMFM_04652,JIEPOILB_04656,MHMAIFBA_04552,KGLDIDPM_04656,CFOCILDN_02897
rhaS_7,rhaS_7,HTH-type transcriptional activator RhaS,MFCJNMFM_04568,JIEPOILB_04572,MHMAIFBA_04632,KGLDIDPM_04572,CFOCILDN_02980
dapD,dapD,2345-tetrahydropyridine-26-dicarboxylate N-succinyltransferase,MFCJNMFM_04150,JIEPOILB_04154,MHMAIFBA_04198,KGLDIDPM_04154,CFOCILDN_01247
chbR,chbR,HTH-type transcriptional regulator ChbR,MFCJNMFM_03046,JIEPOILB_02214,MHMAIFBA_03016,KGLDIDPM_03049,CFOCILDN_00028
rhaS_2,rhaS_2,HTH-type transcriptional activator RhaS,MFCJNMFM_02453,JIEPOILB_02807,MHMAIFBA_02398,KGLDIDPM_02455,CFOCILDN_00621
yeeZ,yeeZ,Protein YeeZ,MFCJNMFM_01805,JIEPOILB_01811,MHMAIFBA_01781,KGLDIDPM_01808,CFOCILDN_04816
gcvA_1,gcvA_1,Glycine cleavage system transcriptional activator,MFCJNMFM_01018,JIEPOILB_01018,MHMAIFBA_01015,KGLDIDPM_01017,CFOCILDN_01429
cbiO,cbiO,Cobalt import ATP-binding protein CbiO,MFCJNMFM_00988,JIEPOILB_00989,MHMAIFBA_01003,KGLDIDPM_00988,CFOCILDN_01456
ureD,ureD,Urease accessory protein UreD,MFCJNMFM_00715,JIEPOILB_00716,MHMAIFBA_00666,KGLDIDPM_00715,CFOCILDN_01727
glpG,glpG,Rhomboid protease GlpG,MFCJNMFM_00370,JIEPOILB_00370,MHMAIFBA_00321,KGLDIDPM_00369,CFOCILDN_02691
djlA,djlA,Co-chaperone protein DjlA,MFCJNMFM_04277,JIEPOILB_04281,MHMAIFBA_04328,KGLDIDPM_04281,CFOCILDN_01120
ssuC_2,ssuC_2,Putative aliphatic sulfonates transport permease protein SsuC,MFCJNMFM_03992,JIEPOILB_03996,MHMAIFBA_04058,KGLDIDPM_03996,CFOCILDN_02648
thiK,thiK,Thiamine kinase,MFCJNMFM_03178,JIEPOILB_02082,MHMAIFBA_03146,KGLDIDPM_03182,CFOCILDN_03381
nadE,nadE,NH(3)-dependent NAD(+) synthetase,MFCJNMFM_03051,JIEPOILB_02209,MHMAIFBA_03021,KGLDIDPM_03054,CFOCILDN_00023
dkgA,dkgA,Methylglyoxal reductase DkgA,MFCJNMFM_00748,JIEPOILB_00749,MHMAIFBA_00699,KGLDIDPM_00748,CFOCILDN_01694
cpdA,cpdA,3'5'-cyclic adenosine monophosphate phosphodiesterase CpdA,MFCJNMFM_00734,JIEPOILB_00735,MHMAIFBA_00685,KGLDIDPM_00734,CFOCILDN_01708
dam_1,dam_1,DNA adenine methylase,MFCJNMFM_00401,JIEPOILB_00401,MHMAIFBA_00352,KGLDIDPM_00400,CFOCILDN_04495
rhaD,rhaD,Rhamnulose-1-phosphate aldolase,MFCJNMFM_05009,JIEPOILB_05012,MHMAIFBA_04967,KGLDIDPM_05012,CFOCILDN_03854
iclR,iclR,Transcriptional repressor IclR,MFCJNMFM_04821,JIEPOILB_04825,MHMAIFBA_04783,KGLDIDPM_04825,CFOCILDN_03602
ftsQ,ftsQ,Cell division protein FtsQ,MFCJNMFM_04232,JIEPOILB_04236,MHMAIFBA_04283,KGLDIDPM_04236,CFOCILDN_01165
aptA,aptA,Apulose-4-phosphate transketolase subunit A,MFCJNMFM_03696,JIEPOILB_03700,MHMAIFBA_03685,KGLDIDPM_03700,CFOCILDN_03635
amiD,amiD,N-acetylmuramoyl-L-alanine amidase AmiD,MFCJNMFM_03379,JIEPOILB_03383,MHMAIFBA_03339,KGLDIDPM_03383,CFOCILDN_02024
efeU,efeU,Ferrous iron permease EfeU,MFCJNMFM_03236,JIEPOILB_02024,MHMAIFBA_03204,KGLDIDPM_03240,CFOCILDN_03439
cobB,cobB,NAD-dependent protein deacylase,MFCJNMFM_03164,JIEPOILB_02096,MHMAIFBA_03132,KGLDIDPM_03168,CFOCILDN_03367
group_565,uup_1,ATP-binding protein Uup,MFCJNMFM_02296,JIEPOILB_02965,MHMAIFBA_02248,KGLDIDPM_02298,CFOCILDN_00777
fkpA,fkpA,FKBP-type peptidyl-prolyl cis-trans isomerase FkpA,MFCJNMFM_00428,JIEPOILB_00428,MHMAIFBA_00379,KGLDIDPM_00427,CFOCILDN_04522
group_561,,hypothetical protein,MFCJNMFM_04759,JIEPOILB_04763,MHMAIFBA_04721,KGLDIDPM_04763,CFOCILDN_03542
frlD,frlD,Fructosamine kinase FrlD,MFCJNMFM_04627,JIEPOILB_04631,MHMAIFBA_04578,KGLDIDPM_04631,CFOCILDN_02922
ddpC_3,ddpC_3,putative DD-dipeptide transport system permease protein DdpC,MFCJNMFM_03716,JIEPOILB_03720,MHMAIFBA_03705,KGLDIDPM_03720,CFOCILDN_03655
group_560,,hypothetical protein,MFCJNMFM_02966,JIEPOILB_02294,MHMAIFBA_02932,KGLDIDPM_02968,CFOCILDN_00108
madC,madC,Malonyl-S-ACP:biotin-protein carboxyltransferase MADC,MFCJNMFM_02794,JIEPOILB_02466,MHMAIFBA_02699,KGLDIDPM_02796,CFOCILDN_00280
ppsR,ppsR,Phosphoenolpyruvate synthase regulatory protein,MFCJNMFM_02177,JIEPOILB_03084,MHMAIFBA_02129,KGLDIDPM_02180,CFOCILDN_00892
group_559,,hypothetical protein,MFCJNMFM_02146,JIEPOILB_03115,MHMAIFBA_02098,KGLDIDPM_02149,CFOCILDN_00923
bglG,bglG,Cryptic beta-glucoside bgl operon antiterminator,MFCJNMFM_01712,JIEPOILB_01712,MHMAIFBA_01678,KGLDIDPM_01709,CFOCILDN_03283
yeiG,yeiG,S-formylglutathione hydrolase YeiG,MFCJNMFM_01699,JIEPOILB_01699,MHMAIFBA_01664,KGLDIDPM_01696,CFOCILDN_03270
cysT,cysT,Sulfate transport system permease protein CysT,MFCJNMFM_01442,JIEPOILB_01443,MHMAIFBA_01483,KGLDIDPM_01440,CFOCILDN_03077
nikC,nikC,Nickel transport system permease protein NikC,MFCJNMFM_00307,JIEPOILB_00307,MHMAIFBA_00259,KGLDIDPM_00306,CFOCILDN_02753
group_558,,hypothetical protein,MFCJNMFM_00029,JIEPOILB_00029,MHMAIFBA_00029,KGLDIDPM_00029,CFOCILDN_03787
group_556,,hypothetical protein,MFCJNMFM_01345,JIEPOILB_01346,MHMAIFBA_01339,KGLDIDPM_01343,CFOCILDN_03173
fdhD,fdhD,Sulfur carrier protein FdhD,MFCJNMFM_05030,JIEPOILB_05033,MHMAIFBA_04988,KGLDIDPM_05033,CFOCILDN_03875
rhaS_9,rhaS_9,HTH-type transcriptional activator RhaS,MFCJNMFM_05006,JIEPOILB_05009,MHMAIFBA_04964,KGLDIDPM_05009,CFOCILDN_03851
dppD_2,dppD_2,Dipeptide transport ATP-binding protein DppD,MFCJNMFM_03717,JIEPOILB_03721,MHMAIFBA_03706,KGLDIDPM_03721,CFOCILDN_03656
group_555,,hypothetical protein,MFCJNMFM_02327,JIEPOILB_02934,MHMAIFBA_02277,KGLDIDPM_02329,CFOCILDN_00746
ydiB_1,ydiB_1,Quinate/shikimate dehydrogenase,MFCJNMFM_02212,JIEPOILB_03049,MHMAIFBA_02165,KGLDIDPM_02215,CFOCILDN_00857
cpo,cpo,Non-heme chloroperoxidase,MFCJNMFM_01831,JIEPOILB_01837,MHMAIFBA_01807,KGLDIDPM_01834,CFOCILDN_02199
group_553,,hypothetical protein,MFCJNMFM_02575,JIEPOILB_02685,MHMAIFBA_02523,KGLDIDPM_02577,CFOCILDN_00499
eutJ,eutJ,Ethanolamine utilization protein EutJ,MFCJNMFM_01425,JIEPOILB_01426,MHMAIFBA_01467,KGLDIDPM_01423,CFOCILDN_03093
srlR_2,srlR_2,Glucitol operon repressor,MFCJNMFM_00632,JIEPOILB_00633,MHMAIFBA_00584,KGLDIDPM_00632,CFOCILDN_01809
fbaA_2,fbaA_2,putative fructose-bisphosphate aldolase,MFCJNMFM_05025,JIEPOILB_05028,MHMAIFBA_04983,KGLDIDPM_05028,CFOCILDN_03870
outC,outC,Type II secretion system protein C,MFCJNMFM_04168,JIEPOILB_04172,MHMAIFBA_04216,KGLDIDPM_04172,CFOCILDN_01229
group_549,,hypothetical protein,MFCJNMFM_04122,JIEPOILB_04126,MHMAIFBA_04170,KGLDIDPM_04126,CFOCILDN_01275
phnC,phnC,Phosphate-import ATP-binding protein PhnC,MFCJNMFM_04016,JIEPOILB_04020,MHMAIFBA_04082,KGLDIDPM_04020,CFOCILDN_02672
group_548,,hypothetical protein,MFCJNMFM_02986,JIEPOILB_02274,MHMAIFBA_02952,KGLDIDPM_02989,CFOCILDN_00088
citG_1,citG_1,2-(5''-triphosphoribosyl)-3'-dephosphocoenzyme-A synthase,MFCJNMFM_02792,JIEPOILB_02468,MHMAIFBA_02697,KGLDIDPM_02794,CFOCILDN_00282
nimR_4,nimR_4,HTH-type transcriptional regulator NimR,MFCJNMFM_02762,JIEPOILB_02498,MHMAIFBA_02665,KGLDIDPM_02764,CFOCILDN_00312
purU,purU,Formyltetrahydrofolate deformylase,MFCJNMFM_02132,JIEPOILB_03129,MHMAIFBA_02084,KGLDIDPM_02135,CFOCILDN_00937
group_546,,hypothetical protein,MFCJNMFM_01358,JIEPOILB_01359,MHMAIFBA_01352,KGLDIDPM_01356,CFOCILDN_03160
rlmJ,rlmJ,Ribosomal RNA large subunit methyltransferase J,MFCJNMFM_00294,JIEPOILB_00294,MHMAIFBA_00246,KGLDIDPM_00293,CFOCILDN_02766
rhaR_5,rhaR_5,HTH-type transcriptional activator RhaR,MFCJNMFM_05005,JIEPOILB_05008,MHMAIFBA_04963,KGLDIDPM_05008,CFOCILDN_03850
araC_1,araC_1,Arabinose operon regulatory protein,MFCJNMFM_04266,JIEPOILB_04270,MHMAIFBA_04317,KGLDIDPM_04270,CFOCILDN_01131
sqwG,sqwG,6-deoxy-6-sulfo-D-fructose transketolase subunit SqwG,MFCJNMFM_03454,JIEPOILB_03458,MHMAIFBA_03461,KGLDIDPM_03458,CFOCILDN_02141
potI,potI,Putrescine transport system permease protein PotI,MFCJNMFM_03392,JIEPOILB_03396,MHMAIFBA_03352,KGLDIDPM_03396,CFOCILDN_02036
gltR_2,gltR_2,HTH-type transcriptional regulator GltR,MFCJNMFM_02693,JIEPOILB_02567,MHMAIFBA_02627,KGLDIDPM_02695,CFOCILDN_00380
nhoA,nhoA,Arylamine N-acetyltransferase,MFCJNMFM_02458,JIEPOILB_02802,MHMAIFBA_02403,KGLDIDPM_02460,CFOCILDN_00616
queF,queF,NADPH-dependent 7-cyano-7-deazaguanine reductase,MFCJNMFM_01042,JIEPOILB_01042,MHMAIFBA_01039,KGLDIDPM_01041,CFOCILDN_01405
ugpE,ugpE,sn-glycerol-3-phosphate transport system permease protein UgpE,MFCJNMFM_00348,JIEPOILB_00348,MHMAIFBA_00299,KGLDIDPM_00347,CFOCILDN_02713
qorB,qorB,Quinone oxidoreductase 2,MFCJNMFM_04569,JIEPOILB_04573,MHMAIFBA_04631,KGLDIDPM_04573,CFOCILDN_02979
apaH,apaH,Bis(5'-nucleosyl)-tetraphosphatase symmetrical,MFCJNMFM_04283,JIEPOILB_04287,MHMAIFBA_04334,KGLDIDPM_04287,CFOCILDN_01114
ddpC_2,ddpC_2,putative DD-dipeptide transport system permease protein DdpC,MFCJNMFM_02485,JIEPOILB_02775,MHMAIFBA_02429,KGLDIDPM_02487,CFOCILDN_00589
prmC,prmC,Release factor glutamine methyltransferase,MFCJNMFM_02105,JIEPOILB_03156,MHMAIFBA_02057,KGLDIDPM_02108,CFOCILDN_02406
murR,murR,HTH-type transcriptional regulator MurR,MFCJNMFM_01325,JIEPOILB_01326,MHMAIFBA_01319,KGLDIDPM_01323,CFOCILDN_03193
mntB_2,mntB_2,Manganese transport system membrane protein MntB,MFCJNMFM_01110,JIEPOILB_01110,MHMAIFBA_01098,KGLDIDPM_01109,CFOCILDN_01338
folP,folP,Dihydropteroate synthase,MFCJNMFM_00587,JIEPOILB_00588,MHMAIFBA_00539,KGLDIDPM_00587,CFOCILDN_01854
murI,murI,Glutamate racemase,MFCJNMFM_04964,JIEPOILB_04967,MHMAIFBA_04922,KGLDIDPM_04967,CFOCILDN_03809
manZ_3,manZ_3,PTS system mannose-specific EIID component,MFCJNMFM_04380,JIEPOILB_04384,MHMAIFBA_04431,KGLDIDPM_04384,CFOCILDN_01019
tsf,tsf,Elongation factor Ts,MFCJNMFM_04146,JIEPOILB_04150,MHMAIFBA_04194,KGLDIDPM_04150,CFOCILDN_01251
tauD,tauD,Alpha-ketoglutarate-dependent taurine dioxygenase,MFCJNMFM_03991,JIEPOILB_03995,MHMAIFBA_04057,KGLDIDPM_03995,CFOCILDN_02647
ganQ,ganQ,Galactooligosaccharides transport system permease protein GanQ,MFCJNMFM_03875,JIEPOILB_03879,MHMAIFBA_03941,KGLDIDPM_03879,CFOCILDN_02532
tcyJ_4,tcyJ_4,L-cystine-binding protein TcyJ,MFCJNMFM_03724,JIEPOILB_03728,MHMAIFBA_03713,KGLDIDPM_03728,CFOCILDN_03663
entB,entB,Enterobactin synthase component B,MFCJNMFM_03682,JIEPOILB_03686,MHMAIFBA_03671,KGLDIDPM_03686,CFOCILDN_03621
group_541,,hypothetical protein,MFCJNMFM_02495,JIEPOILB_02765,MHMAIFBA_02439,KGLDIDPM_02497,CFOCILDN_00579
ispE,ispE,4-diphosphocytidyl-2-C-methyl-D-erythritol kinase,MFCJNMFM_02101,JIEPOILB_03160,MHMAIFBA_02053,KGLDIDPM_02104,CFOCILDN_02402
manZ_1,manZ_1,PTS system mannose-specific EIID component,MFCJNMFM_02017,JIEPOILB_03244,MHMAIFBA_01952,KGLDIDPM_02020,CFOCILDN_02318
glpF_1,glpF_1,Glycerol uptake facilitator protein,MFCJNMFM_00100,JIEPOILB_00099,MHMAIFBA_00099,KGLDIDPM_00099,CFOCILDN_04350
ftsN,ftsN,Cell division protein FtsN,MFCJNMFM_04992,JIEPOILB_04995,MHMAIFBA_04950,KGLDIDPM_04995,CFOCILDN_03837
ulaE,ulaE,L-ribulose-5-phosphate 3-epimerase UlaE,MFCJNMFM_04555,JIEPOILB_04559,MHMAIFBA_04645,KGLDIDPM_04559,CFOCILDN_02993
ampE,ampE,Protein AmpE,MFCJNMFM_04216,JIEPOILB_04220,MHMAIFBA_04267,KGLDIDPM_04220,CFOCILDN_01181
panC,panC,Pantothenate synthetase,MFCJNMFM_04189,JIEPOILB_04193,MHMAIFBA_04237,KGLDIDPM_04193,CFOCILDN_01208
cnoX,cnoX,Chaperedoxin,MFCJNMFM_03834,JIEPOILB_03838,MHMAIFBA_03900,KGLDIDPM_03838,CFOCILDN_02491
manZ_2,manZ_2,PTS system mannose-specific EIID component,MFCJNMFM_03744,JIEPOILB_03748,MHMAIFBA_03735,KGLDIDPM_03748,CFOCILDN_03682
yeaE,yeaE,Methylglyoxal reductase YeaE,MFCJNMFM_03086,JIEPOILB_02174,MHMAIFBA_03064,KGLDIDPM_03090,CFOCILDN_04320
dsdC_2,dsdC_2,HTH-type transcriptional regulator DsdC,MFCJNMFM_02975,JIEPOILB_02285,MHMAIFBA_02941,KGLDIDPM_02977,CFOCILDN_00099
kdsA,kdsA,2-dehydro-3-deoxyphosphooctonate aldolase,MFCJNMFM_02108,JIEPOILB_03153,MHMAIFBA_02060,KGLDIDPM_02111,CFOCILDN_02409
nfo,nfo,Endonuclease 4,MFCJNMFM_01694,JIEPOILB_01694,MHMAIFBA_01659,KGLDIDPM_01691,CFOCILDN_03265
mntB_1,mntB_1,Manganese transport system membrane protein MntB,MFCJNMFM_01109,JIEPOILB_01109,MHMAIFBA_01097,KGLDIDPM_01108,CFOCILDN_01339
gatY,gatY,D-tagatose-16-bisphosphate aldolase subunit GatY,MFCJNMFM_00631,JIEPOILB_00632,MHMAIFBA_00583,KGLDIDPM_00631,CFOCILDN_01810
rapZ,rapZ,RNase adapter protein RapZ,MFCJNMFM_00559,JIEPOILB_00560,MHMAIFBA_00511,KGLDIDPM_00559,CFOCILDN_01882
rpoH,rpoH,RNA polymerase sigma factor RpoH,MFCJNMFM_00332,JIEPOILB_00332,MHMAIFBA_00284,KGLDIDPM_00331,CFOCILDN_02728
group_538,,hypothetical protein,MFCJNMFM_00080,JIEPOILB_00080,MHMAIFBA_00080,KGLDIDPM_00080,CFOCILDN_04369
group_535,,hypothetical protein,MFCJNMFM_04758,JIEPOILB_04762,MHMAIFBA_04720,KGLDIDPM_04762,CFOCILDN_03541
hexR_4,hexR_4,HTH-type transcriptional regulator HexR,MFCJNMFM_04644,JIEPOILB_04648,MHMAIFBA_04560,KGLDIDPM_04648,CFOCILDN_02905
hpcB,hpcB,34-dihydroxyphenylacetate 23-dioxygenase,MFCJNMFM_04407,JIEPOILB_04411,MHMAIFBA_04456,KGLDIDPM_04411,CFOCILDN_00992
focA,focA,Formate channel FocA,MFCJNMFM_03347,JIEPOILB_03351,MHMAIFBA_03307,KGLDIDPM_03351,CFOCILDN_01992
potB,potB,Spermidine/putrescine transport system permease protein PotB,MFCJNMFM_03149,JIEPOILB_02111,MHMAIFBA_03126,KGLDIDPM_03153,CFOCILDN_04258
dmsC_1,dmsC_1,Anaerobic dimethyl sulfoxide reductase chain C,MFCJNMFM_02777,JIEPOILB_02483,MHMAIFBA_02681,KGLDIDPM_02779,CFOCILDN_00297
menB,menB,14-dihydroxy-2-naphthoyl-CoA synthase,MFCJNMFM_01630,JIEPOILB_01631,MHMAIFBA_01595,KGLDIDPM_01628,CFOCILDN_04104
sseA,sseA,3-mercaptopyruvate sulfurtransferase,MFCJNMFM_01359,JIEPOILB_01360,MHMAIFBA_01353,KGLDIDPM_01357,CFOCILDN_03159
mscS,mscS,Small-conductance mechanosensitive channel,MFCJNMFM_00819,JIEPOILB_00820,MHMAIFBA_00836,KGLDIDPM_00819,CFOCILDN_01622
group_530,,hypothetical protein,MFCJNMFM_05041,JIEPOILB_05044,MHMAIFBA_04999,KGLDIDPM_05044,CFOCILDN_03886
pldA,pldA,Phospholipase A1,MFCJNMFM_04904,JIEPOILB_04907,MHMAIFBA_04863,KGLDIDPM_04907,CFOCILDN_04200
speE,speE,Polyamine aminopropyltransferase,MFCJNMFM_04202,JIEPOILB_04206,MHMAIFBA_04253,KGLDIDPM_04206,CFOCILDN_01195
group_529,,putative protein,MFCJNMFM_04083,JIEPOILB_04087,MHMAIFBA_04133,KGLDIDPM_04087,CFOCILDN_04026
fba,fba,Fructose-bisphosphate aldolase,MFCJNMFM_03955,JIEPOILB_03959,MHMAIFBA_04021,KGLDIDPM_03959,CFOCILDN_02612
group_528,,hypothetical protein,MFCJNMFM_03230,JIEPOILB_02030,MHMAIFBA_03197,KGLDIDPM_03234,CFOCILDN_03433
pdxY,pdxY,Pyridoxal kinase PdxY,MFCJNMFM_02363,JIEPOILB_02898,MHMAIFBA_02312,KGLDIDPM_02365,CFOCILDN_00710
allS,allS,HTH-type transcriptional activator AllS,MFCJNMFM_00310,JIEPOILB_00310,MHMAIFBA_00262,KGLDIDPM_00309,CFOCILDN_02750
phnU,phnU,Putative 2-aminoethylphosphonate transport system permease protein PhnU,MFCJNMFM_00048,JIEPOILB_00048,MHMAIFBA_00048,KGLDIDPM_00048,CFOCILDN_03806
atpG,atpG,ATP synthase gamma chain,MFCJNMFM_05083,JIEPOILB_05086,MHMAIFBA_05040,KGLDIDPM_05086,CFOCILDN_03736
group_524,,hypothetical protein,MFCJNMFM_04499,JIEPOILB_04503,MHMAIFBA_04699,KGLDIDPM_04503,CFOCILDN_03047
hexR_2,hexR_2,HTH-type transcriptional regulator HexR,MFCJNMFM_04387,JIEPOILB_04391,MHMAIFBA_04442,KGLDIDPM_04391,CFOCILDN_01012
aroE_2,aroE_2,Shikimate dehydrogenase (NADP(+)),MFCJNMFM_04254,JIEPOILB_04258,MHMAIFBA_04305,KGLDIDPM_04258,CFOCILDN_01143
tesB,tesB,Acyl-CoA thioesterase 2,MFCJNMFM_03889,JIEPOILB_03893,MHMAIFBA_03955,KGLDIDPM_03893,CFOCILDN_02546
dmsC_2,dmsC_2,Anaerobic dimethyl sulfoxide reductase chain C,MFCJNMFM_03351,JIEPOILB_03355,MHMAIFBA_03311,KGLDIDPM_03355,CFOCILDN_01996
cho,cho,Excinuclease cho,MFCJNMFM_03052,JIEPOILB_02208,MHMAIFBA_03022,KGLDIDPM_03055,CFOCILDN_00022
rnm,rnm,5'-3' exoribonuclease Rnm,MFCJNMFM_03019,JIEPOILB_02241,MHMAIFBA_02985,KGLDIDPM_03022,CFOCILDN_00055
oppD_1,oppD_1,Oligopeptide transport ATP-binding protein OppD,MFCJNMFM_01756,JIEPOILB_01755,MHMAIFBA_01721,KGLDIDPM_01752,CFOCILDN_03326
mntB_5,mntB_5,Manganese transport system membrane protein MntB,MFCJNMFM_01157,JIEPOILB_01157,MHMAIFBA_01145,KGLDIDPM_01156,CFOCILDN_01291
rsmI,rsmI,Ribosomal RNA small subunit methyltransferase I,MFCJNMFM_00620,JIEPOILB_00621,MHMAIFBA_00572,KGLDIDPM_00620,CFOCILDN_01821
yicC,yicC,Endoribonuclease YicC,MFCJNMFM_00168,JIEPOILB_00168,MHMAIFBA_00119,KGLDIDPM_00167,CFOCILDN_02891
group_522,,hypothetical protein,MFCJNMFM_00061,JIEPOILB_00061,MHMAIFBA_00062,KGLDIDPM_00061,CFOCILDN_04388
ubiA,ubiA,4-hydroxybenzoate octaprenyltransferase,MFCJNMFM_04789,JIEPOILB_04793,MHMAIFBA_04752,KGLDIDPM_04793,CFOCILDN_03572
folD,folD,Bifunctional protein FolD protein,MFCJNMFM_03821,JIEPOILB_03825,MHMAIFBA_03886,KGLDIDPM_03825,CFOCILDN_02477
group_519,,hypothetical protein,MFCJNMFM_03808,JIEPOILB_03812,MHMAIFBA_03804,KGLDIDPM_03812,CFOCILDN_02464
group_518,,hypothetical protein,MFCJNMFM_03749,JIEPOILB_03753,MHMAIFBA_03740,KGLDIDPM_03753,CFOCILDN_03687
group_517,,hypothetical protein,MFCJNMFM_02922,JIEPOILB_02338,MHMAIFBA_02827,KGLDIDPM_02924,CFOCILDN_00152
mhpC,mhpC,2-hydroxy-6-oxononadienedioate/2-hydroxy-6-oxononatrienedioate hydrolase,MFCJNMFM_02220,JIEPOILB_03041,MHMAIFBA_02173,KGLDIDPM_02223,CFOCILDN_00849
yeiE,yeiE,putative HTH-type transcriptional regulator YeiE,MFCJNMFM_01696,JIEPOILB_01696,MHMAIFBA_01661,KGLDIDPM_01693,CFOCILDN_03267
pdxK,pdxK,Pyridoxine/pyridoxal/pyridoxamine kinase,MFCJNMFM_01448,JIEPOILB_01449,MHMAIFBA_01489,KGLDIDPM_01446,CFOCILDN_03071
yghU,yghU,Disulfide-bond oxidoreductase YghU,MFCJNMFM_00760,JIEPOILB_00761,MHMAIFBA_00711,KGLDIDPM_00760,CFOCILDN_01682
group_516,,hypothetical protein,MFCJNMFM_04692,JIEPOILB_04696,MHMAIFBA_04527,KGLDIDPM_04696,CFOCILDN_04670
rob_2,rob_2,Transcriptional regulator Rob,MFCJNMFM_04334,JIEPOILB_04338,MHMAIFBA_04385,KGLDIDPM_04338,CFOCILDN_01063
citE,citE,Citrate lyase subunit beta,MFCJNMFM_04293,JIEPOILB_04297,MHMAIFBA_04344,KGLDIDPM_04297,CFOCILDN_01104
group_515,,hypothetical protein,MFCJNMFM_04022,JIEPOILB_04026,MHMAIFBA_04088,KGLDIDPM_04026,CFOCILDN_04087
sucD,sucD,Succinate--CoA ligase [ADP-forming] subunit alpha,MFCJNMFM_03608,JIEPOILB_03612,MHMAIFBA_03547,KGLDIDPM_03612,CFOCILDN_04624
ytbE,ytbE,putative oxidoreductase YtbE,MFCJNMFM_02962,JIEPOILB_02298,MHMAIFBA_02928,KGLDIDPM_02964,CFOCILDN_00112
group_514,,hypothetical protein,MFCJNMFM_02510,JIEPOILB_02750,MHMAIFBA_02455,KGLDIDPM_02512,CFOCILDN_00564
rhaR_1,rhaR_1,HTH-type transcriptional activator RhaR,MFCJNMFM_02400,JIEPOILB_02861,MHMAIFBA_02349,KGLDIDPM_02402,CFOCILDN_00673
yebZ,yebZ,Inner membrane protein YebZ,MFCJNMFM_01993,JIEPOILB_03267,MHMAIFBA_01929,KGLDIDPM_01996,CFOCILDN_02295
aceR,aceR,HTH-type transcriptional regulator AceR,MFCJNMFM_00902,JIEPOILB_00903,MHMAIFBA_00919,KGLDIDPM_00902,CFOCILDN_01540
group_513,,putative HTH-type transcriptional regulator,MFCJNMFM_00742,JIEPOILB_00743,MHMAIFBA_00693,KGLDIDPM_00742,CFOCILDN_01700
cfxP,cfxP,Phosphoribulokinase plasmid,MFCJNMFM_00419,JIEPOILB_00419,MHMAIFBA_00370,KGLDIDPM_00418,CFOCILDN_04513
ugpA_2,ugpA_2,sn-glycerol-3-phosphate transport system permease protein UgpA,MFCJNMFM_04654,JIEPOILB_04658,MHMAIFBA_04550,KGLDIDPM_04658,CFOCILDN_02895
group_511,,hypothetical protein,MFCJNMFM_04018,JIEPOILB_04022,MHMAIFBA_04084,KGLDIDPM_04022,CFOCILDN_02674
group_510,,hypothetical protein,MFCJNMFM_02617,JIEPOILB_02643,MHMAIFBA_02550,KGLDIDPM_02619,CFOCILDN_00457
mepH,mepH,Murein DD-endopeptidase MepH,MFCJNMFM_02344,JIEPOILB_02917,MHMAIFBA_02293,KGLDIDPM_02346,CFOCILDN_00729
benM,benM,HTH-type transcriptional regulator BenM,MFCJNMFM_02284,JIEPOILB_02977,MHMAIFBA_02235,KGLDIDPM_02286,CFOCILDN_00789
group_509,,putative ketoamine kinase,MFCJNMFM_02153,JIEPOILB_03108,MHMAIFBA_02105,KGLDIDPM_02156,CFOCILDN_00916
amiA,amiA,N-acetylmuramoyl-L-alanine amidase AmiA,MFCJNMFM_01436,JIEPOILB_01437,MHMAIFBA_01477,KGLDIDPM_01434,CFOCILDN_03083
group_507,,6-deoxy-6-sulfogluconolactonase,MFCJNMFM_01227,JIEPOILB_01227,MHMAIFBA_01283,KGLDIDPM_01225,CFOCILDN_03991
hypB,hypB,Hydrogenase maturation factor HypB,MFCJNMFM_01126,JIEPOILB_01126,MHMAIFBA_01114,KGLDIDPM_01125,CFOCILDN_01322
rluF,rluF,Dual-specificity RNA pseudouridine synthase RluF,MFCJNMFM_04810,JIEPOILB_04814,MHMAIFBA_04772,KGLDIDPM_04814,CFOCILDN_03591
ykwC,ykwC,putative oxidoreductase YkwC,MFCJNMFM_02653,JIEPOILB_02607,MHMAIFBA_02587,KGLDIDPM_02655,CFOCILDN_00420
glnQ_1,glnQ_1,Glutamine transport ATP-binding protein GlnQ,MFCJNMFM_02065,JIEPOILB_03196,MHMAIFBA_01999,KGLDIDPM_02068,CFOCILDN_02366
cysW,cysW,Sulfate transport system permease protein CysW,MFCJNMFM_01443,JIEPOILB_01444,MHMAIFBA_01484,KGLDIDPM_01441,CFOCILDN_03076
group_504,,hypothetical protein,MFCJNMFM_01404,JIEPOILB_01405,MHMAIFBA_01446,KGLDIDPM_01402,CFOCILDN_03114
lgt,lgt,Phosphatidylglycerol--prolipoprotein diacylglyceryl transferase,MFCJNMFM_00934,JIEPOILB_00935,MHMAIFBA_00951,KGLDIDPM_00934,CFOCILDN_01508
group_503,yqhC_2,HTH-type transcriptional regulator YqhC,MFCJNMFM_02927,JIEPOILB_02333,MHMAIFBA_02832,KGLDIDPM_02929,CFOCILDN_00147
gltR_3,gltR_3,HTH-type transcriptional regulator GltR,MFCJNMFM_02713,JIEPOILB_02547,MHMAIFBA_02646,KGLDIDPM_02715,CFOCILDN_00361
xylC,xylC,D-xylonolactone lactonase,MFCJNMFM_02649,JIEPOILB_02611,MHMAIFBA_02583,KGLDIDPM_02651,CFOCILDN_00424
group_502,,hypothetical protein,MFCJNMFM_02444,JIEPOILB_02816,MHMAIFBA_02392,KGLDIDPM_02446,CFOCILDN_00630
dapA_1,dapA_1,4-hydroxy-tetrahydrodipicolinate synthase,MFCJNMFM_01401,JIEPOILB_01402,MHMAIFBA_01443,KGLDIDPM_01399,CFOCILDN_03117
nadK,nadK,NAD kinase,MFCJNMFM_01211,JIEPOILB_01211,MHMAIFBA_01267,KGLDIDPM_01209,CFOCILDN_03975
group_501,,hypothetical protein,MFCJNMFM_01035,JIEPOILB_01035,MHMAIFBA_01032,KGLDIDPM_01034,CFOCILDN_01412
pdxI,pdxI,Pyridoxine 4-dehydrogenase,MFCJNMFM_00899,JIEPOILB_00900,MHMAIFBA_00916,KGLDIDPM_00899,CFOCILDN_01543
ubiV,ubiV,Ubiquinone biosynthesis protein UbiV,MFCJNMFM_00607,JIEPOILB_00608,MHMAIFBA_00559,KGLDIDPM_00607,CFOCILDN_01834
hslO,hslO,33 kDa chaperonin,MFCJNMFM_00388,JIEPOILB_00388,MHMAIFBA_00339,KGLDIDPM_00387,CFOCILDN_04482
dgoK_1,dgoK_1,2-dehydro-3-deoxygalactonokinase,MFCJNMFM_00009,JIEPOILB_00009,MHMAIFBA_00009,KGLDIDPM_00009,CFOCILDN_03767
yijE,yijE,putative cystine transporter YijE,MFCJNMFM_04980,JIEPOILB_04983,MHMAIFBA_04938,KGLDIDPM_04983,CFOCILDN_03825
rffH,rffH,Glucose-1-phosphate thymidylyltransferase 2,MFCJNMFM_04931,JIEPOILB_04934,MHMAIFBA_04890,KGLDIDPM_04934,CFOCILDN_04227
rhaR_3,rhaR_3,HTH-type transcriptional activator RhaR,MFCJNMFM_04369,JIEPOILB_04373,MHMAIFBA_04420,KGLDIDPM_04373,CFOCILDN_01030
gluQ,gluQ,Glutamyl-Q tRNA(Asp) synthetase,MFCJNMFM_04185,JIEPOILB_04189,MHMAIFBA_04233,KGLDIDPM_04189,CFOCILDN_01212
cmpR_1,cmpR_1,HTH-type transcriptional activator CmpR,MFCJNMFM_04097,JIEPOILB_04101,MHMAIFBA_04147,KGLDIDPM_04101,CFOCILDN_04012
crgA_4,crgA_4,HTH-type transcriptional regulator CrgA,MFCJNMFM_03093,JIEPOILB_02167,MHMAIFBA_03071,KGLDIDPM_03097,CFOCILDN_04313
oxyR_2,oxyR_2,DNA-binding transcriptional dual regulator OxyR,MFCJNMFM_02515,JIEPOILB_02745,MHMAIFBA_02460,KGLDIDPM_02517,CFOCILDN_00559
crnA,crnA,Creatinine amidohydrolase,MFCJNMFM_02298,JIEPOILB_02963,MHMAIFBA_02250,KGLDIDPM_02300,CFOCILDN_00775
dapA_2,dapA_2,4-hydroxy-tetrahydrodipicolinate synthase,MFCJNMFM_01878,JIEPOILB_01884,MHMAIFBA_01880,KGLDIDPM_01881,CFOCILDN_02246
group_499,,hypothetical protein,MFCJNMFM_01483,JIEPOILB_01484,MHMAIFBA_01524,KGLDIDPM_01481,CFOCILDN_04561
prmA,prmA,Ribosomal protein L11 methyltransferase,MFCJNMFM_00515,JIEPOILB_00516,MHMAIFBA_00466,KGLDIDPM_00515,CFOCILDN_01926
group_498,,hypothetical protein,MFCJNMFM_04648,JIEPOILB_04652,MHMAIFBA_04556,KGLDIDPM_04652,CFOCILDN_02901
phnE_1,phnE_1,Phosphate-import permease protein PhnE,MFCJNMFM_04019,JIEPOILB_04023,MHMAIFBA_04085,KGLDIDPM_04023,CFOCILDN_02675
tsx,tsx,Nucleoside-specific channel-forming protein Tsx,MFCJNMFM_03941,JIEPOILB_03945,MHMAIFBA_04007,KGLDIDPM_03945,CFOCILDN_02598
yeaD,yeaD,Putative glucose-6-phosphate 1-epimerase,MFCJNMFM_03085,JIEPOILB_02175,MHMAIFBA_03063,KGLDIDPM_03089,CFOCILDN_04321
pgrR_5,pgrR_5,HTH-type transcriptional regulator PgrR,MFCJNMFM_02965,JIEPOILB_02295,MHMAIFBA_02931,KGLDIDPM_02967,CFOCILDN_00109
dapA_3,dapA_3,4-hydroxy-tetrahydrodipicolinate synthase,MFCJNMFM_02720,JIEPOILB_02540,MHMAIFBA_02653,KGLDIDPM_02722,CFOCILDN_00354
cynR_5,cynR_5,HTH-type transcriptional regulator CynR,MFCJNMFM_02654,JIEPOILB_02606,MHMAIFBA_02588,KGLDIDPM_02656,CFOCILDN_00419
fdnH,fdnH,Formate dehydrogenase nitrate-inducible iron-sulfur subunit,MFCJNMFM_02477,JIEPOILB_02783,MHMAIFBA_02421,KGLDIDPM_02479,CFOCILDN_00597
gcvA_3,gcvA_3,Glycine cleavage system transcriptional activator,MFCJNMFM_02329,JIEPOILB_02932,MHMAIFBA_02279,KGLDIDPM_02331,CFOCILDN_00744
group_497,,hypothetical protein,MFCJNMFM_02277,JIEPOILB_02984,MHMAIFBA_02228,KGLDIDPM_02280,CFOCILDN_00795
cmpB,cmpB,Bicarbonate transport system permease protein CmpB,MFCJNMFM_02116,JIEPOILB_03145,MHMAIFBA_02068,KGLDIDPM_02119,CFOCILDN_02417
htpX_1,htpX_1,Protease HtpX,MFCJNMFM_02006,JIEPOILB_03254,MHMAIFBA_01942,KGLDIDPM_02009,CFOCILDN_02308
cdd,cdd,Cytidine deaminase,MFCJNMFM_01707,JIEPOILB_01707,MHMAIFBA_01673,KGLDIDPM_01704,CFOCILDN_03278
nlpI,nlpI,Lipoprotein NlpI,MFCJNMFM_00603,JIEPOILB_00604,MHMAIFBA_00555,KGLDIDPM_00603,CFOCILDN_01838
metF,metF,510-methylenetetrahydrofolate reductase,MFCJNMFM_04981,JIEPOILB_04984,MHMAIFBA_04939,KGLDIDPM_04984,CFOCILDN_03826
ngcG,ngcG,Diacetylchitobiose uptake system permease protein NgcG,MFCJNMFM_04653,JIEPOILB_04657,MHMAIFBA_04551,KGLDIDPM_04657,CFOCILDN_02896
cyoE,cyoE,Protoheme IX farnesyltransferase,MFCJNMFM_03914,JIEPOILB_03918,MHMAIFBA_03980,KGLDIDPM_03918,CFOCILDN_02571
rhtA,rhtA,Threonine/homoserine exporter RhtA,MFCJNMFM_03439,JIEPOILB_03443,MHMAIFBA_03446,KGLDIDPM_03443,CFOCILDN_02126
CatBsu,CatBsu,Manganese catalase,MFCJNMFM_03126,JIEPOILB_02134,MHMAIFBA_03104,KGLDIDPM_03130,CFOCILDN_04280
pgrR_2,pgrR_2,HTH-type transcriptional regulator PgrR,MFCJNMFM_02435,JIEPOILB_02825,MHMAIFBA_02383,KGLDIDPM_02437,CFOCILDN_00639
hexR_1,hexR_1,HTH-type transcriptional regulator HexR,MFCJNMFM_01982,JIEPOILB_03278,MHMAIFBA_01918,KGLDIDPM_01985,CFOCILDN_02284
group_493,,hypothetical protein,MFCJNMFM_01672,JIEPOILB_01672,MHMAIFBA_01637,KGLDIDPM_01669,CFOCILDN_03243
yofA,yofA,HTH-type transcriptional regulator YofA,MFCJNMFM_01382,JIEPOILB_01383,MHMAIFBA_01425,KGLDIDPM_01380,CFOCILDN_03136
tsaR_1,tsaR_1,HTH-type transcriptional regulator TsaR,MFCJNMFM_01107,JIEPOILB_01107,MHMAIFBA_01095,KGLDIDPM_01106,CFOCILDN_01341
ptxR_1,ptxR_1,HTH-type transcriptional regulator PtxR,MFCJNMFM_01079,JIEPOILB_01079,MHMAIFBA_01077,KGLDIDPM_01078,CFOCILDN_01368
group_492,,hypothetical protein,MFCJNMFM_00758,JIEPOILB_00759,MHMAIFBA_00709,KGLDIDPM_00758,CFOCILDN_01684
lsrF_1,lsrF_1,3-hydroxy-5-phosphonooxypentane-24-dione thiolase,MFCJNMFM_00674,JIEPOILB_00675,MHMAIFBA_00625,KGLDIDPM_00674,CFOCILDN_01767
ugpA_1,ugpA_1,sn-glycerol-3-phosphate transport system permease protein UgpA,MFCJNMFM_00347,JIEPOILB_00347,MHMAIFBA_00298,KGLDIDPM_00346,CFOCILDN_02714
pstA,pstA,Phosphate transport system permease protein PstA,MFCJNMFM_05090,JIEPOILB_05093,MHMAIFBA_05047,KGLDIDPM_05093,CFOCILDN_03743
rbsB_5,rbsB_5,Ribose import binding protein RbsB,MFCJNMFM_05065,JIEPOILB_05068,MHMAIFBA_05022,KGLDIDPM_05068,CFOCILDN_03718
oxyR_4,oxyR_4,DNA-binding transcriptional dual regulator OxyR,MFCJNMFM_04948,JIEPOILB_04951,MHMAIFBA_04908,KGLDIDPM_04951,CFOCILDN_04244
malG,malG,Maltose/maltodextrin transport system permease protein MalG,MFCJNMFM_04798,JIEPOILB_04802,MHMAIFBA_04759,KGLDIDPM_04802,CFOCILDN_03579
rhaR_4,rhaR_4,HTH-type transcriptional activator RhaR,MFCJNMFM_04412,JIEPOILB_04416,MHMAIFBA_04461,KGLDIDPM_04416,CFOCILDN_00987
fhuD,fhuD,Iron(3+)-hydroxamate-binding protein FhuD,MFCJNMFM_04162,JIEPOILB_04166,MHMAIFBA_04210,KGLDIDPM_04166,CFOCILDN_01235
gltC_2,gltC_2,Transcriptional dual regulator GltC,MFCJNMFM_03118,JIEPOILB_02142,MHMAIFBA_03096,KGLDIDPM_03122,CFOCILDN_04288
sapC,sapC,Peptide transport system permease protein SapC,MFCJNMFM_02990,JIEPOILB_02270,MHMAIFBA_02956,KGLDIDPM_02993,CFOCILDN_00084
group_490,,2-dehydropantoate 2-reductase,MFCJNMFM_02890,JIEPOILB_02370,MHMAIFBA_02795,KGLDIDPM_02892,CFOCILDN_00184
cynR_4,cynR_4,HTH-type transcriptional regulator CynR,MFCJNMFM_02291,JIEPOILB_02970,MHMAIFBA_02242,KGLDIDPM_02293,CFOCILDN_00782
yhaJ_2,yhaJ_2,HTH-type transcriptional regulator YhaJ,MFCJNMFM_01806,JIEPOILB_01812,MHMAIFBA_01782,KGLDIDPM_01809,CFOCILDN_04817
lacF,lacF,Lactose transport system permease protein LacF,MFCJNMFM_00915,JIEPOILB_00916,MHMAIFBA_00932,KGLDIDPM_00915,CFOCILDN_01527
garR,garR,2-hydroxy-3-oxopropionate reductase,MFCJNMFM_00638,JIEPOILB_00639,MHMAIFBA_00590,KGLDIDPM_00638,CFOCILDN_01803
rarD,rarD,Protein RarD,MFCJNMFM_04906,JIEPOILB_04909,MHMAIFBA_04865,KGLDIDPM_04909,CFOCILDN_04202
nadC,nadC,Nicotinate-nucleotide pyrophosphorylase [carboxylating],MFCJNMFM_04218,JIEPOILB_04222,MHMAIFBA_04269,KGLDIDPM_04222,CFOCILDN_01179
gcvA_5,gcvA_5,Glycine cleavage system transcriptional activator,MFCJNMFM_03706,JIEPOILB_03710,MHMAIFBA_03695,KGLDIDPM_03710,CFOCILDN_03645
group_484,,hypothetical protein,MFCJNMFM_03333,JIEPOILB_03337,MHMAIFBA_03293,KGLDIDPM_03337,CFOCILDN_01978
group_483,,HTH-type transcriptional regulator,MFCJNMFM_02496,JIEPOILB_02764,MHMAIFBA_02440,KGLDIDPM_02498,CFOCILDN_00578
gltC_1,gltC_1,Transcriptional dual regulator GltC,MFCJNMFM_02228,JIEPOILB_03033,MHMAIFBA_02181,KGLDIDPM_02231,CFOCILDN_00841
yjiE_1,yjiE_1,HTH-type transcriptional regulator YjiE,MFCJNMFM_02067,JIEPOILB_03194,MHMAIFBA_02001,KGLDIDPM_02070,CFOCILDN_02368
group_482,,Epimerase family protein,MFCJNMFM_01597,JIEPOILB_01598,MHMAIFBA_01562,KGLDIDPM_01595,CFOCILDN_04137
bglK,bglK,Beta-glucoside kinase,MFCJNMFM_01389,JIEPOILB_01390,MHMAIFBA_01432,KGLDIDPM_01387,CFOCILDN_03129
argP_1,argP_1,HTH-type transcriptional regulator ArgP,MFCJNMFM_00822,JIEPOILB_00823,MHMAIFBA_00839,KGLDIDPM_00822,CFOCILDN_01619
nhaR,nhaR,Transcriptional activator protein NhaR,MFCJNMFM_04312,JIEPOILB_04316,MHMAIFBA_04363,KGLDIDPM_04316,CFOCILDN_01085
gltC_3,gltC_3,Transcriptional dual regulator GltC,MFCJNMFM_04257,JIEPOILB_04261,MHMAIFBA_04308,KGLDIDPM_04261,CFOCILDN_01140
ybdO_2,ybdO_2,putative HTH-type transcriptional regulator YbdO,MFCJNMFM_03532,JIEPOILB_03536,MHMAIFBA_03621,KGLDIDPM_03536,CFOCILDN_04436
gcvA_4,gcvA_4,Glycine cleavage system transcriptional activator,MFCJNMFM_03016,JIEPOILB_02244,MHMAIFBA_02982,KGLDIDPM_03019,CFOCILDN_00058
group_479,crgA_3,HTH-type transcriptional regulator CrgA,MFCJNMFM_02583,JIEPOILB_02677,MHMAIFBA_02531,KGLDIDPM_02585,CFOCILDN_00491
group_478,,hypothetical protein,MFCJNMFM_02399,JIEPOILB_02862,MHMAIFBA_02348,KGLDIDPM_02401,CFOCILDN_00674
aaeA_2,aaeA_2,p-hydroxybenzoic acid efflux pump subunit AaeA,MFCJNMFM_02354,JIEPOILB_02907,MHMAIFBA_02303,KGLDIDPM_02356,CFOCILDN_00719
ydhF,ydhF,Oxidoreductase YdhF,MFCJNMFM_02351,JIEPOILB_02910,MHMAIFBA_02300,KGLDIDPM_02353,CFOCILDN_00722
group_477,,hypothetical protein,MFCJNMFM_02128,JIEPOILB_03133,MHMAIFBA_02080,KGLDIDPM_02131,CFOCILDN_02429
galF,galF,UTP--glucose-1-phosphate uridylyltransferase,MFCJNMFM_01777,JIEPOILB_01776,MHMAIFBA_01742,KGLDIDPM_01773,CFOCILDN_03347
yegS,yegS,putative lipid kinase YegS,MFCJNMFM_01758,JIEPOILB_01757,MHMAIFBA_01723,KGLDIDPM_01754,CFOCILDN_03328
group_475,,hypothetical protein,MFCJNMFM_00888,JIEPOILB_00889,MHMAIFBA_00904,KGLDIDPM_00888,CFOCILDN_01553
xerD,xerD,Tyrosine recombinase XerD,MFCJNMFM_00847,JIEPOILB_00848,MHMAIFBA_00864,KGLDIDPM_00847,CFOCILDN_01594
yhaJ_1,yhaJ_1,HTH-type transcriptional regulator YhaJ,MFCJNMFM_00645,JIEPOILB_00646,MHMAIFBA_00596,KGLDIDPM_00645,CFOCILDN_01796
yihG,yihG,1-acylglycerol-3-phosphate O-acyltransferase YihG,MFCJNMFM_05051,JIEPOILB_05054,MHMAIFBA_05009,KGLDIDPM_05054,CFOCILDN_03896
bioP,bioP,Biotin transporter,MFCJNMFM_04897,JIEPOILB_04900,MHMAIFBA_04856,KGLDIDPM_04900,CFOCILDN_04193
iolE_4,iolE_4,Inosose dehydratase,MFCJNMFM_04649,JIEPOILB_04653,MHMAIFBA_04555,KGLDIDPM_04653,CFOCILDN_02900
livH_3,livH_3,High-affinity branched-chain amino acid transport system permease protein LivH,MFCJNMFM_04001,JIEPOILB_04005,MHMAIFBA_04067,KGLDIDPM_04005,CFOCILDN_02657
ispA,ispA,Farnesyl diphosphate synthase,MFCJNMFM_03931,JIEPOILB_03935,MHMAIFBA_03997,KGLDIDPM_03935,CFOCILDN_02588
group_472,,ISNCY family transposase ISSen7,MFCJNMFM_03857,JIEPOILB_03861,MHMAIFBA_03923,KGLDIDPM_03861,CFOCILDN_02514
iseH,iseH,Isethionate sulfite-lyase activating enzyme,MFCJNMFM_03422,JIEPOILB_03426,MHMAIFBA_03429,KGLDIDPM_03426,CFOCILDN_02109
lysO,lysO,Lysine exporter LysO,MFCJNMFM_03371,JIEPOILB_03375,MHMAIFBA_03331,KGLDIDPM_03375,CFOCILDN_02016
hdfR_3,hdfR_3,HTH-type transcriptional regulator HdfR,MFCJNMFM_02302,JIEPOILB_02959,MHMAIFBA_02254,KGLDIDPM_02304,CFOCILDN_00771
cynR_3,cynR_3,HTH-type transcriptional regulator CynR,MFCJNMFM_02073,JIEPOILB_03188,MHMAIFBA_02007,KGLDIDPM_02076,CFOCILDN_02374
hisG,hisG,ATP phosphoribosyltransferase,MFCJNMFM_01804,JIEPOILB_01810,MHMAIFBA_01780,KGLDIDPM_01807,CFOCILDN_04815
dmlR_1,dmlR_1,HTH-type transcriptional regulator DmlR,MFCJNMFM_01734,JIEPOILB_01734,MHMAIFBA_01700,KGLDIDPM_01731,CFOCILDN_03305
yfeX,yfeX,Dye-decolorizing peroxidase YfeX,MFCJNMFM_01440,JIEPOILB_01441,MHMAIFBA_01481,KGLDIDPM_01438,CFOCILDN_03079
hemF,hemF,Oxygen-dependent coproporphyrinogen-III oxidase,MFCJNMFM_01435,JIEPOILB_01436,MHMAIFBA_01476,KGLDIDPM_01433,CFOCILDN_03084
eutC_1,eutC_1,Ethanolamine ammonia-lyase small subunit,MFCJNMFM_01430,JIEPOILB_01431,MHMAIFBA_01472,KGLDIDPM_01428,CFOCILDN_03088
aaeR_2,aaeR_2,HTH-type transcriptional activator AaeR,MFCJNMFM_00287,JIEPOILB_00287,MHMAIFBA_00239,KGLDIDPM_00286,CFOCILDN_02773
fdoH,fdoH,Formate dehydrogenase-O iron-sulfur subunit,MFCJNMFM_05033,JIEPOILB_05036,MHMAIFBA_04991,KGLDIDPM_05036,CFOCILDN_03878
fieF,fieF,Cation-efflux pump FieF,MFCJNMFM_04998,JIEPOILB_05001,MHMAIFBA_04956,KGLDIDPM_05001,CFOCILDN_03843
group_471,xerC_2,Tyrosine recombinase XerC,MFCJNMFM_04910,JIEPOILB_04913,MHMAIFBA_04869,KGLDIDPM_04913,CFOCILDN_04206
yhaJ_3,yhaJ_3,HTH-type transcriptional regulator YhaJ,MFCJNMFM_03960,JIEPOILB_03964,MHMAIFBA_04026,KGLDIDPM_03964,CFOCILDN_02616
rimK,rimK,Ribosomal protein bS6--L-glutamate ligase,MFCJNMFM_03397,JIEPOILB_03401,MHMAIFBA_03357,KGLDIDPM_03401,CFOCILDN_02041
rluB,rluB,Ribosomal large subunit pseudouridine synthase B,MFCJNMFM_03015,JIEPOILB_02245,MHMAIFBA_02981,KGLDIDPM_03018,CFOCILDN_00059
feaR,feaR,Transcriptional activator FeaR,MFCJNMFM_02892,JIEPOILB_02368,MHMAIFBA_02797,KGLDIDPM_02894,CFOCILDN_00182
fabD_1,fabD_1,Malonyl CoA-acyl carrier protein transacylase,MFCJNMFM_02798,JIEPOILB_02462,MHMAIFBA_02703,KGLDIDPM_02800,CFOCILDN_00276
hcaR,hcaR,Hca operon transcriptional activator HcaR,MFCJNMFM_02782,JIEPOILB_02478,MHMAIFBA_02686,KGLDIDPM_02784,CFOCILDN_00292
galU,galU,UTP--glucose-1-phosphate uridylyltransferase,MFCJNMFM_02136,JIEPOILB_03125,MHMAIFBA_02088,KGLDIDPM_02139,CFOCILDN_00933
group_469,,putative NTE family protein,MFCJNMFM_02134,JIEPOILB_03127,MHMAIFBA_02086,KGLDIDPM_02137,CFOCILDN_00935
group_468,,hypothetical protein,MFCJNMFM_01195,JIEPOILB_01195,MHMAIFBA_01183,KGLDIDPM_01193,CFOCILDN_03929
pduX,pduX,L-threonine kinase,MFCJNMFM_00948,JIEPOILB_00949,MHMAIFBA_00965,KGLDIDPM_00948,CFOCILDN_01494
dasC,dasC,Diacetylchitobiose uptake system permease protein DasC,MFCJNMFM_00914,JIEPOILB_00915,MHMAIFBA_00931,KGLDIDPM_00914,CFOCILDN_01528
arnD,arnD,putative 4-deoxy-4-formamido-L-arabinose-phosphoundecaprenol deformylase ArnD,MFCJNMFM_00315,JIEPOILB_00315,MHMAIFBA_00267,KGLDIDPM_00314,CFOCILDN_02745
dppC,dppC,Dipeptide transport system permease protein DppC,MFCJNMFM_00261,JIEPOILB_00261,MHMAIFBA_00213,KGLDIDPM_00260,CFOCILDN_02799
murQ_1,murQ_1,N-acetylmuramic acid 6-phosphate etherase,MFCJNMFM_00065,JIEPOILB_00065,MHMAIFBA_00066,KGLDIDPM_00065,CFOCILDN_04384
yicL,yicL,putative inner membrane transporter YicL,MFCJNMFM_00063,JIEPOILB_00063,MHMAIFBA_00064,KGLDIDPM_00063,CFOCILDN_04386
crgA_5,crgA_5,HTH-type transcriptional regulator CrgA,MFCJNMFM_04107,JIEPOILB_04111,MHMAIFBA_04157,KGLDIDPM_04111,CFOCILDN_04002
ybhK,ybhK,Putative gluconeogenesis factor,MFCJNMFM_03473,JIEPOILB_03477,MHMAIFBA_03481,KGLDIDPM_03477,CFOCILDN_02160
group_467,,HTH-type transcriptional regulator,MFCJNMFM_03229,JIEPOILB_02031,MHMAIFBA_03196,KGLDIDPM_03233,CFOCILDN_03432
group_466,,HTH-type transcriptional regulator,MFCJNMFM_03096,JIEPOILB_02164,MHMAIFBA_03074,KGLDIDPM_03100,CFOCILDN_04310
group_465,,hypothetical protein,MFCJNMFM_02987,JIEPOILB_02273,MHMAIFBA_02953,KGLDIDPM_02990,CFOCILDN_00087
group_464,,HTH-type transcriptional regulator,MFCJNMFM_02924,JIEPOILB_02336,MHMAIFBA_02829,KGLDIDPM_02926,CFOCILDN_00150
ddpC_1,ddpC_1,putative DD-dipeptide transport system permease protein DdpC,MFCJNMFM_01755,JIEPOILB_01754,MHMAIFBA_01720,KGLDIDPM_01751,CFOCILDN_03325
era_1,era_1,GTPase Era,MFCJNMFM_01320,JIEPOILB_01321,MHMAIFBA_01314,KGLDIDPM_01318,CFOCILDN_03198
mtrA,mtrA,HTH-type transcriptional regulator MtrA,MFCJNMFM_00078,JIEPOILB_00078,MHMAIFBA_00078,KGLDIDPM_00078,CFOCILDN_04371
catM,catM,HTH-type transcriptional regulator CatM,MFCJNMFM_04982,JIEPOILB_04985,MHMAIFBA_04940,KGLDIDPM_04985,CFOCILDN_03827
citG_3,citG_3,2-(5''-triphosphoribosyl)-3'-dephosphocoenzyme-A synthase,MFCJNMFM_04291,JIEPOILB_04295,MHMAIFBA_04342,KGLDIDPM_04295,CFOCILDN_01106
group_456,,IS1595 family transposase ISBsp7,MFCJNMFM_03017,JIEPOILB_02243,MHMAIFBA_02983,KGLDIDPM_03020,CFOCILDN_00057
tsaR_3,tsaR_3,HTH-type transcriptional regulator TsaR,MFCJNMFM_02818,JIEPOILB_02442,MHMAIFBA_02723,KGLDIDPM_02820,CFOCILDN_00256
pgrR_3,pgrR_3,HTH-type transcriptional regulator PgrR,MFCJNMFM_02624,JIEPOILB_02636,MHMAIFBA_02557,KGLDIDPM_02626,CFOCILDN_00450
group_455,,hypothetical protein,MFCJNMFM_02293,JIEPOILB_02968,MHMAIFBA_02244,KGLDIDPM_02295,CFOCILDN_00780
oppC,oppC,Oligopeptide transport system permease protein OppC,MFCJNMFM_02143,JIEPOILB_03118,MHMAIFBA_02095,KGLDIDPM_02146,CFOCILDN_00926
cynR_2,cynR_2,HTH-type transcriptional regulator CynR,MFCJNMFM_01482,JIEPOILB_01483,MHMAIFBA_01523,KGLDIDPM_01480,CFOCILDN_04562
crgA_1,crgA_1,HTH-type transcriptional regulator CrgA,MFCJNMFM_01199,JIEPOILB_01199,MHMAIFBA_01187,KGLDIDPM_01197,CFOCILDN_03933
cysD,cysD,Sulfate adenylyltransferase subunit 2,MFCJNMFM_01065,JIEPOILB_01065,MHMAIFBA_01063,KGLDIDPM_01064,CFOCILDN_01382
fimH,fimH,Type 1 fimbrin D-mannose specific adhesin,MFCJNMFM_00877,JIEPOILB_00878,MHMAIFBA_00893,KGLDIDPM_00877,CFOCILDN_01564
rdgC,rdgC,Recombination-associated protein RdgC,MFCJNMFM_03969,JIEPOILB_03973,MHMAIFBA_04035,KGLDIDPM_03973,CFOCILDN_02625
panE,panE,2-dehydropantoate 2-reductase,MFCJNMFM_03926,JIEPOILB_03930,MHMAIFBA_03992,KGLDIDPM_03930,CFOCILDN_02583
gltI,gltI,Glutamate/aspartate import solute-binding protein,MFCJNMFM_03552,JIEPOILB_03556,MHMAIFBA_03601,KGLDIDPM_03556,CFOCILDN_04456
gsiD_2,gsiD_2,Glutathione transport system permease protein GsiD,MFCJNMFM_03415,JIEPOILB_03419,MHMAIFBA_03422,KGLDIDPM_03419,CFOCILDN_02102
nagK,nagK,N-acetyl-D-glucosamine kinase,MFCJNMFM_03165,JIEPOILB_02095,MHMAIFBA_03133,KGLDIDPM_03169,CFOCILDN_03368
group_451,,hypothetical protein,MFCJNMFM_02921,JIEPOILB_02339,MHMAIFBA_02826,KGLDIDPM_02923,CFOCILDN_00153
hdfR_2,hdfR_2,HTH-type transcriptional regulator HdfR,MFCJNMFM_02190,JIEPOILB_03071,MHMAIFBA_02143,KGLDIDPM_02193,CFOCILDN_00879
yedI,yedI,Inner membrane protein YedI,MFCJNMFM_01859,JIEPOILB_01865,MHMAIFBA_01861,KGLDIDPM_01862,CFOCILDN_02227
yedA,yedA,putative inner membrane transporter YedA,MFCJNMFM_01858,JIEPOILB_01864,MHMAIFBA_01860,KGLDIDPM_01861,CFOCILDN_02226
cysM,cysM,Cysteine synthase B,MFCJNMFM_01445,JIEPOILB_01446,MHMAIFBA_01486,KGLDIDPM_01443,CFOCILDN_03074
pocR,pocR,Regulatory protein PocR,MFCJNMFM_00972,JIEPOILB_00973,MHMAIFBA_00987,KGLDIDPM_00972,CFOCILDN_01472
group_450,,HTH-type transcriptional regulator,MFCJNMFM_00768,JIEPOILB_00769,MHMAIFBA_00720,KGLDIDPM_00768,CFOCILDN_01674
glyQ,glyQ,Glycine--tRNA ligase alpha subunit,MFCJNMFM_00235,JIEPOILB_00235,MHMAIFBA_00187,KGLDIDPM_00234,CFOCILDN_02823
rihC,rihC,Non-specific ribonucleoside hydrolase RihC,MFCJNMFM_04305,JIEPOILB_04309,MHMAIFBA_04356,KGLDIDPM_04309,CFOCILDN_01092
mak_2,mak_2,Fructokinase,MFCJNMFM_03968,JIEPOILB_03972,MHMAIFBA_04034,KGLDIDPM_03972,CFOCILDN_02624
rlmF,rlmF,Ribosomal RNA large subunit methyltransferase F,MFCJNMFM_03445,JIEPOILB_03449,MHMAIFBA_03452,KGLDIDPM_03449,CFOCILDN_02132
lpxP,lpxP,Lipid A biosynthesis palmitoleoyltransferase,MFCJNMFM_03114,JIEPOILB_02146,MHMAIFBA_03092,KGLDIDPM_03118,CFOCILDN_04292
group_448,,HTH-type transcriptional regulator,MFCJNMFM_02960,JIEPOILB_02300,MHMAIFBA_02925,KGLDIDPM_02962,CFOCILDN_00114
group_447,,hypothetical protein,MFCJNMFM_02588,JIEPOILB_02672,MHMAIFBA_02536,KGLDIDPM_02590,CFOCILDN_00486
yghA_2,yghA_2,putative oxidoreductase YghA,MFCJNMFM_02498,JIEPOILB_02762,MHMAIFBA_02442,KGLDIDPM_02500,CFOCILDN_00576
admX,admX,HTH-type transcriptional regulator AdmX,MFCJNMFM_02167,JIEPOILB_03094,MHMAIFBA_02119,KGLDIDPM_02170,CFOCILDN_00902
thpA,thpA,D-threitol-binding protein,MFCJNMFM_02093,JIEPOILB_03168,MHMAIFBA_02045,KGLDIDPM_02096,CFOCILDN_02394
livH_2,livH_2,High-affinity branched-chain amino acid transport system permease protein LivH,MFCJNMFM_02063,JIEPOILB_03198,MHMAIFBA_01997,KGLDIDPM_02066,CFOCILDN_02364
ldcA,ldcA,Murein tetrapeptide carboxypeptidase,MFCJNMFM_02046,JIEPOILB_03215,MHMAIFBA_01981,KGLDIDPM_02049,CFOCILDN_02347
gcvA_2,gcvA_2,Glycine cleavage system transcriptional activator,MFCJNMFM_01829,JIEPOILB_01835,MHMAIFBA_01805,KGLDIDPM_01832,CFOCILDN_02197
oxyR_1,oxyR_1,DNA-binding transcriptional dual regulator OxyR,MFCJNMFM_01737,JIEPOILB_01737,MHMAIFBA_01703,KGLDIDPM_01734,CFOCILDN_03308
mak_1,mak_1,Fructokinase,MFCJNMFM_01114,JIEPOILB_01114,MHMAIFBA_01102,KGLDIDPM_01113,CFOCILDN_01334
tagK,tagK,D-tagatose-1-phosphate kinase,MFCJNMFM_00630,JIEPOILB_00631,MHMAIFBA_00582,KGLDIDPM_00630,CFOCILDN_01811
aaeR_1,aaeR_1,HTH-type transcriptional activator AaeR,MFCJNMFM_00074,JIEPOILB_00074,MHMAIFBA_00074,KGLDIDPM_00074,CFOCILDN_04375
oxyR_5,oxyR_5,DNA-binding transcriptional dual regulator OxyR,MFCJNMFM_04970,JIEPOILB_04973,MHMAIFBA_04928,KGLDIDPM_04973,CFOCILDN_03815
lpxC,lpxC,UDP-3-O-acyl-N-acetylglucosamine deacetylase,MFCJNMFM_04229,JIEPOILB_04233,MHMAIFBA_04280,KGLDIDPM_04233,CFOCILDN_01168
qmcA,qmcA,Protein QmcA,MFCJNMFM_03837,JIEPOILB_03841,MHMAIFBA_03903,KGLDIDPM_03841,CFOCILDN_02494
group_444,,hypothetical protein,MFCJNMFM_02513,JIEPOILB_02747,MHMAIFBA_02458,KGLDIDPM_02515,CFOCILDN_00561
argP_2,argP_2,HTH-type transcriptional regulator ArgP,MFCJNMFM_01845,JIEPOILB_01851,MHMAIFBA_01846,KGLDIDPM_01848,CFOCILDN_02213
yehZ,yehZ,Glycine betaine-binding protein YehZ,MFCJNMFM_01722,JIEPOILB_01722,MHMAIFBA_01688,KGLDIDPM_01719,CFOCILDN_03293
hpf_2,hpf_2,Putative metal ABC transporter substrate-binding protein Hpf,MFCJNMFM_01112,JIEPOILB_01112,MHMAIFBA_01100,KGLDIDPM_01111,CFOCILDN_01336
menA,menA,14-dihydroxy-2-naphthoate octaprenyltransferase,MFCJNMFM_04995,JIEPOILB_04998,MHMAIFBA_04953,KGLDIDPM_04998,CFOCILDN_03840
group_443,,ISNCY family transposase ISRor2,MFCJNMFM_04901,JIEPOILB_04904,MHMAIFBA_04860,KGLDIDPM_04904,CFOCILDN_04197
ddlB,ddlB,D-alanine--D-alanine ligase B,MFCJNMFM_04233,JIEPOILB_04237,MHMAIFBA_04284,KGLDIDPM_04237,CFOCILDN_01164
lpxL_2,lpxL_2,Lipid A biosynthesis lauroyltransferase,MFCJNMFM_03807,JIEPOILB_03811,MHMAIFBA_03803,KGLDIDPM_03811,CFOCILDN_02463
iolE_3,iolE_3,Inosose dehydratase,MFCJNMFM_03799,JIEPOILB_03803,MHMAIFBA_03795,KGLDIDPM_03803,CFOCILDN_02455
gsiC_3,gsiC_3,Glutathione transport system permease protein GsiC,MFCJNMFM_03416,JIEPOILB_03420,MHMAIFBA_03423,KGLDIDPM_03420,CFOCILDN_02103
lpxL_1,lpxL_1,Lipid A biosynthesis lauroyltransferase,MFCJNMFM_03213,JIEPOILB_02047,MHMAIFBA_03181,KGLDIDPM_03217,CFOCILDN_03416
murQ_2,murQ_2,N-acetylmuramic acid 6-phosphate etherase,MFCJNMFM_02801,JIEPOILB_02459,MHMAIFBA_02706,KGLDIDPM_02803,CFOCILDN_00273
oppB,oppB,Oligopeptide transport system permease protein OppB,MFCJNMFM_02142,JIEPOILB_03119,MHMAIFBA_02094,KGLDIDPM_02145,CFOCILDN_00927
group_442,,HTH-type transcriptional regulator,MFCJNMFM_01848,JIEPOILB_01854,MHMAIFBA_01850,KGLDIDPM_01851,CFOCILDN_02216
rbn_1,rbn_1,Ribonuclease BN,MFCJNMFM_01625,JIEPOILB_01626,MHMAIFBA_01590,KGLDIDPM_01623,CFOCILDN_04109
speB,speB,Agmatinase,MFCJNMFM_00797,JIEPOILB_00798,MHMAIFBA_00814,KGLDIDPM_00797,CFOCILDN_01645
group_440,,hypothetical protein,MFCJNMFM_04791,JIEPOILB_04795,MHMAIFBA_04754,KGLDIDPM_04795,CFOCILDN_03574
rbsB_3,rbsB_3,Ribose import binding protein RbsB,MFCJNMFM_03794,JIEPOILB_03798,MHMAIFBA_03790,KGLDIDPM_03798,CFOCILDN_02450
scrK,scrK,Fructokinase,MFCJNMFM_03786,JIEPOILB_03790,MHMAIFBA_03782,KGLDIDPM_03790,CFOCILDN_02442
perR,perR,HTH-type transcriptional regulator PerR,MFCJNMFM_03457,JIEPOILB_03461,MHMAIFBA_03464,KGLDIDPM_03461,CFOCILDN_02144
yceM,yceM,Putative oxidoreductase YceM,MFCJNMFM_03202,JIEPOILB_02058,MHMAIFBA_03170,KGLDIDPM_03206,CFOCILDN_03405
nodD2_2,nodD2_2,Nodulation protein D 2,MFCJNMFM_02923,JIEPOILB_02337,MHMAIFBA_02828,KGLDIDPM_02925,CFOCILDN_00151
argP_3,argP_3,HTH-type transcriptional regulator ArgP,MFCJNMFM_02680,JIEPOILB_02580,MHMAIFBA_02614,KGLDIDPM_02682,CFOCILDN_00393
iolE_1,iolE_1,Inosose dehydratase,MFCJNMFM_02551,JIEPOILB_02709,MHMAIFBA_02490,KGLDIDPM_02553,CFOCILDN_00523
mamB,mamB,Magnetosome protein MamB,MFCJNMFM_02512,JIEPOILB_02748,MHMAIFBA_02457,KGLDIDPM_02514,CFOCILDN_00562
gbpR,gbpR,HTH-type transcriptional regulator GbpR,MFCJNMFM_02387,JIEPOILB_02874,MHMAIFBA_02336,KGLDIDPM_02389,CFOCILDN_00686
fhmpcd1,fhmpcd1,5-formyl-3-hydroxy-2-methylpyridine 4-carboxylate 5-dehydrogenase,MFCJNMFM_02287,JIEPOILB_02974,MHMAIFBA_02238,KGLDIDPM_02289,CFOCILDN_00786
hycD,hycD,Formate hydrogenlyase subunit 4,MFCJNMFM_01131,JIEPOILB_01131,MHMAIFBA_01119,KGLDIDPM_01130,CFOCILDN_01317
dsdC_1,dsdC_1,HTH-type transcriptional regulator DsdC,MFCJNMFM_00027,JIEPOILB_00027,MHMAIFBA_00027,KGLDIDPM_00027,CFOCILDN_03785
pcpR_2,pcpR_2,PCP degradation transcriptional activation protein,MFCJNMFM_04941,JIEPOILB_04944,MHMAIFBA_04900,KGLDIDPM_04944,CFOCILDN_04237
coaA,coaA,Pantothenate kinase,MFCJNMFM_04868,JIEPOILB_04871,MHMAIFBA_04829,KGLDIDPM_04871,CFOCILDN_04929
group_439,,ISNCY family transposase ISRor2,MFCJNMFM_04422,JIEPOILB_04426,MHMAIFBA_04471,KGLDIDPM_04426,CFOCILDN_00977
yadG,yadG,putative ABC transporter ATP-binding protein YadG,MFCJNMFM_04194,JIEPOILB_04198,MHMAIFBA_04242,KGLDIDPM_04198,CFOCILDN_01203
group_438,,hypothetical protein,MFCJNMFM_02799,JIEPOILB_02461,MHMAIFBA_02704,KGLDIDPM_02801,CFOCILDN_00275
glsA2,glsA2,Glutaminase 2,MFCJNMFM_02711,JIEPOILB_02549,MHMAIFBA_02644,KGLDIDPM_02713,CFOCILDN_00363
pqqB,pqqB,Coenzyme PQQ synthesis protein B,MFCJNMFM_02536,JIEPOILB_02724,MHMAIFBA_02474,KGLDIDPM_02538,CFOCILDN_00538
catA,catA,Catechol 12-dioxygenase,MFCJNMFM_02469,JIEPOILB_02791,MHMAIFBA_02414,KGLDIDPM_02471,CFOCILDN_00605
argU,argU,Arginine transport system permease protein ArgU,MFCJNMFM_02442,JIEPOILB_02818,MHMAIFBA_02390,KGLDIDPM_02444,CFOCILDN_00632
pcpR_1,pcpR_1,PCP degradation transcriptional activation protein,MFCJNMFM_02070,JIEPOILB_03191,MHMAIFBA_02004,KGLDIDPM_02073,CFOCILDN_02371
lrhA_1,lrhA_1,putative HTH-type transcriptional regulator LrhA,MFCJNMFM_01611,JIEPOILB_01612,MHMAIFBA_01576,KGLDIDPM_01609,CFOCILDN_04123
cynR_1,cynR_1,HTH-type transcriptional regulator CynR,MFCJNMFM_01459,JIEPOILB_01460,MHMAIFBA_01500,KGLDIDPM_01457,CFOCILDN_03060
dgcR,dgcR,HTH-type transcriptional regulator DgcR,MFCJNMFM_00918,JIEPOILB_00919,MHMAIFBA_00935,KGLDIDPM_00918,CFOCILDN_01524
group_437,,hypothetical protein,MFCJNMFM_00804,JIEPOILB_00805,MHMAIFBA_00821,KGLDIDPM_00804,CFOCILDN_01638
livH_1,livH_1,High-affinity branched-chain amino acid transport system permease protein LivH,MFCJNMFM_00340,JIEPOILB_00340,MHMAIFBA_00291,KGLDIDPM_00339,CFOCILDN_02721
fdhE,fdhE,Protein FdhE,MFCJNMFM_05035,JIEPOILB_05038,MHMAIFBA_04993,KGLDIDPM_05038,CFOCILDN_03880
ilvE,ilvE,Branched-chain-amino-acid aminotransferase,MFCJNMFM_04951,JIEPOILB_04954,MHMAIFBA_04911,KGLDIDPM_04954,CFOCILDN_04247
metAS,metAS,Homoserine O-succinyltransferase,MFCJNMFM_04825,JIEPOILB_04829,MHMAIFBA_04787,KGLDIDPM_04829,CFOCILDN_03606
panS,panS,Pantothenate precursors transporter PanS,MFCJNMFM_04808,JIEPOILB_04812,MHMAIFBA_04770,KGLDIDPM_04812,CFOCILDN_03589
thrB,thrB,Homoserine kinase,MFCJNMFM_04326,JIEPOILB_04330,MHMAIFBA_04377,KGLDIDPM_04330,CFOCILDN_01071
dmlR_4,dmlR_4,HTH-type transcriptional regulator DmlR,MFCJNMFM_04303,JIEPOILB_04307,MHMAIFBA_04354,KGLDIDPM_04307,CFOCILDN_01094
fabD_2,fabD_2,Malonyl CoA-acyl carrier protein transacylase,MFCJNMFM_03191,JIEPOILB_02069,MHMAIFBA_03159,KGLDIDPM_03195,CFOCILDN_03394
group_436,,hypothetical protein,MFCJNMFM_02925,JIEPOILB_02335,MHMAIFBA_02830,KGLDIDPM_02927,CFOCILDN_00149
paaA,paaA,12-phenylacetyl-CoA epoxidase subunit A,MFCJNMFM_02886,JIEPOILB_02374,MHMAIFBA_02791,KGLDIDPM_02888,CFOCILDN_00188
iroE,iroE,Apo-salmochelin esterase,MFCJNMFM_02663,JIEPOILB_02597,MHMAIFBA_02597,KGLDIDPM_02665,CFOCILDN_00410
ydcU,ydcU,Inner membrane ABC transporter permease protein YdcU,MFCJNMFM_02414,JIEPOILB_02846,MHMAIFBA_02362,KGLDIDPM_02416,CFOCILDN_00660
group_435,,putative protein,MFCJNMFM_02051,JIEPOILB_03210,MHMAIFBA_01986,KGLDIDPM_02054,CFOCILDN_02352
yfdC,yfdC,Inner membrane protein YfdC,MFCJNMFM_01563,JIEPOILB_01564,MHMAIFBA_01527,KGLDIDPM_01561,CFOCILDN_04171
nodD2_1,nodD2_1,Nodulation protein D 2,MFCJNMFM_00856,JIEPOILB_00857,MHMAIFBA_00873,KGLDIDPM_00856,CFOCILDN_01585
aaeR_3,aaeR_3,HTH-type transcriptional activator AaeR,MFCJNMFM_00531,JIEPOILB_00532,MHMAIFBA_00483,KGLDIDPM_00531,CFOCILDN_01910
kdgK_2,kdgK_2,2-dehydro-3-deoxygluconokinase,MFCJNMFM_00283,JIEPOILB_00283,MHMAIFBA_00235,KGLDIDPM_00282,CFOCILDN_02777
rbsK_4,rbsK_4,Ribokinase,MFCJNMFM_05064,JIEPOILB_05067,MHMAIFBA_05021,KGLDIDPM_05067,CFOCILDN_03717
mmuM,mmuM,Homocysteine S-methyltransferase,MFCJNMFM_03995,JIEPOILB_03999,MHMAIFBA_04061,KGLDIDPM_03999,CFOCILDN_02651
pxpC,pxpC,5-oxoprolinase subunit C,MFCJNMFM_03594,JIEPOILB_03598,MHMAIFBA_03561,KGLDIDPM_03598,CFOCILDN_04610
ybdO_1,ybdO_1,putative HTH-type transcriptional regulator YbdO,MFCJNMFM_03518,JIEPOILB_03522,MHMAIFBA_03635,KGLDIDPM_03522,CFOCILDN_04422
tus_1,tus_1,DNA replication terminus site-binding protein,MFCJNMFM_02837,JIEPOILB_02423,MHMAIFBA_02742,KGLDIDPM_02839,CFOCILDN_00237
group_434,,hypothetical protein,MFCJNMFM_02558,JIEPOILB_02702,MHMAIFBA_02497,KGLDIDPM_02560,CFOCILDN_00516
group_433,,HTH-type transcriptional regulator,MFCJNMFM_02527,JIEPOILB_02733,MHMAIFBA_02465,KGLDIDPM_02529,CFOCILDN_00547
group_432,,hypothetical protein,MFCJNMFM_02440,JIEPOILB_02820,MHMAIFBA_02388,KGLDIDPM_02442,CFOCILDN_00634
pfkB,pfkB,ATP-dependent 6-phosphofructokinase isozyme 2,MFCJNMFM_02155,JIEPOILB_03106,MHMAIFBA_02107,KGLDIDPM_02158,CFOCILDN_00914
group_431,,hypothetical protein,MFCJNMFM_01840,JIEPOILB_01846,MHMAIFBA_01841,KGLDIDPM_01843,CFOCILDN_02208
dusC,dusC,tRNA-dihydrouridine(16) synthase,MFCJNMFM_01710,JIEPOILB_01710,MHMAIFBA_01676,KGLDIDPM_01707,CFOCILDN_03281
prmB,prmB,Ribosomal protein uL3 glutamine methyltransferase,MFCJNMFM_01571,JIEPOILB_01572,MHMAIFBA_01536,KGLDIDPM_01569,CFOCILDN_04163
aaeA_1,aaeA_1,p-hydroxybenzoic acid efflux pump subunit AaeA,MFCJNMFM_00533,JIEPOILB_00534,MHMAIFBA_00485,KGLDIDPM_00533,CFOCILDN_01908
hldD,hldD,ADP-L-glycero-D-manno-heptose-6-epimerase,MFCJNMFM_00195,JIEPOILB_00195,MHMAIFBA_00147,KGLDIDPM_00194,CFOCILDN_02863
pyrB,pyrB,Aspartate carbamoyltransferase catalytic subunit,MFCJNMFM_04624,JIEPOILB_04628,MHMAIFBA_04581,KGLDIDPM_04628,CFOCILDN_02925
group_429,,D-apiose import binding protein,MFCJNMFM_03699,JIEPOILB_03703,MHMAIFBA_03688,KGLDIDPM_03703,CFOCILDN_03638
aptB,aptB,Apulose-4-phosphate transketolase subunit B,MFCJNMFM_03695,JIEPOILB_03699,MHMAIFBA_03684,KGLDIDPM_03699,CFOCILDN_03634
ptxR_2,ptxR_2,HTH-type transcriptional regulator PtxR,MFCJNMFM_03199,JIEPOILB_02061,MHMAIFBA_03167,KGLDIDPM_03203,CFOCILDN_03402
ttcA,ttcA,tRNA-cytidine(32) 2-sulfurtransferase,MFCJNMFM_02904,JIEPOILB_02356,MHMAIFBA_02809,KGLDIDPM_02906,CFOCILDN_00170
paaX,paaX,Transcriptional repressor PaaX,MFCJNMFM_02875,JIEPOILB_02385,MHMAIFBA_02780,KGLDIDPM_02877,CFOCILDN_00199
group_428,,Putative thiamine biosynthesis protein,MFCJNMFM_02545,JIEPOILB_02715,MHMAIFBA_02483,KGLDIDPM_02547,CFOCILDN_00529
rihA,rihA,Pyrimidine-specific ribonucleoside hydrolase RihA,MFCJNMFM_02428,JIEPOILB_02832,MHMAIFBA_02376,KGLDIDPM_02430,CFOCILDN_00646
group_427,,hypothetical protein,MFCJNMFM_02273,JIEPOILB_02988,MHMAIFBA_02225,KGLDIDPM_02276,CFOCILDN_00798
kdgK_1,kdgK_1,2-dehydro-3-deoxygluconokinase,MFCJNMFM_00247,JIEPOILB_00247,MHMAIFBA_00197,KGLDIDPM_00246,CFOCILDN_02813
group_425,,ISNCY family transposase ISRor2,MFCJNMFM_04377,JIEPOILB_04381,MHMAIFBA_04428,KGLDIDPM_04381,CFOCILDN_01022
ribF,ribF,Bifunctional riboflavin kinase/FMN adenylyltransferase,MFCJNMFM_04310,JIEPOILB_04314,MHMAIFBA_04361,KGLDIDPM_04314,CFOCILDN_01087
group_424,,hypothetical protein,MFCJNMFM_04017,JIEPOILB_04021,MHMAIFBA_04083,KGLDIDPM_04021,CFOCILDN_02673
group_423,,hypothetical protein,MFCJNMFM_03251,JIEPOILB_02009,MHMAIFBA_03218,KGLDIDPM_03255,CFOCILDN_03454
ghrA,ghrA,Glyoxylate/hydroxypyruvate reductase A,MFCJNMFM_03225,JIEPOILB_02035,MHMAIFBA_03194,KGLDIDPM_03229,CFOCILDN_03428
fruK,fruK,1-phosphofructokinase,MFCJNMFM_01692,JIEPOILB_01692,MHMAIFBA_01657,KGLDIDPM_01689,CFOCILDN_03263
mdh,mdh,Malate dehydrogenase,MFCJNMFM_00539,JIEPOILB_00540,MHMAIFBA_00491,KGLDIDPM_00539,CFOCILDN_01902
dusA,dusA,tRNA-dihydrouridine(20/20a) synthase,MFCJNMFM_04781,JIEPOILB_04785,MHMAIFBA_04744,KGLDIDPM_04785,CFOCILDN_03564
rsmH,rsmH,Ribosomal RNA small subunit methyltransferase H,MFCJNMFM_04243,JIEPOILB_04247,MHMAIFBA_04294,KGLDIDPM_04247,CFOCILDN_01154
ydjH,ydjH,putative sugar kinase YdjH,MFCJNMFM_03507,JIEPOILB_03511,MHMAIFBA_03646,KGLDIDPM_03511,CFOCILDN_04411
iaaA,iaaA,Isoaspartyl peptidase,MFCJNMFM_03419,JIEPOILB_03423,MHMAIFBA_03426,KGLDIDPM_03423,CFOCILDN_02106
dmlR_3,dmlR_3,HTH-type transcriptional regulator DmlR,MFCJNMFM_03266,JIEPOILB_01994,MHMAIFBA_03232,KGLDIDPM_03270,CFOCILDN_03469
rbsK_2,rbsK_2,Ribokinase,MFCJNMFM_02641,JIEPOILB_02619,MHMAIFBA_02575,KGLDIDPM_02643,CFOCILDN_00432
tsaR_2,tsaR_2,HTH-type transcriptional regulator TsaR,MFCJNMFM_02057,JIEPOILB_03204,MHMAIFBA_01991,KGLDIDPM_02060,CFOCILDN_02358
erfK,erfK,putative LD-transpeptidase ErfK/SrfK,MFCJNMFM_01847,JIEPOILB_01853,MHMAIFBA_01848,KGLDIDPM_01850,CFOCILDN_02215
eryD,eryD,Erythritol catabolism regulatory protein EryD,MFCJNMFM_01746,JIEPOILB_01746,MHMAIFBA_01712,KGLDIDPM_01743,CFOCILDN_03317
group_420,,hypothetical protein,MFCJNMFM_01106,JIEPOILB_01106,MHMAIFBA_01094,KGLDIDPM_01105,CFOCILDN_01342
ssuA_1,ssuA_1,Putative aliphatic sulfonates-binding protein,MFCJNMFM_01038,JIEPOILB_01038,MHMAIFBA_01035,KGLDIDPM_01037,CFOCILDN_01409
cyoA,cyoA,Cytochrome bo(3) ubiquinol oxidase subunit 2,MFCJNMFM_03910,JIEPOILB_03914,MHMAIFBA_03976,KGLDIDPM_03914,CFOCILDN_02567
zitB,zitB,Zinc transporter ZitB,MFCJNMFM_03629,JIEPOILB_03633,MHMAIFBA_03526,KGLDIDPM_03633,CFOCILDN_04676
ldh1,ldh1,L-lactate dehydrogenase 1,MFCJNMFM_02715,JIEPOILB_02545,MHMAIFBA_02648,KGLDIDPM_02717,CFOCILDN_00359
rclR,rclR,RCS-specific HTH-type transcriptional activator RclR,MFCJNMFM_02684,JIEPOILB_02576,MHMAIFBA_02618,KGLDIDPM_02686,CFOCILDN_00389
group_417,,Lactonase drp35,MFCJNMFM_02627,JIEPOILB_02633,MHMAIFBA_02560,KGLDIDPM_02629,CFOCILDN_00447
gsiC_2,gsiC_2,Glutathione transport system permease protein GsiC,MFCJNMFM_02486,JIEPOILB_02774,MHMAIFBA_02430,KGLDIDPM_02488,CFOCILDN_00588
mhpB,mhpB,23-dihydroxyphenylpropionate/23-dihydroxicinnamic acid 12-dioxygenase,MFCJNMFM_02219,JIEPOILB_03042,MHMAIFBA_02172,KGLDIDPM_02222,CFOCILDN_00850
znuA,znuA,High-affinity zinc uptake system protein ZnuA,MFCJNMFM_01978,JIEPOILB_03282,MHMAIFBA_01914,KGLDIDPM_01981,CFOCILDN_02280
truB,truB,tRNA pseudouridine synthase B,MFCJNMFM_00600,JIEPOILB_00601,MHMAIFBA_00552,KGLDIDPM_00600,CFOCILDN_01841
nikB,nikB,Nickel transport system permease protein NikB,MFCJNMFM_00308,JIEPOILB_00308,MHMAIFBA_00260,KGLDIDPM_00307,CFOCILDN_02752
group_415,,HTH-type transcriptional regulator,MFCJNMFM_00054,JIEPOILB_00054,MHMAIFBA_00055,KGLDIDPM_00054,CFOCILDN_04395
treR,treR,HTH-type transcriptional regulator TreR,MFCJNMFM_04620,JIEPOILB_04624,MHMAIFBA_04585,KGLDIDPM_04624,CFOCILDN_02929
group_412,,hypothetical protein,MFCJNMFM_03026,JIEPOILB_02234,MHMAIFBA_02996,KGLDIDPM_03029,CFOCILDN_00048
pgrR_4,pgrR_4,HTH-type transcriptional regulator PgrR,MFCJNMFM_02865,JIEPOILB_02395,MHMAIFBA_02770,KGLDIDPM_02867,CFOCILDN_00209
gsiD_1,gsiD_1,Glutathione transport system permease protein GsiD,MFCJNMFM_02315,JIEPOILB_02946,MHMAIFBA_02265,KGLDIDPM_02317,CFOCILDN_00758
prs,prs,Ribose-phosphate pyrophosphokinase,MFCJNMFM_02100,JIEPOILB_03161,MHMAIFBA_02052,KGLDIDPM_02103,CFOCILDN_02401
yehX,yehX,Glycine betaine uptake system ATP-binding protein YehX,MFCJNMFM_01724,JIEPOILB_01724,MHMAIFBA_01690,KGLDIDPM_01721,CFOCILDN_03295
fmt,fmt,Methionyl-tRNA formyltransferase,MFCJNMFM_00472,JIEPOILB_00473,MHMAIFBA_00423,KGLDIDPM_00472,CFOCILDN_04829
group_411,,hypothetical protein,MFCJNMFM_00199,JIEPOILB_00199,MHMAIFBA_00151,KGLDIDPM_00198,CFOCILDN_02859
corA,corA,Magnesium transport protein CorA,MFCJNMFM_04907,JIEPOILB_04910,MHMAIFBA_04866,KGLDIDPM_04910,CFOCILDN_04203
miaA,miaA,tRNA dimethylallyltransferase,MFCJNMFM_04534,JIEPOILB_04538,MHMAIFBA_04666,KGLDIDPM_04538,CFOCILDN_03014
ispH,ispH,4-hydroxy-3-methylbut-2-enyl diphosphate reductase,MFCJNMFM_04306,JIEPOILB_04310,MHMAIFBA_04357,KGLDIDPM_04310,CFOCILDN_01091
leuO,leuO,HTH-type transcriptional regulator LeuO,MFCJNMFM_04248,JIEPOILB_04252,MHMAIFBA_04299,KGLDIDPM_04252,CFOCILDN_01149
group_410,,Extracellular exo-alpha-(1->5)-L-arabinofuranosidase,MFCJNMFM_04215,JIEPOILB_04219,MHMAIFBA_04266,KGLDIDPM_04219,CFOCILDN_01182
sorC_2,sorC_2,Sorbitol operon regulator,MFCJNMFM_03697,JIEPOILB_03701,MHMAIFBA_03686,KGLDIDPM_03701,CFOCILDN_03636
group_409,,hypothetical protein,MFCJNMFM_02889,JIEPOILB_02371,MHMAIFBA_02794,KGLDIDPM_02891,CFOCILDN_00185
ydgH,ydgH,Protein YdgH,MFCJNMFM_02829,JIEPOILB_02431,MHMAIFBA_02735,KGLDIDPM_02831,CFOCILDN_00245
uspE,uspE,Universal stress protein E,MFCJNMFM_02825,JIEPOILB_02435,MHMAIFBA_02731,KGLDIDPM_02827,CFOCILDN_00249
apbE_2,apbE_2,FAD:protein FMN transferase,MFCJNMFM_02805,JIEPOILB_02455,MHMAIFBA_02710,KGLDIDPM_02807,CFOCILDN_00269
mhpF,mhpF,Acetaldehyde dehydrogenase,MFCJNMFM_02222,JIEPOILB_03039,MHMAIFBA_02175,KGLDIDPM_02225,CFOCILDN_00847
cbl,cbl,HTH-type transcriptional regulator cbl,MFCJNMFM_01846,JIEPOILB_01852,MHMAIFBA_01847,KGLDIDPM_01849,CFOCILDN_02214
pbpG,pbpG,D-alanyl-D-alanine endopeptidase,MFCJNMFM_01718,JIEPOILB_01718,MHMAIFBA_01684,KGLDIDPM_01715,CFOCILDN_03289
gshB,gshB,Glutathione synthetase,MFCJNMFM_00790,JIEPOILB_00791,MHMAIFBA_00807,KGLDIDPM_00790,CFOCILDN_01652
group_407,,Tagatose kinase,MFCJNMFM_00633,JIEPOILB_00634,MHMAIFBA_00585,KGLDIDPM_00633,CFOCILDN_01808
group_405,,ISNCY family transposase ISRor2,MFCJNMFM_01634,JIEPOILB_01635,MHMAIFBA_01599,KGLDIDPM_01632,CFOCILDN_04100
metR,metR,HTH-type transcriptional regulator MetR,MFCJNMFM_04896,JIEPOILB_04899,MHMAIFBA_04855,KGLDIDPM_04899,CFOCILDN_04192
sorC_4,sorC_4,Sorbitol operon regulator,MFCJNMFM_04811,JIEPOILB_04815,MHMAIFBA_04773,KGLDIDPM_04815,CFOCILDN_03592
talB_3,talB_3,Transaldolase B,MFCJNMFM_04321,JIEPOILB_04325,MHMAIFBA_04372,KGLDIDPM_04325,CFOCILDN_01076
yajO_4,yajO_4,1-deoxyxylulose-5-phosphate synthase YajO,MFCJNMFM_03775,JIEPOILB_03779,MHMAIFBA_03771,KGLDIDPM_03779,CFOCILDN_02431
potH,potH,Putrescine transport system permease protein PotH,MFCJNMFM_03393,JIEPOILB_03397,MHMAIFBA_03353,KGLDIDPM_03397,CFOCILDN_02037
fabH,fabH,Beta-ketoacyl-[acyl-carrier-protein] synthase III,MFCJNMFM_03192,JIEPOILB_02068,MHMAIFBA_03160,KGLDIDPM_03196,CFOCILDN_03395
group_403,,hypothetical protein,MFCJNMFM_02490,JIEPOILB_02770,MHMAIFBA_02434,KGLDIDPM_02492,CFOCILDN_00584
group_402,,hypothetical protein,MFCJNMFM_02239,JIEPOILB_03022,MHMAIFBA_02192,KGLDIDPM_02242,CFOCILDN_00830
cdhR,cdhR,HTH-type transcriptional regulator CdhR,MFCJNMFM_00083,JIEPOILB_00083,MHMAIFBA_00083,KGLDIDPM_00083,CFOCILDN_04366
hemC,hemC,Porphobilinogen deaminase,MFCJNMFM_04916,JIEPOILB_04919,MHMAIFBA_04875,KGLDIDPM_04919,CFOCILDN_04212
ytfQ,ytfQ,Galactofuranose-binding protein YtfQ,MFCJNMFM_04589,JIEPOILB_04593,MHMAIFBA_04616,KGLDIDPM_04593,CFOCILDN_02960
yjiA,yjiA,Zinc chaperone YjiA,MFCJNMFM_04419,JIEPOILB_04423,MHMAIFBA_04468,KGLDIDPM_04423,CFOCILDN_00980
group_399,,Formimidoylglutamase,MFCJNMFM_03490,JIEPOILB_03494,MHMAIFBA_03498,KGLDIDPM_03494,CFOCILDN_02177
dmlR_2,dmlR_2,HTH-type transcriptional regulator DmlR,MFCJNMFM_01822,JIEPOILB_01828,MHMAIFBA_01798,KGLDIDPM_01825,CFOCILDN_02190
talB_1,talB_1,Transaldolase B,MFCJNMFM_01415,JIEPOILB_01416,MHMAIFBA_01457,KGLDIDPM_01413,CFOCILDN_03103
rseB,rseB,Sigma-E factor regulatory protein RseB,MFCJNMFM_01252,JIEPOILB_01252,MHMAIFBA_01309,KGLDIDPM_01250,CFOCILDN_03203
group_398,,hypothetical protein,MFCJNMFM_00886,JIEPOILB_00887,MHMAIFBA_00902,KGLDIDPM_00886,CFOCILDN_01555
yidZ,yidZ,HTH-type transcriptional regulator YidZ,MFCJNMFM_05100,JIEPOILB_05103,MHMAIFBA_05057,KGLDIDPM_05103,CFOCILDN_03753
pstC,pstC,Phosphate transport system permease protein PstC,MFCJNMFM_05089,JIEPOILB_05092,MHMAIFBA_05046,KGLDIDPM_05092,CFOCILDN_03742
group_396,,hypothetical protein,MFCJNMFM_04484,JIEPOILB_04488,MHMAIFBA_04521,KGLDIDPM_04488,CFOCILDN_04907
accA,accA,Acetyl-coenzyme A carboxylase carboxyl transferase subunit alpha,MFCJNMFM_04131,JIEPOILB_04135,MHMAIFBA_04179,KGLDIDPM_04135,CFOCILDN_01266
acoA,acoA,Acetoin:26-dichlorophenolindophenol oxidoreductase subunit alpha,MFCJNMFM_04044,JIEPOILB_04048,MHMAIFBA_04107,KGLDIDPM_04048,CFOCILDN_04065
fepB,fepB,Ferric enterobactin-binding periplasmic protein FepB,MFCJNMFM_03685,JIEPOILB_03689,MHMAIFBA_03674,KGLDIDPM_03689,CFOCILDN_03624
ycfS,ycfS,putative LD-transpeptidase YcfS,MFCJNMFM_03170,JIEPOILB_02090,MHMAIFBA_03138,KGLDIDPM_03174,CFOCILDN_03373
group_395,,hypothetical protein,MFCJNMFM_02796,JIEPOILB_02464,MHMAIFBA_02701,KGLDIDPM_02798,CFOCILDN_00278
gsiC_1,gsiC_1,Glutathione transport system permease protein GsiC,MFCJNMFM_02316,JIEPOILB_02945,MHMAIFBA_02266,KGLDIDPM_02318,CFOCILDN_00757
cobD_2,cobD_2,Cobalamin biosynthesis protein CobD,MFCJNMFM_00974,JIEPOILB_00975,MHMAIFBA_00989,KGLDIDPM_00974,CFOCILDN_01470
pfkA,pfkA,ATP-dependent 6-phosphofructokinase isozyme 1,MFCJNMFM_04997,JIEPOILB_05000,MHMAIFBA_04955,KGLDIDPM_05000,CFOCILDN_03842
birA,birA,Bifunctional ligase/repressor BirA,MFCJNMFM_04869,JIEPOILB_04872,MHMAIFBA_04830,KGLDIDPM_04872,CFOCILDN_04928
psd,psd,Phosphatidylserine decarboxylase proenzyme,MFCJNMFM_04522,JIEPOILB_04526,MHMAIFBA_04678,KGLDIDPM_04526,CFOCILDN_03024
tauA,tauA,Taurine-binding periplasmic protein,MFCJNMFM_03994,JIEPOILB_03998,MHMAIFBA_04060,KGLDIDPM_03998,CFOCILDN_02650
yihV,yihV,Sulfofructose kinase,MFCJNMFM_03954,JIEPOILB_03958,MHMAIFBA_04020,KGLDIDPM_03958,CFOCILDN_02611
hemH,hemH,Ferrochelatase,MFCJNMFM_03847,JIEPOILB_03851,MHMAIFBA_03913,KGLDIDPM_03851,CFOCILDN_02504
ssuA_3,ssuA_3,Putative aliphatic sulfonates-binding protein,MFCJNMFM_03310,JIEPOILB_03314,MHMAIFBA_03270,KGLDIDPM_03314,CFOCILDN_01955
ssuA_2,ssuA_2,Putative aliphatic sulfonates-binding protein,MFCJNMFM_02231,JIEPOILB_03030,MHMAIFBA_02184,KGLDIDPM_02234,CFOCILDN_00838
nrdF,nrdF,Ribonucleoside-diphosphate reductase 2 subunit beta,MFCJNMFM_01183,JIEPOILB_01183,MHMAIFBA_01172,KGLDIDPM_01181,CFOCILDN_03918
ascG_2,ascG_2,HTH-type transcriptional regulator AscG,MFCJNMFM_01113,JIEPOILB_01113,MHMAIFBA_01101,KGLDIDPM_01112,CFOCILDN_01335
prfB,prfB,Peptide chain release factor RF2,MFCJNMFM_00850,JIEPOILB_00851,MHMAIFBA_00867,KGLDIDPM_00850,CFOCILDN_01591
group_392,,hypothetical protein,MFCJNMFM_00189,JIEPOILB_00189,MHMAIFBA_00141,KGLDIDPM_00188,CFOCILDN_02870
rbsC_8,rbsC_8,Ribose import permease protein RbsC,MFCJNMFM_05066,JIEPOILB_05069,MHMAIFBA_05023,KGLDIDPM_05069,CFOCILDN_03719
lipA,lipA,Lipoyl synthase,MFCJNMFM_03531,JIEPOILB_03535,MHMAIFBA_03622,KGLDIDPM_03535,CFOCILDN_04435
ybhN,ybhN,Inner membrane protein YbhN,MFCJNMFM_03466,JIEPOILB_03470,MHMAIFBA_03474,KGLDIDPM_03470,CFOCILDN_02153
yeaX_2,yeaX_2,Carnitine monooxygenase reductase subunit,MFCJNMFM_03271,JIEPOILB_01989,MHMAIFBA_03237,KGLDIDPM_03275,CFOCILDN_03474
astE_2,astE_2,Succinylglutamate desuccinylase,MFCJNMFM_03054,JIEPOILB_02206,MHMAIFBA_03024,KGLDIDPM_03057,CFOCILDN_00020
sapB,sapB,Putrescine export system permease protein SapB,MFCJNMFM_02989,JIEPOILB_02271,MHMAIFBA_02955,KGLDIDPM_02992,CFOCILDN_00085
ycjG,ycjG,L-Ala-D/L-Glu epimerase,MFCJNMFM_02970,JIEPOILB_02290,MHMAIFBA_02936,KGLDIDPM_02972,CFOCILDN_00104
menC,menC,o-succinylbenzoate synthase,MFCJNMFM_01631,JIEPOILB_01632,MHMAIFBA_01596,KGLDIDPM_01629,CFOCILDN_04103
glk,glk,Glucokinase,MFCJNMFM_01476,JIEPOILB_01477,MHMAIFBA_01517,KGLDIDPM_01474,CFOCILDN_04568
gutQ,gutQ,Arabinose 5-phosphate isomerase GutQ,MFCJNMFM_01147,JIEPOILB_01147,MHMAIFBA_01135,KGLDIDPM_01146,CFOCILDN_01301
yhbE,yhbE,putative inner membrane transporter YhbE,MFCJNMFM_00580,JIEPOILB_00581,MHMAIFBA_00532,KGLDIDPM_00580,CFOCILDN_01861
dusB,dusB,tRNA-dihydrouridine synthase B,MFCJNMFM_00514,JIEPOILB_00515,MHMAIFBA_00465,KGLDIDPM_00514,CFOCILDN_01927
group_390,,hypothetical protein,MFCJNMFM_00170,JIEPOILB_00170,MHMAIFBA_00121,KGLDIDPM_00169,CFOCILDN_02889
ybiB,ybiB,putative protein YbiB,MFCJNMFM_03450,JIEPOILB_03454,MHMAIFBA_03457,KGLDIDPM_03454,CFOCILDN_02137
hcr,hcr,NADH oxidoreductase HCR,MFCJNMFM_03373,JIEPOILB_03377,MHMAIFBA_03333,KGLDIDPM_03377,CFOCILDN_02018
group_388,,hypothetical protein,MFCJNMFM_02456,JIEPOILB_02804,MHMAIFBA_02401,KGLDIDPM_02458,CFOCILDN_00618
yeaX_1,yeaX_1,Carnitine monooxygenase reductase subunit,MFCJNMFM_02301,JIEPOILB_02960,MHMAIFBA_02253,KGLDIDPM_02303,CFOCILDN_00772
sopB,sopB,Protein SopB,MFCJNMFM_05364,JIEPOILB_05364,MHMAIFBA_05149,KGLDIDPM_05363,CFOCILDN_04868
ytfF,ytfF,Inner membrane protein YtfF,MFCJNMFM_04567,JIEPOILB_04571,MHMAIFBA_04633,KGLDIDPM_04571,CFOCILDN_02981
serB,serB,Phosphoserine phosphatase,MFCJNMFM_04342,JIEPOILB_04346,MHMAIFBA_04393,KGLDIDPM_04346,CFOCILDN_01055
secF,secF,Protein translocase subunit SecF,MFCJNMFM_03944,JIEPOILB_03948,MHMAIFBA_04010,KGLDIDPM_03948,CFOCILDN_02601
thiL,thiL,Thiamine-monophosphate kinase,MFCJNMFM_03935,JIEPOILB_03939,MHMAIFBA_04001,KGLDIDPM_03939,CFOCILDN_02592
dppF_2,dppF_2,Di/tripeptide transport ATP-binding protein DppF,MFCJNMFM_02313,JIEPOILB_02948,MHMAIFBA_02263,KGLDIDPM_02315,CFOCILDN_00760
manX,manX,PTS system mannose-specific EIIAB component,MFCJNMFM_02019,JIEPOILB_03242,MHMAIFBA_01954,KGLDIDPM_02022,CFOCILDN_02320
group_386,,hypothetical protein,MFCJNMFM_01832,JIEPOILB_01838,MHMAIFBA_01808,KGLDIDPM_01835,CFOCILDN_02200
cysK,cysK,Cysteine synthase A,MFCJNMFM_01453,JIEPOILB_01454,MHMAIFBA_01494,KGLDIDPM_01451,CFOCILDN_03066
lsrR,lsrR,Transcriptional regulator LsrR,MFCJNMFM_00669,JIEPOILB_00670,MHMAIFBA_00620,KGLDIDPM_00669,CFOCILDN_01772
alx,alx,Putative membrane-bound redox modulator Alx,MFCJNMFM_00661,JIEPOILB_00662,MHMAIFBA_00612,KGLDIDPM_00661,CFOCILDN_01780
ispB,ispB,Octaprenyl diphosphate synthase,MFCJNMFM_00577,JIEPOILB_00578,MHMAIFBA_00529,KGLDIDPM_00577,CFOCILDN_01864
ghrB,ghrB,Glyoxylate/hydroxypyruvate reductase B,MFCJNMFM_00245,JIEPOILB_00245,MHMAIFBA_00195,KGLDIDPM_00244,CFOCILDN_02815
waaC,waaC,Lipopolysaccharide heptosyltransferase 1,MFCJNMFM_00193,JIEPOILB_00193,MHMAIFBA_00145,KGLDIDPM_00192,CFOCILDN_02865
frlB_3,frlB_3,Fructosamine deglycase FrlB,MFCJNMFM_04626,JIEPOILB_04630,MHMAIFBA_04579,KGLDIDPM_04630,CFOCILDN_02923
hemB,hemB,Delta-aminolevulinic acid dehydratase,MFCJNMFM_03989,JIEPOILB_03993,MHMAIFBA_04055,KGLDIDPM_03993,CFOCILDN_02645
yajO_5,yajO_5,1-deoxyxylulose-5-phosphate synthase YajO,MFCJNMFM_03933,JIEPOILB_03937,MHMAIFBA_03999,KGLDIDPM_03937,CFOCILDN_02590
cysB,cysB,HTH-type transcriptional regulator CysB,MFCJNMFM_03009,JIEPOILB_02251,MHMAIFBA_02975,KGLDIDPM_03012,CFOCILDN_00065
mdpK,mdpK,Tert-butanol monooxygenase / tert-amyl alcohol desaturase reductase subunit,MFCJNMFM_02682,JIEPOILB_02578,MHMAIFBA_02616,KGLDIDPM_02684,CFOCILDN_00391
lpxM,lpxM,Lipid A biosynthesis myristoyltransferase,MFCJNMFM_01980,JIEPOILB_03280,MHMAIFBA_01916,KGLDIDPM_01983,CFOCILDN_02282
lepB,lepB,Signal peptidase I,MFCJNMFM_01318,JIEPOILB_01319,MHMAIFBA_01312,KGLDIDPM_01316,CFOCILDN_03200
epmA,epmA,Elongation factor P--(R)-beta-lysine ligase,MFCJNMFM_04519,JIEPOILB_04523,MHMAIFBA_04681,KGLDIDPM_04523,CFOCILDN_03027
glaH,glaH,Glutarate 2-hydroxylase,MFCJNMFM_04058,JIEPOILB_04062,MHMAIFBA_04121,KGLDIDPM_04062,CFOCILDN_04051
group_385,,NADH:quinone reductase,MFCJNMFM_02582,JIEPOILB_02678,MHMAIFBA_02530,KGLDIDPM_02584,CFOCILDN_00492
acuI,acuI,putative acrylyl-CoA reductase AcuI,MFCJNMFM_01841,JIEPOILB_01847,MHMAIFBA_01842,KGLDIDPM_01844,CFOCILDN_02209
yeiR,yeiR,Zinc chaperone YeiR,MFCJNMFM_01685,JIEPOILB_01685,MHMAIFBA_01650,KGLDIDPM_01682,CFOCILDN_03256
nuoH,nuoH,NADH-quinone oxidoreductase subunit H,MFCJNMFM_01618,JIEPOILB_01619,MHMAIFBA_01583,KGLDIDPM_01616,CFOCILDN_04116
yrbG,yrbG,Inner membrane protein YrbG,MFCJNMFM_00568,JIEPOILB_00569,MHMAIFBA_00520,KGLDIDPM_00568,CFOCILDN_01873
pfp,pfp,Pyrophosphate--fructose 6-phosphate 1-phosphotransferase,MFCJNMFM_05028,JIEPOILB_05031,MHMAIFBA_04986,KGLDIDPM_05031,CFOCILDN_03873
rbsR_3,rbsR_3,Ribose operon repressor,MFCJNMFM_03752,JIEPOILB_03756,MHMAIFBA_03743,KGLDIDPM_03756,CFOCILDN_03690
rbsB_2,rbsB_2,Ribose import binding protein RbsB,MFCJNMFM_03511,JIEPOILB_03515,MHMAIFBA_03642,KGLDIDPM_03515,CFOCILDN_04415
lpxK,lpxK,Tetraacyldisaccharide 4'-kinase,MFCJNMFM_03337,JIEPOILB_03341,MHMAIFBA_03297,KGLDIDPM_03341,CFOCILDN_01982
ppsC,ppsC,Phenolphthiocerol/phthiocerol polyketide synthase subunit C,MFCJNMFM_03070,JIEPOILB_02190,MHMAIFBA_03040,KGLDIDPM_03074,CFOCILDN_00004
glgC_2,glgC_2,Glucose-1-phosphate adenylyltransferase,MFCJNMFM_02395,JIEPOILB_02866,MHMAIFBA_02344,KGLDIDPM_02397,CFOCILDN_00678
ddpD,ddpD,putative DD-dipeptide transport ATP-binding protein DdpD,MFCJNMFM_02314,JIEPOILB_02947,MHMAIFBA_02264,KGLDIDPM_02316,CFOCILDN_00759
group_383,,hypothetical protein,MFCJNMFM_02184,JIEPOILB_03077,MHMAIFBA_02137,KGLDIDPM_02187,CFOCILDN_00885
araH,araH,L-arabinose transport system permease protein AraH,MFCJNMFM_01890,JIEPOILB_01896,MHMAIFBA_01892,KGLDIDPM_01893,CFOCILDN_02258
araF,araF,L-arabinose-binding periplasmic protein,MFCJNMFM_01888,JIEPOILB_01894,MHMAIFBA_01890,KGLDIDPM_01891,CFOCILDN_02256
group_382,,hypothetical protein,MFCJNMFM_01344,JIEPOILB_01345,MHMAIFBA_01338,KGLDIDPM_01342,CFOCILDN_03174
rluD,rluD,Ribosomal large subunit pseudouridine synthase D,MFCJNMFM_01231,JIEPOILB_01231,MHMAIFBA_01287,KGLDIDPM_01229,CFOCILDN_03995
srlE,srlE,PTS system glucitol/sorbitol-specific EIIB component,MFCJNMFM_01152,JIEPOILB_01152,MHMAIFBA_01140,KGLDIDPM_01151,CFOCILDN_01296
yggR,yggR,putative protein YggR,MFCJNMFM_00786,JIEPOILB_00787,MHMAIFBA_00803,KGLDIDPM_00786,CFOCILDN_01656
rbsR_4,rbsR_4,Ribose operon repressor,MFCJNMFM_05063,JIEPOILB_05066,MHMAIFBA_05020,KGLDIDPM_05066,CFOCILDN_03716
qorA_2,qorA_2,Quinone oxidoreductase 1,MFCJNMFM_04779,JIEPOILB_04783,MHMAIFBA_04742,KGLDIDPM_04783,CFOCILDN_03562
thiB,thiB,Thiamine-binding periplasmic protein,MFCJNMFM_04262,JIEPOILB_04266,MHMAIFBA_04313,KGLDIDPM_04266,CFOCILDN_01135
group_379,,hypothetical protein,MFCJNMFM_02297,JIEPOILB_02964,MHMAIFBA_02249,KGLDIDPM_02299,CFOCILDN_00776
pheS,pheS,Phenylalanine--tRNA ligase alpha subunit,MFCJNMFM_02162,JIEPOILB_03099,MHMAIFBA_02114,KGLDIDPM_02165,CFOCILDN_00907
accD,accD,Acetyl-coenzyme A carboxylase carboxyl transferase subunit beta,MFCJNMFM_01585,JIEPOILB_01586,MHMAIFBA_01550,KGLDIDPM_01583,CFOCILDN_04149
ygfZ,ygfZ,tRNA-modifying protein YgfZ,MFCJNMFM_00843,JIEPOILB_00844,MHMAIFBA_00860,KGLDIDPM_00843,CFOCILDN_01598
arnC,arnC,Undecaprenyl-phosphate 4-deoxy-4-formamido-L-arabinose transferase,MFCJNMFM_00313,JIEPOILB_00313,MHMAIFBA_00265,KGLDIDPM_00312,CFOCILDN_02747
dppD_1,dppD_1,Dipeptide transport ATP-binding protein DppD,MFCJNMFM_00262,JIEPOILB_00262,MHMAIFBA_00214,KGLDIDPM_00261,CFOCILDN_02798
srkA,srkA,Stress response kinase A,MFCJNMFM_05053,JIEPOILB_05056,MHMAIFBA_05011,KGLDIDPM_05056,CFOCILDN_03898
lsrB_2,lsrB_2,Autoinducer 2-binding protein LsrB,MFCJNMFM_05010,JIEPOILB_05013,MHMAIFBA_04968,KGLDIDPM_05013,CFOCILDN_03855
rhaS_8,rhaS_8,HTH-type transcriptional activator RhaS,MFCJNMFM_04977,JIEPOILB_04980,MHMAIFBA_04935,KGLDIDPM_04980,CFOCILDN_03822
gspK,gspK,Putative type II secretion system protein K,MFCJNMFM_04176,JIEPOILB_04180,MHMAIFBA_04224,KGLDIDPM_04180,CFOCILDN_01221
frlB_1,frlB_1,Fructosamine deglycase FrlB,MFCJNMFM_03746,JIEPOILB_03750,MHMAIFBA_03737,KGLDIDPM_03750,CFOCILDN_03684
pdxA2_1,pdxA2_1,D-threonate 4-phosphate dehydrogenase,MFCJNMFM_02717,JIEPOILB_02543,MHMAIFBA_02650,KGLDIDPM_02719,CFOCILDN_00357
yajO_2,yajO_2,1-deoxyxylulose-5-phosphate synthase YajO,MFCJNMFM_02625,JIEPOILB_02635,MHMAIFBA_02558,KGLDIDPM_02627,CFOCILDN_00449
luxA,luxA,Alkanal monooxygenase alpha chain,MFCJNMFM_02483,JIEPOILB_02777,MHMAIFBA_02427,KGLDIDPM_02485,CFOCILDN_00591
ynhG,ynhG,putative LD-transpeptidase YnhG,MFCJNMFM_02205,JIEPOILB_03056,MHMAIFBA_02158,KGLDIDPM_02208,CFOCILDN_00864
group_376,,hypothetical protein,MFCJNMFM_02191,JIEPOILB_03070,MHMAIFBA_02144,KGLDIDPM_02194,CFOCILDN_00878
btuC,btuC,Vitamin B12 import system permease protein BtuC,MFCJNMFM_02169,JIEPOILB_03092,MHMAIFBA_02121,KGLDIDPM_02172,CFOCILDN_00900
dcyD,dcyD,D-cysteine desulfhydrase,MFCJNMFM_01867,JIEPOILB_01873,MHMAIFBA_01869,KGLDIDPM_01870,CFOCILDN_02235
yqjG,yqjG,Glutathionyl-hydroquinone reductase YqjG,MFCJNMFM_00647,JIEPOILB_00648,MHMAIFBA_00598,KGLDIDPM_00647,CFOCILDN_01794
kdsD,kdsD,Arabinose 5-phosphate isomerase KdsD,MFCJNMFM_00567,JIEPOILB_00568,MHMAIFBA_00519,KGLDIDPM_00567,CFOCILDN_01874
pdxA,pdxA,4-hydroxythreonine-4-phosphate dehydrogenase,MFCJNMFM_04280,JIEPOILB_04284,MHMAIFBA_04331,KGLDIDPM_04284,CFOCILDN_01117
alsC,alsC,D-allose transport system permease protein AlsC,MFCJNMFM_03509,JIEPOILB_03513,MHMAIFBA_03644,KGLDIDPM_03513,CFOCILDN_04413
ybiS,ybiS,putative LD-transpeptidase YbiS,MFCJNMFM_03431,JIEPOILB_03435,MHMAIFBA_03438,KGLDIDPM_03435,CFOCILDN_02118
pspF_2,pspF_2,Psp operon transcriptional activator,MFCJNMFM_02982,JIEPOILB_02278,MHMAIFBA_02948,KGLDIDPM_02984,CFOCILDN_00092
ldhA,ldhA,D-lactate dehydrogenase,MFCJNMFM_02897,JIEPOILB_02363,MHMAIFBA_02802,KGLDIDPM_02899,CFOCILDN_00177
group_375,vldW_1,Validamycin A dioxygenase,MFCJNMFM_02305,JIEPOILB_02956,MHMAIFBA_02257,KGLDIDPM_02307,CFOCILDN_00768
ribY,ribY,Riboflavin-binding protein RibY,MFCJNMFM_02303,JIEPOILB_02958,MHMAIFBA_02255,KGLDIDPM_02305,CFOCILDN_00770
tdcB,tdcB,L-threonine dehydratase catabolic TdcB,MFCJNMFM_02058,JIEPOILB_03203,MHMAIFBA_01992,KGLDIDPM_02061,CFOCILDN_02359
iolU_1,iolU_1,scyllo-inositol 2-dehydrogenase (NADP(+)) IolU,MFCJNMFM_00662,JIEPOILB_00663,MHMAIFBA_00613,KGLDIDPM_00662,CFOCILDN_01779
rpoA,rpoA,DNA-directed RNA polymerase subunit alpha,MFCJNMFM_00464,JIEPOILB_00465,MHMAIFBA_00415,KGLDIDPM_00464,CFOCILDN_04837
group_374,,hypothetical protein,MFCJNMFM_00185,JIEPOILB_00185,MHMAIFBA_00137,KGLDIDPM_00184,CFOCILDN_02874
sbp,sbp,Sulfate-binding protein,MFCJNMFM_00102,JIEPOILB_00101,MHMAIFBA_00101,KGLDIDPM_00101,CFOCILDN_04348
asnA,asnA,Aspartate--ammonia ligase,MFCJNMFM_05072,JIEPOILB_05075,MHMAIFBA_05029,KGLDIDPM_05075,CFOCILDN_03725
pldB,pldB,Lysophospholipase L2,MFCJNMFM_04899,JIEPOILB_04902,MHMAIFBA_04858,KGLDIDPM_04902,CFOCILDN_04195
fepG,fepG,Ferric enterobactin transport system permease protein FepG,MFCJNMFM_03688,JIEPOILB_03692,MHMAIFBA_03677,KGLDIDPM_03692,CFOCILDN_03627
sqwH,sqwH,6-deoxy-6-sulfo-D-fructose transketolase subunit SqwH,MFCJNMFM_03453,JIEPOILB_03457,MHMAIFBA_03460,KGLDIDPM_03457,CFOCILDN_02140
sapD,sapD,Peptide transport system ATP-binding protein SapD,MFCJNMFM_02991,JIEPOILB_02269,MHMAIFBA_02957,KGLDIDPM_02994,CFOCILDN_00083
dhmA,dhmA,Haloalkane dehalogenase,MFCJNMFM_02538,JIEPOILB_02722,MHMAIFBA_02476,KGLDIDPM_02540,CFOCILDN_00536
gpr,gpr,L-glyceraldehyde 3-phosphate reductase,MFCJNMFM_01473,JIEPOILB_01474,MHMAIFBA_01514,KGLDIDPM_01471,CFOCILDN_04571
rpoS,rpoS,RNA polymerase sigma factor RpoS,MFCJNMFM_01076,JIEPOILB_01076,MHMAIFBA_01074,KGLDIDPM_01075,CFOCILDN_01371
mreC,mreC,Cell shape-determining protein MreC,MFCJNMFM_00525,JIEPOILB_00526,MHMAIFBA_00476,KGLDIDPM_00525,CFOCILDN_01916
rafR,rafR,HTH-type transcriptional regulator RafR,MFCJNMFM_05018,JIEPOILB_05021,MHMAIFBA_04976,KGLDIDPM_05021,CFOCILDN_03863
group_371,,Formate dehydrogenase mitochondrial,MFCJNMFM_04053,JIEPOILB_04057,MHMAIFBA_04116,KGLDIDPM_04057,CFOCILDN_04056
pgl_1,pgl_1,6-phosphogluconolactonase,MFCJNMFM_03653,JIEPOILB_03657,MHMAIFBA_03511,KGLDIDPM_03657,CFOCILDN_04700
group_370,,hypothetical protein,MFCJNMFM_03597,JIEPOILB_03601,MHMAIFBA_03558,KGLDIDPM_03601,CFOCILDN_04613
group_369,,hypothetical protein,MFCJNMFM_03459,JIEPOILB_03463,MHMAIFBA_03466,KGLDIDPM_03463,CFOCILDN_02146
trxB,trxB,Thioredoxin reductase,MFCJNMFM_03359,JIEPOILB_03363,MHMAIFBA_03319,KGLDIDPM_03363,CFOCILDN_02004
rluC,rluC,Ribosomal large subunit pseudouridine synthase C,MFCJNMFM_03197,JIEPOILB_02063,MHMAIFBA_03165,KGLDIDPM_03201,CFOCILDN_03400
gapA,gapA,Glyceraldehyde-3-phosphate dehydrogenase,MFCJNMFM_03084,JIEPOILB_02176,MHMAIFBA_03062,KGLDIDPM_03088,CFOCILDN_04322
astE_1,astE_1,Succinylglutamate desuccinylase,MFCJNMFM_02858,JIEPOILB_02402,MHMAIFBA_02763,KGLDIDPM_02860,CFOCILDN_00216
hcaB,hcaB,3-phenylpropionate-dihydrodiol/cinnamic acid-dihydrodiol dehydrogenase,MFCJNMFM_02503,JIEPOILB_02757,MHMAIFBA_02447,KGLDIDPM_02505,CFOCILDN_00571
group_368,,hypothetical protein,MFCJNMFM_02233,JIEPOILB_03028,MHMAIFBA_02186,KGLDIDPM_02236,CFOCILDN_00836
rodZ,rodZ,Cytoskeleton protein RodZ,MFCJNMFM_01364,JIEPOILB_01365,MHMAIFBA_01358,KGLDIDPM_01362,CFOCILDN_03154
hmuU_1,hmuU_1,Hemin transport system permease protein HmuU,MFCJNMFM_01100,JIEPOILB_01100,MHMAIFBA_01088,KGLDIDPM_01099,CFOCILDN_01348
cytR_1,cytR_1,HTH-type transcriptional repressor CytR,MFCJNMFM_00908,JIEPOILB_00909,MHMAIFBA_00925,KGLDIDPM_00908,CFOCILDN_01534
mrkD_1,mrkD_1,Fimbria adhesin protein,MFCJNMFM_00894,JIEPOILB_00895,MHMAIFBA_00909,KGLDIDPM_00894,CFOCILDN_01548
ubiU,ubiU,Ubiquinone biosynthesis protein UbiU,MFCJNMFM_00608,JIEPOILB_00609,MHMAIFBA_00560,KGLDIDPM_00608,CFOCILDN_01833
gntR_1,gntR_1,HTH-type transcriptional regulator GntR,MFCJNMFM_00357,JIEPOILB_00357,MHMAIFBA_00308,KGLDIDPM_00356,CFOCILDN_02704
wecH,wecH,O-acetyltransferase WecH,MFCJNMFM_00233,JIEPOILB_00233,MHMAIFBA_00185,KGLDIDPM_00232,CFOCILDN_02825
xylF,xylF,D-xylose-binding periplasmic protein,MFCJNMFM_00228,JIEPOILB_00228,MHMAIFBA_00180,KGLDIDPM_00227,CFOCILDN_02830
fbp,fbp,Fructose-16-bisphosphatase class 1,MFCJNMFM_04593,JIEPOILB_04597,MHMAIFBA_04612,KGLDIDPM_04597,CFOCILDN_02956
rbsC_3,rbsC_3,Ribose import permease protein RbsC,MFCJNMFM_03672,JIEPOILB_03676,MHMAIFBA_03661,KGLDIDPM_03676,CFOCILDN_03611
iolS,iolS,Aldo-keto reductase IolS,MFCJNMFM_02864,JIEPOILB_02396,MHMAIFBA_02769,KGLDIDPM_02866,CFOCILDN_00210
gap,gap,Glyceraldehyde-3-phosphate dehydrogenase,MFCJNMFM_02853,JIEPOILB_02407,MHMAIFBA_02758,KGLDIDPM_02855,CFOCILDN_00221
group_367,,hypothetical protein,MFCJNMFM_02189,JIEPOILB_03072,MHMAIFBA_02142,KGLDIDPM_02192,CFOCILDN_00880
mglB,mglB,D-galactose/methyl-galactoside binding periplasmic protein MglB,MFCJNMFM_01703,JIEPOILB_01703,MHMAIFBA_01668,KGLDIDPM_01700,CFOCILDN_03274
group_366,,hypothetical protein,MFCJNMFM_01458,JIEPOILB_01459,MHMAIFBA_01499,KGLDIDPM_01456,CFOCILDN_03061
proX,proX,Glycine betaine/proline betaine-binding periplasmic protein,MFCJNMFM_01180,JIEPOILB_01180,MHMAIFBA_01169,KGLDIDPM_01178,CFOCILDN_03915
lsrD_1,lsrD_1,Autoinducer 2 import system permease protein LsrD,MFCJNMFM_00672,JIEPOILB_00673,MHMAIFBA_00623,KGLDIDPM_00672,CFOCILDN_01769
ltaE,ltaE,Low specificity L-threonine aldolase,MFCJNMFM_03376,JIEPOILB_03380,MHMAIFBA_03336,KGLDIDPM_03380,CFOCILDN_02021
add,add,Adenosine deaminase,MFCJNMFM_02378,JIEPOILB_02883,MHMAIFBA_02327,KGLDIDPM_02380,CFOCILDN_00695
purR_1,purR_1,HTH-type transcriptional repressor PurR,MFCJNMFM_01745,JIEPOILB_01745,MHMAIFBA_01711,KGLDIDPM_01742,CFOCILDN_03316
lsrB_1,lsrB_1,Autoinducer 2-binding protein LsrB,MFCJNMFM_00673,JIEPOILB_00674,MHMAIFBA_00624,KGLDIDPM_00673,CFOCILDN_01768
group_364,,hypothetical protein,MFCJNMFM_00621,JIEPOILB_00622,MHMAIFBA_00573,KGLDIDPM_00621,CFOCILDN_01820
msrP,msrP,Protein-methionine-sulfoxide reductase catalytic subunit MsrP,MFCJNMFM_00522,JIEPOILB_00523,MHMAIFBA_00473,KGLDIDPM_00522,CFOCILDN_01919
group_363,,Endoglucanase,MFCJNMFM_00270,JIEPOILB_00270,MHMAIFBA_00222,KGLDIDPM_00269,CFOCILDN_02790
lsrD_2,lsrD_2,Autoinducer 2 import system permease protein LsrD,MFCJNMFM_05013,JIEPOILB_05016,MHMAIFBA_04971,KGLDIDPM_05016,CFOCILDN_03858
argC,argC,N-acetyl-gamma-glutamyl-phosphate reductase,MFCJNMFM_04973,JIEPOILB_04976,MHMAIFBA_04931,KGLDIDPM_04976,CFOCILDN_03818
argI,argI,Ornithine carbamoyltransferase subunit I,MFCJNMFM_04631,JIEPOILB_04635,MHMAIFBA_04574,KGLDIDPM_04635,CFOCILDN_02918
hflC,hflC,Modulator of FtsH protease HflC,MFCJNMFM_04538,JIEPOILB_04542,MHMAIFBA_04662,KGLDIDPM_04542,CFOCILDN_03010
cra,cra,Catabolite repressor/activator,MFCJNMFM_04245,JIEPOILB_04249,MHMAIFBA_04296,KGLDIDPM_04249,CFOCILDN_01152
fruR,fruR,Fructose operon regulatory protein,MFCJNMFM_03790,JIEPOILB_03794,MHMAIFBA_03786,KGLDIDPM_03794,CFOCILDN_02446
rbsC_2,rbsC_2,Ribose import permease protein RbsC,MFCJNMFM_03508,JIEPOILB_03512,MHMAIFBA_03645,KGLDIDPM_03512,CFOCILDN_04412
holB,holB,DNA polymerase III subunit delta',MFCJNMFM_03184,JIEPOILB_02076,MHMAIFBA_03152,KGLDIDPM_03188,CFOCILDN_03387
mrkD_2,mrkD_2,Fimbria adhesin protein,MFCJNMFM_02672,JIEPOILB_02588,MHMAIFBA_02606,KGLDIDPM_02674,CFOCILDN_00401
tehA_1,tehA_1,Tellurite resistance protein TehA,MFCJNMFM_02396,JIEPOILB_02865,MHMAIFBA_02345,KGLDIDPM_02398,CFOCILDN_00677
punR,punR,HTH-type transcriptional regulator PunR,MFCJNMFM_02338,JIEPOILB_02923,MHMAIFBA_02287,KGLDIDPM_02340,CFOCILDN_00735
oppF_2,oppF_2,Oligopeptide transport ATP-binding protein OppF,MFCJNMFM_02145,JIEPOILB_03116,MHMAIFBA_02097,KGLDIDPM_02148,CFOCILDN_00924
cmoB,cmoB,tRNA U34 carboxymethyltransferase,MFCJNMFM_01899,JIEPOILB_01905,MHMAIFBA_01901,KGLDIDPM_01902,CFOCILDN_02267
lpsL,lpsL,UDP-glucuronate 4-epimerase,MFCJNMFM_01793,JIEPOILB_01792,MHMAIFBA_01762,KGLDIDPM_01789,CFOCILDN_04796
trpS,trpS,Tryptophan--tRNA ligase,MFCJNMFM_00404,JIEPOILB_00404,MHMAIFBA_00355,KGLDIDPM_00403,CFOCILDN_04498
rbsC_7,rbsC_7,Ribose import permease protein RbsC,MFCJNMFM_05012,JIEPOILB_05015,MHMAIFBA_04970,KGLDIDPM_05015,CFOCILDN_03857
trpS2,trpS2,Tryptophan--tRNA ligase 2,MFCJNMFM_04455,JIEPOILB_04459,MHMAIFBA_04492,KGLDIDPM_04459,CFOCILDN_00944
iolG_2,iolG_2,Myo-inositol 2-dehydrogenase,MFCJNMFM_03796,JIEPOILB_03800,MHMAIFBA_03792,KGLDIDPM_03800,CFOCILDN_02452
fepD,fepD,Ferric enterobactin transport system permease protein FepD,MFCJNMFM_03687,JIEPOILB_03691,MHMAIFBA_03676,KGLDIDPM_03691,CFOCILDN_03626
cmoO_2,cmoO_2,N-acetyl-S-alkylcysteine monooxygenase,MFCJNMFM_02437,JIEPOILB_02823,MHMAIFBA_02385,KGLDIDPM_02439,CFOCILDN_00637
molB,molB,Molybdate import system permease protein MolB,MFCJNMFM_02215,JIEPOILB_03046,MHMAIFBA_02168,KGLDIDPM_02218,CFOCILDN_00854
yejK,yejK,Nucleoid-associated protein YejK,MFCJNMFM_01668,JIEPOILB_01668,MHMAIFBA_01633,KGLDIDPM_01665,CFOCILDN_03239
cmoO_1,cmoO_1,N-acetyl-S-alkylcysteine monooxygenase,MFCJNMFM_00606,JIEPOILB_00607,MHMAIFBA_00558,KGLDIDPM_00606,CFOCILDN_01835
group_359,,Zinc-type alcohol dehydrogenase-like protein,MFCJNMFM_00088,JIEPOILB_00087,MHMAIFBA_00087,KGLDIDPM_00087,CFOCILDN_04362
repB,repB,RepFIB replication protein A,MFCJNMFM_05362,JIEPOILB_05362,MHMAIFBA_05147,KGLDIDPM_05361,CFOCILDN_04866
frlB_2,frlB_2,Fructosamine deglycase FrlB,MFCJNMFM_04378,JIEPOILB_04382,MHMAIFBA_04429,KGLDIDPM_04382,CFOCILDN_01021
pyrD,pyrD,Dihydroorotate dehydrogenase (quinone),MFCJNMFM_03308,JIEPOILB_03312,MHMAIFBA_03268,KGLDIDPM_03312,CFOCILDN_01953
cydB_2,cydB_2,Cytochrome bd-I ubiquinol oxidase subunit 2,MFCJNMFM_03124,JIEPOILB_02136,MHMAIFBA_03102,KGLDIDPM_03128,CFOCILDN_04282
adhP,adhP,Alcohol dehydrogenase propanol-preferring,MFCJNMFM_02488,JIEPOILB_02772,MHMAIFBA_02432,KGLDIDPM_02490,CFOCILDN_00586
cydB_1,cydB_1,Cytochrome bd-I ubiquinol oxidase subunit 2,MFCJNMFM_02407,JIEPOILB_02854,MHMAIFBA_02356,KGLDIDPM_02409,CFOCILDN_00666
group_356,,putative protein,MFCJNMFM_01996,JIEPOILB_03264,MHMAIFBA_01932,KGLDIDPM_01999,CFOCILDN_02298
ruvB,ruvB,Holliday junction branch migration complex subunit RuvB,MFCJNMFM_01975,JIEPOILB_03285,MHMAIFBA_01911,KGLDIDPM_01978,CFOCILDN_02277
mglC,mglC,Galactose/methyl galactoside import permease protein MglC,MFCJNMFM_01705,JIEPOILB_01705,MHMAIFBA_01670,KGLDIDPM_01702,CFOCILDN_03276
hypE,hypE,Carbamoyl dehydratase HypE,MFCJNMFM_01123,JIEPOILB_01123,MHMAIFBA_01111,KGLDIDPM_01122,CFOCILDN_01325
ascG_1,ascG_1,HTH-type transcriptional regulator AscG,MFCJNMFM_00920,JIEPOILB_00921,MHMAIFBA_00937,KGLDIDPM_00920,CFOCILDN_01522
glpX,glpX,Fructose-16-bisphosphatase 1 class 2,MFCJNMFM_00109,JIEPOILB_00108,MHMAIFBA_00108,KGLDIDPM_00108,CFOCILDN_04341
group_355,,hypothetical protein,MFCJNMFM_02055,JIEPOILB_03206,MHMAIFBA_01989,KGLDIDPM_02058,CFOCILDN_02356
ccpA,ccpA,Catabolite control protein A,MFCJNMFM_04763,JIEPOILB_04767,MHMAIFBA_04725,KGLDIDPM_04767,CFOCILDN_03546
iolG_4,iolG_4,Inositol 2-dehydrogenase/D-chiro-inositol 3-dehydrogenase,MFCJNMFM_04647,JIEPOILB_04651,MHMAIFBA_04557,KGLDIDPM_04651,CFOCILDN_02902
group_353,,3-beta-hydroxysteroid dehydrogenase,MFCJNMFM_03378,JIEPOILB_03382,MHMAIFBA_03338,KGLDIDPM_03382,CFOCILDN_02023
dgcP,dgcP,Diguanylate cyclase DgcP,MFCJNMFM_03110,JIEPOILB_02150,MHMAIFBA_03088,KGLDIDPM_03114,CFOCILDN_04296
potA_2,potA_2,Spermidine/putrescine import ATP-binding protein PotA,MFCJNMFM_02413,JIEPOILB_02847,MHMAIFBA_02361,KGLDIDPM_02415,CFOCILDN_00661
oppD_2,oppD_2,Oligopeptide transport ATP-binding protein OppD,MFCJNMFM_02144,JIEPOILB_03117,MHMAIFBA_02096,KGLDIDPM_02147,CFOCILDN_00925
rssB,rssB,Regulator of RpoS,MFCJNMFM_02135,JIEPOILB_03126,MHMAIFBA_02087,KGLDIDPM_02138,CFOCILDN_00934
usg,usg,USG-1 protein,MFCJNMFM_01582,JIEPOILB_01583,MHMAIFBA_01547,KGLDIDPM_01580,CFOCILDN_04152
hoxN,hoxN,High-affinity nickel transport protein,MFCJNMFM_01143,JIEPOILB_01143,MHMAIFBA_01131,KGLDIDPM_01142,CFOCILDN_01305
ascG_3,ascG_3,HTH-type transcriptional regulator AscG,MFCJNMFM_01140,JIEPOILB_01140,MHMAIFBA_01128,KGLDIDPM_01139,CFOCILDN_01308
tsaD,tsaD,tRNA N6-adenosine threonylcarbamoyltransferase,MFCJNMFM_00706,JIEPOILB_00707,MHMAIFBA_00657,KGLDIDPM_00706,CFOCILDN_01735
mgtE_1,mgtE_1,Magnesium transporter MgtE,MFCJNMFM_00303,JIEPOILB_00303,MHMAIFBA_00255,KGLDIDPM_00302,CFOCILDN_02757
dppF_1,dppF_1,Dipeptide transport ATP-binding protein DppF,MFCJNMFM_00263,JIEPOILB_00263,MHMAIFBA_00215,KGLDIDPM_00262,CFOCILDN_02797
phnS,phnS,Putative 2-aminoethylphosphonate-binding periplasmic protein,MFCJNMFM_00046,JIEPOILB_00046,MHMAIFBA_00046,KGLDIDPM_00046,CFOCILDN_03804
wzzE,wzzE,ECA polysaccharide chain length modulation protein,MFCJNMFM_04935,JIEPOILB_04938,MHMAIFBA_04894,KGLDIDPM_04938,CFOCILDN_04231
lhpD,lhpD,Delta(1)-pyrroline-2-carboxylate/Delta(1)-piperideine-2-carboxylate reductase,MFCJNMFM_04394,JIEPOILB_04398,MHMAIFBA_04449,KGLDIDPM_04398,CFOCILDN_01005
lplA,lplA,Lipoate-protein ligase A,MFCJNMFM_04344,JIEPOILB_04348,MHMAIFBA_04395,KGLDIDPM_04348,CFOCILDN_01053
galE,galE,UDP-glucose 4-epimerase,MFCJNMFM_03645,JIEPOILB_03649,MHMAIFBA_03519,KGLDIDPM_03649,CFOCILDN_04692
benC,benC,Benzoate 12-dioxygenase electron transfer component,MFCJNMFM_02472,JIEPOILB_02788,MHMAIFBA_02417,KGLDIDPM_02474,CFOCILDN_00602
mhpE,mhpE,4-hydroxy-2-oxovalerate aldolase,MFCJNMFM_02223,JIEPOILB_03038,MHMAIFBA_02176,KGLDIDPM_02226,CFOCILDN_00846
cysP,cysP,Thiosulfate-binding protein,MFCJNMFM_01441,JIEPOILB_01442,MHMAIFBA_01482,KGLDIDPM_01439,CFOCILDN_03078
eutD,eutD,Phosphate acetyltransferase EutD,MFCJNMFM_01421,JIEPOILB_01422,MHMAIFBA_01463,KGLDIDPM_01419,CFOCILDN_03097
pduO_3,pduO_3,Corrinoid adenosyltransferase PduO,MFCJNMFM_00956,JIEPOILB_00957,MHMAIFBA_00973,KGLDIDPM_00956,CFOCILDN_01486
galR,galR,HTH-type transcriptional regulator GalR,MFCJNMFM_00925,JIEPOILB_00926,MHMAIFBA_00942,KGLDIDPM_00925,CFOCILDN_01517
rspB,rspB,Starvation-sensing protein RspB,MFCJNMFM_00553,JIEPOILB_00554,MHMAIFBA_00505,KGLDIDPM_00553,CFOCILDN_01888
ptxS,ptxS,HTH-type transcriptional regulator PtxS,MFCJNMFM_00249,JIEPOILB_00249,MHMAIFBA_00199,KGLDIDPM_00248,CFOCILDN_02811
ahr,ahr,Aldehyde reductase Ahr,MFCJNMFM_04655,JIEPOILB_04659,MHMAIFBA_04549,KGLDIDPM_04659,CFOCILDN_02894
acoB,acoB,Acetoin:26-dichlorophenolindophenol oxidoreductase subunit beta,MFCJNMFM_04045,JIEPOILB_04049,MHMAIFBA_04108,KGLDIDPM_04049,CFOCILDN_04064
ansA,ansA,L-asparaginase 1,MFCJNMFM_03078,JIEPOILB_02182,MHMAIFBA_03048,KGLDIDPM_03082,CFOCILDN_04328
group_352,,hypothetical protein,MFCJNMFM_02537,JIEPOILB_02723,MHMAIFBA_02475,KGLDIDPM_02539,CFOCILDN_00537
yajO_1,yajO_1,1-deoxyxylulose-5-phosphate synthase YajO,MFCJNMFM_00858,JIEPOILB_00859,MHMAIFBA_00875,KGLDIDPM_00858,CFOCILDN_01583
dppB_1,dppB_1,Dipeptide transport system permease protein DppB,MFCJNMFM_00260,JIEPOILB_00260,MHMAIFBA_00212,KGLDIDPM_00259,CFOCILDN_02800
gpsA,gpsA,Glycerol-3-phosphate dehydrogenase [NAD(P)+],MFCJNMFM_00205,JIEPOILB_00205,MHMAIFBA_00157,KGLDIDPM_00204,CFOCILDN_02853
waaF,waaF,Lipopolysaccharide heptosyltransferase 2,MFCJNMFM_00194,JIEPOILB_00194,MHMAIFBA_00146,KGLDIDPM_00193,CFOCILDN_02864
iolE_2,iolE_2,Inosose dehydratase,MFCJNMFM_03755,JIEPOILB_03759,MHMAIFBA_03754,KGLDIDPM_03759,CFOCILDN_03693
dppB_3,dppB_3,Di/tripeptide transport system permease protein DppB,MFCJNMFM_03715,JIEPOILB_03719,MHMAIFBA_03704,KGLDIDPM_03719,CFOCILDN_03654
mltG,mltG,Endolytic murein transglycosylase,MFCJNMFM_03186,JIEPOILB_02074,MHMAIFBA_03154,KGLDIDPM_03190,CFOCILDN_03389
nagZ,nagZ,Beta-hexosaminidase,MFCJNMFM_03177,JIEPOILB_02083,MHMAIFBA_03145,KGLDIDPM_03181,CFOCILDN_03380
astA_1,astA_1,Arginine N-succinyltransferase,MFCJNMFM_02861,JIEPOILB_02399,MHMAIFBA_02766,KGLDIDPM_02863,CFOCILDN_00213
galS,galS,HTH-type transcriptional regulator GalS,MFCJNMFM_01702,JIEPOILB_01702,MHMAIFBA_01667,KGLDIDPM_01699,CFOCILDN_03273
metN_1,metN_1,Methionine import ATP-binding protein MetN,MFCJNMFM_01033,JIEPOILB_01033,MHMAIFBA_01030,KGLDIDPM_01032,CFOCILDN_01414
group_348,,hypothetical protein,MFCJNMFM_00801,JIEPOILB_00802,MHMAIFBA_00818,KGLDIDPM_00801,CFOCILDN_01641
group_347,,hypothetical protein,MFCJNMFM_00421,JIEPOILB_00421,MHMAIFBA_00372,KGLDIDPM_00420,CFOCILDN_04515
ytfT,ytfT,Galactofuranose transporter permease protein YtfT,MFCJNMFM_04591,JIEPOILB_04595,MHMAIFBA_04614,KGLDIDPM_04595,CFOCILDN_02958
lpxD,lpxD,UDP-3-O-(3-hydroxymyristoyl)glucosamine N-acyltransferase,MFCJNMFM_04137,JIEPOILB_04141,MHMAIFBA_04185,KGLDIDPM_04141,CFOCILDN_01260
group_344,,hypothetical protein,MFCJNMFM_03809,JIEPOILB_03813,MHMAIFBA_03805,KGLDIDPM_03813,CFOCILDN_02465
metN_2,metN_2,Methionine import ATP-binding protein MetN,MFCJNMFM_02916,JIEPOILB_02344,MHMAIFBA_02821,KGLDIDPM_02918,CFOCILDN_00158
purR_2,purR_2,HTH-type transcriptional repressor PurR,MFCJNMFM_02339,JIEPOILB_02922,MHMAIFBA_02288,KGLDIDPM_02341,CFOCILDN_00734
yfiZ,yfiZ,putative siderophore transport system permease protein YfiZ,MFCJNMFM_02237,JIEPOILB_03024,MHMAIFBA_02190,KGLDIDPM_02240,CFOCILDN_00832
yejE,yejE,Inner membrane ABC transporter permease protein YejE,MFCJNMFM_01679,JIEPOILB_01679,MHMAIFBA_01644,KGLDIDPM_01676,CFOCILDN_03250
mdtN,mdtN,Multidrug resistance protein MdtN,MFCJNMFM_00872,JIEPOILB_00873,MHMAIFBA_00888,KGLDIDPM_00872,CFOCILDN_01569
tdh,tdh,L-threonine 3-dehydrogenase,MFCJNMFM_00197,JIEPOILB_00197,MHMAIFBA_00149,KGLDIDPM_00196,CFOCILDN_02861
cytR_3,cytR_3,HTH-type transcriptional repressor CytR,MFCJNMFM_04991,JIEPOILB_04994,MHMAIFBA_04949,KGLDIDPM_04994,CFOCILDN_03836
murB,murB,UDP-N-acetylenolpyruvoylglucosamine reductase,MFCJNMFM_04870,JIEPOILB_04873,MHMAIFBA_04831,KGLDIDPM_04873,CFOCILDN_04927
epmB,epmB,L-lysine 23-aminomutase,MFCJNMFM_04509,JIEPOILB_04513,MHMAIFBA_04691,KGLDIDPM_04513,CFOCILDN_03037
rsmC,rsmC,Ribosomal RNA small subunit methyltransferase C,MFCJNMFM_04358,JIEPOILB_04362,MHMAIFBA_04409,KGLDIDPM_04362,CFOCILDN_01039
yoaD,yoaD,Putative 2-hydroxyacid dehydrogenase YoaD,MFCJNMFM_03506,JIEPOILB_03510,MHMAIFBA_03647,KGLDIDPM_03510,CFOCILDN_04410
mtnA,mtnA,Methylthioribose-1-phosphate isomerase,MFCJNMFM_03496,JIEPOILB_03500,MHMAIFBA_03657,KGLDIDPM_03500,CFOCILDN_04400
cmaX,cmaX,Divalent cation transporter CmaX,MFCJNMFM_02845,JIEPOILB_02415,MHMAIFBA_02750,KGLDIDPM_02847,CFOCILDN_00229
vldW_2,vldW_2,Validamycin A dioxygenase,MFCJNMFM_02688,JIEPOILB_02572,MHMAIFBA_02622,KGLDIDPM_02690,CFOCILDN_00385
epd,epd,D-erythrose-4-phosphate dehydrogenase,MFCJNMFM_00816,JIEPOILB_00817,MHMAIFBA_00833,KGLDIDPM_00816,CFOCILDN_01625
uup_3,uup_3,ATP-binding protein Uup,MFCJNMFM_04761,JIEPOILB_04765,MHMAIFBA_04723,KGLDIDPM_04765,CFOCILDN_03544
metN_3,metN_3,Methionine import ATP-binding protein MetN,MFCJNMFM_04116,JIEPOILB_04120,MHMAIFBA_04164,KGLDIDPM_04120,CFOCILDN_01281
iolU_2,iolU_2,scyllo-inositol 2-dehydrogenase (NADP(+)) IolU,MFCJNMFM_03797,JIEPOILB_03801,MHMAIFBA_03793,KGLDIDPM_03801,CFOCILDN_02453
rbsC_5,rbsC_5,Ribose import permease protein RbsC,MFCJNMFM_03792,JIEPOILB_03796,MHMAIFBA_03788,KGLDIDPM_03796,CFOCILDN_02448
xecA1,xecA1,2-hydroxypropyl-CoM lyase,MFCJNMFM_02185,JIEPOILB_03076,MHMAIFBA_02138,KGLDIDPM_02188,CFOCILDN_00884
hemS,hemS,Hemin transport protein HemS,MFCJNMFM_01102,JIEPOILB_01102,MHMAIFBA_01090,KGLDIDPM_01101,CFOCILDN_01346
yhjD,yhjD,Inner membrane protein YhjD,MFCJNMFM_00286,JIEPOILB_00286,MHMAIFBA_00238,KGLDIDPM_00285,CFOCILDN_02774
group_341,,2-haloacrylate reductase,MFCJNMFM_02919,JIEPOILB_02341,MHMAIFBA_02824,KGLDIDPM_02921,CFOCILDN_00155
rhaT,rhaT,L-rhamnose-proton symporter,MFCJNMFM_05004,JIEPOILB_05007,MHMAIFBA_04962,KGLDIDPM_05007,CFOCILDN_03849
group_337,,hypothetical protein,MFCJNMFM_03795,JIEPOILB_03799,MHMAIFBA_03791,KGLDIDPM_03799,CFOCILDN_02451
group_336,,hypothetical protein,MFCJNMFM_03748,JIEPOILB_03752,MHMAIFBA_03739,KGLDIDPM_03752,CFOCILDN_03686
holA,holA,DNA polymerase III subunit delta,MFCJNMFM_03543,JIEPOILB_03547,MHMAIFBA_03610,KGLDIDPM_03547,CFOCILDN_04447
astA_2,astA_2,Arginine N-succinyltransferase,MFCJNMFM_03057,JIEPOILB_02203,MHMAIFBA_03027,KGLDIDPM_03060,CFOCILDN_00017
tqsA,tqsA,AI-2 transport protein TqsA,MFCJNMFM_02790,JIEPOILB_02470,MHMAIFBA_02695,KGLDIDPM_02792,CFOCILDN_00284
bamC,bamC,Outer membrane protein assembly factor BamC,MFCJNMFM_01402,JIEPOILB_01403,MHMAIFBA_01444,KGLDIDPM_01400,CFOCILDN_03116
lsrC,lsrC,Autoinducer 2 import system permease protein LsrC,MFCJNMFM_00671,JIEPOILB_00672,MHMAIFBA_00622,KGLDIDPM_00671,CFOCILDN_01770
yajO_3,yajO_3,1-deoxyxylulose-5-phosphate synthase YajO,MFCJNMFM_02628,JIEPOILB_02632,MHMAIFBA_02561,KGLDIDPM_02630,CFOCILDN_00446
curA,curA,NADPH-dependent curcumin reductase,MFCJNMFM_02427,JIEPOILB_02833,MHMAIFBA_02375,KGLDIDPM_02429,CFOCILDN_00647
group_335,,hypothetical protein,MFCJNMFM_02232,JIEPOILB_03029,MHMAIFBA_02185,KGLDIDPM_02235,CFOCILDN_00837
hmuU_2,hmuU_2,Hemin transport system permease protein HmuU,MFCJNMFM_02188,JIEPOILB_03073,MHMAIFBA_02141,KGLDIDPM_02191,CFOCILDN_00881
dppB_2,dppB_2,Di/tripeptide transport system permease protein DppB,MFCJNMFM_01754,JIEPOILB_01753,MHMAIFBA_01719,KGLDIDPM_01750,CFOCILDN_03324
purM,purM,Phosphoribosylformylglycinamidine cyclo-ligase,MFCJNMFM_01388,JIEPOILB_01389,MHMAIFBA_01431,KGLDIDPM_01386,CFOCILDN_03130
yhhX,yhhX,putative oxidoreductase YhhX,MFCJNMFM_00355,JIEPOILB_00355,MHMAIFBA_00306,KGLDIDPM_00354,CFOCILDN_02706
pstS,pstS,Phosphate-binding protein PstS,MFCJNMFM_05088,JIEPOILB_05091,MHMAIFBA_05045,KGLDIDPM_05091,CFOCILDN_03741
rbsR_2,rbsR_2,Ribose operon repressor,MFCJNMFM_03500,JIEPOILB_03504,MHMAIFBA_03653,KGLDIDPM_03504,CFOCILDN_04404
bioB,bioB,Biotin synthase,MFCJNMFM_03483,JIEPOILB_03487,MHMAIFBA_03491,KGLDIDPM_03487,CFOCILDN_02170
group_333,,hypothetical protein,MFCJNMFM_02552,JIEPOILB_02708,MHMAIFBA_02491,KGLDIDPM_02554,CFOCILDN_00522
ydgJ_1,ydgJ_1,putative oxidoreductase YdgJ,MFCJNMFM_02377,JIEPOILB_02884,MHMAIFBA_02326,KGLDIDPM_02379,CFOCILDN_00696
tas,tas,Protein tas,MFCJNMFM_00928,JIEPOILB_00929,MHMAIFBA_00945,KGLDIDPM_00928,CFOCILDN_01514
guaC,guaC,GMP reductase,MFCJNMFM_04222,JIEPOILB_04226,MHMAIFBA_04273,KGLDIDPM_04226,CFOCILDN_01175
galM,galM,Aldose 1-epimerase,MFCJNMFM_03642,JIEPOILB_03646,MHMAIFBA_03522,KGLDIDPM_03646,CFOCILDN_04689
nadA,nadA,Quinolinate synthase,MFCJNMFM_03627,JIEPOILB_03631,MHMAIFBA_03528,KGLDIDPM_03631,CFOCILDN_04674
ansB,ansB,L-asparaginase,MFCJNMFM_03115,JIEPOILB_02145,MHMAIFBA_03093,KGLDIDPM_03119,CFOCILDN_04291
selD,selD,Selenide water dikinase,MFCJNMFM_03072,JIEPOILB_02188,MHMAIFBA_03042,KGLDIDPM_03076,CFOCILDN_00002
gatD,gatD,Galactitol 1-phosphate 5-dehydrogenase,MFCJNMFM_00623,JIEPOILB_00624,MHMAIFBA_00575,KGLDIDPM_00623,CFOCILDN_01818
mreB,mreB,Cell shape-determining protein MreB,MFCJNMFM_00524,JIEPOILB_00525,MHMAIFBA_00475,KGLDIDPM_00524,CFOCILDN_01917
group_330,,hypothetical protein,MFCJNMFM_04363,JIEPOILB_04367,MHMAIFBA_04414,KGLDIDPM_04367,CFOCILDN_01036
murG,murG,UDP-N-acetylglucosamine--N-acetylmuramyl-(pentapeptide) pyrophosphoryl-undecaprenol N-acetylglucosamine transferase,MFCJNMFM_04235,JIEPOILB_04239,MHMAIFBA_04286,KGLDIDPM_04239,CFOCILDN_01162
galT,galT,Galactose-1-phosphate uridylyltransferase,MFCJNMFM_03644,JIEPOILB_03648,MHMAIFBA_03520,KGLDIDPM_03648,CFOCILDN_04691
ybeZ,ybeZ,PhoH-like protein,MFCJNMFM_03556,JIEPOILB_03560,MHMAIFBA_03597,KGLDIDPM_03560,CFOCILDN_04460
pyrC,pyrC,Dihydroorotase,MFCJNMFM_03207,JIEPOILB_02053,MHMAIFBA_03175,KGLDIDPM_03211,CFOCILDN_03410
potD,potD,Spermidine/putrescine-binding periplasmic protein,MFCJNMFM_03151,JIEPOILB_02109,MHMAIFBA_03128,KGLDIDPM_03155,CFOCILDN_04256
aroH,aroH,Phospho-2-dehydro-3-deoxyheptonate aldolase Trp-sensitive,MFCJNMFM_02176,JIEPOILB_03085,MHMAIFBA_02128,KGLDIDPM_02179,CFOCILDN_00893
group_329,,hypothetical protein,MFCJNMFM_02098,JIEPOILB_03163,MHMAIFBA_02050,KGLDIDPM_02101,CFOCILDN_02399
group_328,,hypothetical protein,MFCJNMFM_02089,JIEPOILB_03172,MHMAIFBA_02041,KGLDIDPM_02092,CFOCILDN_02390
group_327,,hypothetical protein,MFCJNMFM_01413,JIEPOILB_01414,MHMAIFBA_01455,KGLDIDPM_01411,CFOCILDN_03105
group_326,,hypothetical protein,MFCJNMFM_01063,JIEPOILB_01063,MHMAIFBA_01061,KGLDIDPM_01062,CFOCILDN_01384
glnL,glnL,Sensory histidine kinase/phosphatase NtrB,MFCJNMFM_05045,JIEPOILB_05048,MHMAIFBA_05003,KGLDIDPM_05048,CFOCILDN_03890
group_325,,hypothetical protein,MFCJNMFM_04002,JIEPOILB_04006,MHMAIFBA_04068,KGLDIDPM_04006,CFOCILDN_02658
group_324,,hypothetical protein,MFCJNMFM_01695,JIEPOILB_01695,MHMAIFBA_01660,KGLDIDPM_01692,CFOCILDN_03266
truD,truD,tRNA pseudouridine synthase D,MFCJNMFM_01072,JIEPOILB_01072,MHMAIFBA_01070,KGLDIDPM_01071,CFOCILDN_01375
yhhT_1,yhhT_1,Putative transport protein YhhT,MFCJNMFM_00319,JIEPOILB_00319,MHMAIFBA_00271,KGLDIDPM_00318,CFOCILDN_02741
yahK,yahK,Aldehyde reductase YahK,MFCJNMFM_00084,JIEPOILB_00084,MHMAIFBA_00084,KGLDIDPM_00084,CFOCILDN_04365
phoE,phoE,Outer membrane porin PhoE,MFCJNMFM_04024,JIEPOILB_04028,MHMAIFBA_04090,KGLDIDPM_04028,CFOCILDN_04085
cds1_2,cds1_2,L-cysteine desulfhydrase Cds1,MFCJNMFM_03895,JIEPOILB_03899,MHMAIFBA_03961,KGLDIDPM_03899,CFOCILDN_02552
group_322,,hypothetical protein,MFCJNMFM_02972,JIEPOILB_02288,MHMAIFBA_02938,KGLDIDPM_02974,CFOCILDN_00102
rsxD,rsxD,Ion-translocating oxidoreductase complex subunit D,MFCJNMFM_02370,JIEPOILB_02891,MHMAIFBA_02319,KGLDIDPM_02372,CFOCILDN_00703
feuC,feuC,Iron-uptake system permease protein FeuC,MFCJNMFM_02238,JIEPOILB_03023,MHMAIFBA_02191,KGLDIDPM_02241,CFOCILDN_00831
fbaB,fbaB,Fructose-bisphosphate aldolase class 1,MFCJNMFM_01741,JIEPOILB_01741,MHMAIFBA_01707,KGLDIDPM_01738,CFOCILDN_03312
apbE_1,apbE_1,FAD:protein FMN transferase,MFCJNMFM_01656,JIEPOILB_01656,MHMAIFBA_01621,KGLDIDPM_01653,CFOCILDN_03227
eutR,eutR,HTH-type DNA-binding transcriptional activator EutR,MFCJNMFM_01434,JIEPOILB_01435,MHMAIFBA_01475,KGLDIDPM_01432,CFOCILDN_03085
dinB,dinB,DNA polymerase IV,MFCJNMFM_04082,JIEPOILB_04086,MHMAIFBA_04132,KGLDIDPM_04086,CFOCILDN_04027
cobT_1,cobT_1,Nicotinate-nucleotide--dimethylbenzimidazole phosphoribosyltransferase,MFCJNMFM_00991,JIEPOILB_00992,MHMAIFBA_01006,KGLDIDPM_00991,CFOCILDN_01453
ftsX,ftsX,Cell division protein FtsX,MFCJNMFM_00331,JIEPOILB_00331,MHMAIFBA_00283,KGLDIDPM_00330,CFOCILDN_02729
btuD_2,btuD_2,Vitamin B12 import ATP-binding protein BtuD,MFCJNMFM_03651,JIEPOILB_03655,MHMAIFBA_03513,KGLDIDPM_03655,CFOCILDN_04698
group_319,,putative protein,MFCJNMFM_02964,JIEPOILB_02296,MHMAIFBA_02930,KGLDIDPM_02966,CFOCILDN_00110
gntR_2,gntR_2,HTH-type transcriptional regulator GntR,MFCJNMFM_02593,JIEPOILB_02667,MHMAIFBA_02541,KGLDIDPM_02595,CFOCILDN_00481
molA,molA,Molybdate-binding protein MolA,MFCJNMFM_02216,JIEPOILB_03045,MHMAIFBA_02169,KGLDIDPM_02219,CFOCILDN_00853
yeeA,yeeA,Inner membrane protein YeeA,MFCJNMFM_01815,JIEPOILB_01821,MHMAIFBA_01791,KGLDIDPM_01818,CFOCILDN_02183
recA,recA,Protein RecA,MFCJNMFM_01160,JIEPOILB_01160,MHMAIFBA_01148,KGLDIDPM_01159,CFOCILDN_01288
mutY,mutY,Adenine DNA glycosylase,MFCJNMFM_00777,JIEPOILB_00778,MHMAIFBA_00794,KGLDIDPM_00777,CFOCILDN_01665
degS,degS,Serine endoprotease DegS,MFCJNMFM_00540,JIEPOILB_00541,MHMAIFBA_00492,KGLDIDPM_00540,CFOCILDN_01901
ada_1,ada_1,Bifunctional transcriptional activator/DNA repair enzyme Ada,MFCJNMFM_00118,JIEPOILB_00117,MHMAIFBA_00117,KGLDIDPM_00117,CFOCILDN_04332
rsgA,rsgA,Small ribosomal subunit biogenesis GTPase RsgA,MFCJNMFM_04523,JIEPOILB_04527,MHMAIFBA_04677,KGLDIDPM_04527,CFOCILDN_03023
glmS_2,glmS_2,Glutamine--fructose-6-phosphate aminotransferase [isomerizing],MFCJNMFM_04379,JIEPOILB_04383,MHMAIFBA_04430,KGLDIDPM_04383,CFOCILDN_01020
glmS_1,glmS_1,Glutamine--fructose-6-phosphate aminotransferase [isomerizing],MFCJNMFM_03745,JIEPOILB_03749,MHMAIFBA_03736,KGLDIDPM_03749,CFOCILDN_03683
group_318,,hypothetical protein,MFCJNMFM_02976,JIEPOILB_02284,MHMAIFBA_02942,KGLDIDPM_02978,CFOCILDN_00098
zapE_2,zapE_2,Cell division protein ZapE,MFCJNMFM_02525,JIEPOILB_02735,MHMAIFBA_02463,KGLDIDPM_02527,CFOCILDN_00549
yncE_1,yncE_1,putative protein YncE,MFCJNMFM_02432,JIEPOILB_02828,MHMAIFBA_02380,KGLDIDPM_02434,CFOCILDN_00642
rstB_1,rstB_1,Sensor protein RstB,MFCJNMFM_02274,JIEPOILB_02987,MHMAIFBA_02226,KGLDIDPM_02277,CFOCILDN_00797
hisC_1,hisC_1,Histidinol-phosphate aminotransferase,MFCJNMFM_01802,JIEPOILB_01808,MHMAIFBA_01778,KGLDIDPM_01805,CFOCILDN_04813
zipA,zipA,Cell division protein ZipA,MFCJNMFM_01455,JIEPOILB_01456,MHMAIFBA_01496,KGLDIDPM_01453,CFOCILDN_03064
yhhT_2,yhhT_2,Putative transport protein YhhT,MFCJNMFM_01398,JIEPOILB_01399,MHMAIFBA_01440,KGLDIDPM_01396,CFOCILDN_03120
group_317,,hypothetical protein,MFCJNMFM_00006,JIEPOILB_00006,MHMAIFBA_00006,KGLDIDPM_00006,CFOCILDN_03764
hemE,hemE,Uroporphyrinogen decarboxylase,MFCJNMFM_04841,JIEPOILB_04845,MHMAIFBA_04802,KGLDIDPM_04845,CFOCILDN_04781
ulaG,ulaG,putative L-ascorbate-6-phosphate lactonase UlaG,MFCJNMFM_04550,JIEPOILB_04554,MHMAIFBA_04650,KGLDIDPM_04554,CFOCILDN_02998
group_314,,hypothetical protein,MFCJNMFM_04431,JIEPOILB_04435,MHMAIFBA_04480,KGLDIDPM_04435,CFOCILDN_00968
queA,queA,S-adenosylmethionine:tRNA ribosyltransferase-isomerase,MFCJNMFM_03948,JIEPOILB_03952,MHMAIFBA_04014,KGLDIDPM_03952,CFOCILDN_02605
group_313,,hypothetical protein,MFCJNMFM_03671,JIEPOILB_03675,MHMAIFBA_03660,KGLDIDPM_03675,CFOCILDN_03610
trhO,trhO,tRNA uridine(34) hydroxylase,MFCJNMFM_03212,JIEPOILB_02048,MHMAIFBA_03180,KGLDIDPM_03216,CFOCILDN_03415
group_312,,Amino acid binding protein,MFCJNMFM_02062,JIEPOILB_03199,MHMAIFBA_01996,KGLDIDPM_02065,CFOCILDN_02363
ada_2,ada_2,Bifunctional transcriptional activator/DNA repair enzyme Ada,MFCJNMFM_01657,JIEPOILB_01657,MHMAIFBA_01622,KGLDIDPM_01654,CFOCILDN_03228
uxuA_1,uxuA_1,Mannonate dehydratase,MFCJNMFM_00554,JIEPOILB_00555,MHMAIFBA_00506,KGLDIDPM_00554,CFOCILDN_01887
rffG,rffG,dTDP-glucose 46-dehydratase 2,MFCJNMFM_04932,JIEPOILB_04935,MHMAIFBA_04891,KGLDIDPM_04935,CFOCILDN_04228
group_311,,hypothetical protein,MFCJNMFM_04456,JIEPOILB_04460,MHMAIFBA_04493,KGLDIDPM_04460,CFOCILDN_00943
yibH_3,yibH_3,Inner membrane protein YibH,MFCJNMFM_04432,JIEPOILB_04436,MHMAIFBA_04481,KGLDIDPM_04436,CFOCILDN_00967
purK,purK,N5-carboxyaminoimidazole ribonucleotide synthase,MFCJNMFM_03828,JIEPOILB_03832,MHMAIFBA_03893,KGLDIDPM_03832,CFOCILDN_02484
rbsC_4,rbsC_4,Ribose import permease protein RbsC,MFCJNMFM_03702,JIEPOILB_03706,MHMAIFBA_03691,KGLDIDPM_03706,CFOCILDN_03641
cobT_2,cobT_2,Nicotinate-nucleotide--dimethylbenzimidazole phosphoribosyltransferase,MFCJNMFM_01818,JIEPOILB_01824,MHMAIFBA_01794,KGLDIDPM_01821,CFOCILDN_02186
hisB,hisB,Histidine biosynthesis bifunctional protein HisB,MFCJNMFM_01801,JIEPOILB_01807,MHMAIFBA_01777,KGLDIDPM_01804,CFOCILDN_04812
chuR,chuR,Serine-type anaerobic sulfatase-maturating enzyme,MFCJNMFM_01380,JIEPOILB_01381,MHMAIFBA_01423,KGLDIDPM_01378,CFOCILDN_03138
proW,proW,Glycine betaine/proline betaine transport system permease protein ProW,MFCJNMFM_01181,JIEPOILB_01181,MHMAIFBA_01170,KGLDIDPM_01179,CFOCILDN_03916
lacI_2,lacI_2,Lactose operon repressor,MFCJNMFM_03870,JIEPOILB_03874,MHMAIFBA_03936,KGLDIDPM_03874,CFOCILDN_02527
ompA_2,ompA_2,Outer membrane protein A,MFCJNMFM_03297,JIEPOILB_03301,MHMAIFBA_03257,KGLDIDPM_03301,CFOCILDN_01942
paaE,paaE,12-phenylacetyl-CoA epoxidase subunit E,MFCJNMFM_02882,JIEPOILB_02378,MHMAIFBA_02787,KGLDIDPM_02884,CFOCILDN_00192
potA_1,potA_1,Spermidine/putrescine import ATP-binding protein PotA,MFCJNMFM_02254,JIEPOILB_03007,MHMAIFBA_02207,KGLDIDPM_02257,CFOCILDN_00815
dadX,dadX,Alanine racemase catabolic,MFCJNMFM_02044,JIEPOILB_03217,MHMAIFBA_01979,KGLDIDPM_02047,CFOCILDN_02345
glpQ,glpQ,Glycerophosphodiester phosphodiesterase periplasmic,MFCJNMFM_01645,JIEPOILB_01646,MHMAIFBA_01611,KGLDIDPM_01643,CFOCILDN_04089
aroF,aroF,Phospho-2-dehydro-3-deoxyheptonate aldolase Tyr-sensitive,MFCJNMFM_01225,JIEPOILB_01225,MHMAIFBA_01281,KGLDIDPM_01223,CFOCILDN_03989
dhaK_2,dhaK_2,PEP-dependent dihydroxyacetone kinase dihydroxyacetone-binding subunit DhaK,MFCJNMFM_00682,JIEPOILB_00683,MHMAIFBA_00633,KGLDIDPM_00682,CFOCILDN_01759
ugpC_1,ugpC_1,sn-glycerol-3-phosphate import ATP-binding protein UgpC,MFCJNMFM_00349,JIEPOILB_00349,MHMAIFBA_00300,KGLDIDPM_00348,CFOCILDN_02712
group_308,,hypothetical protein,MFCJNMFM_04351,JIEPOILB_04355,MHMAIFBA_04402,KGLDIDPM_04355,CFOCILDN_01046
recF_1,recF_1,DNA replication and repair protein RecF,MFCJNMFM_00003,JIEPOILB_00003,MHMAIFBA_00003,KGLDIDPM_00003,CFOCILDN_03761
wecF,wecF,TDP-N-acetylfucosamine:lipid II N-acetylfucosaminyltransferase,MFCJNMFM_04927,JIEPOILB_04930,MHMAIFBA_04886,KGLDIDPM_04930,CFOCILDN_04223
cobD_1,cobD_1,Threonine-phosphate decarboxylase,MFCJNMFM_00947,JIEPOILB_00948,MHMAIFBA_00964,KGLDIDPM_00947,CFOCILDN_01495
waaQ,waaQ,Lipopolysaccharide heptosyltransferase 3,MFCJNMFM_00188,JIEPOILB_00188,MHMAIFBA_00140,KGLDIDPM_00187,CFOCILDN_02871
alr,alr,Alanine racemase biosynthetic,MFCJNMFM_04777,JIEPOILB_04781,MHMAIFBA_04740,KGLDIDPM_04781,CFOCILDN_03560
mdtA_4,mdtA_4,Multidrug resistance protein MdtA,MFCJNMFM_03731,JIEPOILB_03735,MHMAIFBA_03722,KGLDIDPM_03735,CFOCILDN_03670
hcxB,hcxB,Hydroxycarboxylate dehydrogenase B,MFCJNMFM_02251,JIEPOILB_03010,MHMAIFBA_02204,KGLDIDPM_02254,CFOCILDN_00818
group_301,,hypothetical protein,MFCJNMFM_01370,JIEPOILB_01371,MHMAIFBA_01364,KGLDIDPM_01368,CFOCILDN_03148
mltB,mltB,Membrane-bound lytic murein transglycosylase B,MFCJNMFM_01154,JIEPOILB_01154,MHMAIFBA_01142,KGLDIDPM_01153,CFOCILDN_01294
fbaA_1,fbaA_1,Fructose-bisphosphate aldolase class 2,MFCJNMFM_00818,JIEPOILB_00819,MHMAIFBA_00835,KGLDIDPM_00818,CFOCILDN_01623
group_300,,hypothetical protein,MFCJNMFM_00190,JIEPOILB_00190,MHMAIFBA_00142,KGLDIDPM_00189,CFOCILDN_02869
lptG,lptG,Lipopolysaccharide export system permease protein LptG,MFCJNMFM_04639,JIEPOILB_04643,MHMAIFBA_04566,KGLDIDPM_04643,CFOCILDN_02910
mraY,mraY,Phospho-N-acetylmuramoyl-pentapeptide-transferase,MFCJNMFM_04238,JIEPOILB_04242,MHMAIFBA_04289,KGLDIDPM_04242,CFOCILDN_01159
hmuU_3,hmuU_3,Hemin transport system permease protein HmuU,MFCJNMFM_03781,JIEPOILB_03785,MHMAIFBA_03777,KGLDIDPM_03785,CFOCILDN_02437
yncE_2,yncE_2,putative protein YncE,MFCJNMFM_03759,JIEPOILB_03763,MHMAIFBA_03758,KGLDIDPM_03763,CFOCILDN_03697
sohB,sohB,putative protease SohB,MFCJNMFM_03012,JIEPOILB_02248,MHMAIFBA_02978,KGLDIDPM_03015,CFOCILDN_00062
prfA,prfA,Peptide chain release factor RF1,MFCJNMFM_02104,JIEPOILB_03157,MHMAIFBA_02056,KGLDIDPM_02107,CFOCILDN_02405
wecB,wecB,UDP-N-acetylglucosamine 2-epimerase,MFCJNMFM_04934,JIEPOILB_04937,MHMAIFBA_04893,KGLDIDPM_04937,CFOCILDN_04230
dmlA,dmlA,D-malate dehydrogenase [decarboxylating],MFCJNMFM_03267,JIEPOILB_01993,MHMAIFBA_03233,KGLDIDPM_03271,CFOCILDN_03470
group_297,,hypothetical protein,MFCJNMFM_02933,JIEPOILB_02327,MHMAIFBA_02838,KGLDIDPM_02935,CFOCILDN_00141
emrA_2,emrA_2,Colistin resistance protein EmrA,MFCJNMFM_02868,JIEPOILB_02392,MHMAIFBA_02773,KGLDIDPM_02870,CFOCILDN_00206
msuD_2,msuD_2,Methanesulfonate monooxygenase,MFCJNMFM_02229,JIEPOILB_03032,MHMAIFBA_02182,KGLDIDPM_02232,CFOCILDN_00840
aroC,aroC,Chorismate synthase,MFCJNMFM_01572,JIEPOILB_01573,MHMAIFBA_01537,KGLDIDPM_01570,CFOCILDN_04162
yfiF,yfiF,putative tRNA/rRNA methyltransferase YfiF,MFCJNMFM_01244,JIEPOILB_01244,MHMAIFBA_01301,KGLDIDPM_01242,CFOCILDN_03211
mltC,mltC,Membrane-bound lytic murein transglycosylase C,MFCJNMFM_00775,JIEPOILB_00776,MHMAIFBA_00792,KGLDIDPM_00775,CFOCILDN_01667
galD,galD,4-oxalomesaconate tautomerase,MFCJNMFM_00060,JIEPOILB_00060,MHMAIFBA_00061,KGLDIDPM_00060,CFOCILDN_04389
hcxA,hcxA,Hydroxycarboxylate dehydrogenase A,MFCJNMFM_03674,JIEPOILB_03678,MHMAIFBA_03663,KGLDIDPM_03678,CFOCILDN_03613
serC,serC,Phosphoserine aminotransferase,MFCJNMFM_03344,JIEPOILB_03348,MHMAIFBA_03304,KGLDIDPM_03348,CFOCILDN_01989
xylB_4,xylB_4,Aryl-alcohol dehydrogenase,MFCJNMFM_02392,JIEPOILB_02869,MHMAIFBA_02341,KGLDIDPM_02394,CFOCILDN_00681
group_295,,hypothetical protein,MFCJNMFM_02252,JIEPOILB_03009,MHMAIFBA_02205,KGLDIDPM_02255,CFOCILDN_00817
leuB,leuB,3-isopropylmalate dehydrogenase,MFCJNMFM_04250,JIEPOILB_04254,MHMAIFBA_04301,KGLDIDPM_04254,CFOCILDN_01147
rutA,rutA,Pyrimidine monooxygenase RutA,MFCJNMFM_03243,JIEPOILB_02017,MHMAIFBA_03211,KGLDIDPM_03247,CFOCILDN_03446
group_293,,hypothetical protein,MFCJNMFM_02482,JIEPOILB_02778,MHMAIFBA_02426,KGLDIDPM_02484,CFOCILDN_00592
ychF,ychF,Ribosome-binding ATPase YchF,MFCJNMFM_02095,JIEPOILB_03166,MHMAIFBA_02047,KGLDIDPM_02098,CFOCILDN_02396
yejB,yejB,Inner membrane ABC transporter permease protein YejB,MFCJNMFM_01680,JIEPOILB_01680,MHMAIFBA_01645,KGLDIDPM_01677,CFOCILDN_03251
cysA,cysA,Sulfate/thiosulfate import ATP-binding protein CysA,MFCJNMFM_01444,JIEPOILB_01445,MHMAIFBA_01485,KGLDIDPM_01442,CFOCILDN_03075
gcvT,gcvT,Aminomethyltransferase,MFCJNMFM_00831,JIEPOILB_00832,MHMAIFBA_00848,KGLDIDPM_00831,CFOCILDN_01610
aroB,aroB,3-dehydroquinate synthase,MFCJNMFM_00399,JIEPOILB_00399,MHMAIFBA_00350,KGLDIDPM_00398,CFOCILDN_04493
pglJ,pglJ,N-acetylgalactosamine-NN'-diacetylbacillosaminyl-diphospho-undecaprenol 4-alpha-N-acetylgalactosaminyltransferase,MFCJNMFM_00186,JIEPOILB_00186,MHMAIFBA_00138,KGLDIDPM_00185,CFOCILDN_02873
ybhR_1,ybhR_1,putative multidrug ABC transporter permease YbhR,MFCJNMFM_00172,JIEPOILB_00172,MHMAIFBA_00124,KGLDIDPM_00171,CFOCILDN_02887
lptF,lptF,Lipopolysaccharide export system permease protein LptF,MFCJNMFM_04638,JIEPOILB_04642,MHMAIFBA_04567,KGLDIDPM_04642,CFOCILDN_02911
ddlA,ddlA,D-alanine--D-alanine ligase A,MFCJNMFM_03982,JIEPOILB_03986,MHMAIFBA_04048,KGLDIDPM_03986,CFOCILDN_02638
nemA,nemA,N-ethylmaleimide reductase,MFCJNMFM_02348,JIEPOILB_02913,MHMAIFBA_02297,KGLDIDPM_02350,CFOCILDN_00725
mltA,mltA,Membrane-bound lytic murein transglycosylase A,MFCJNMFM_01013,JIEPOILB_01013,MHMAIFBA_01010,KGLDIDPM_01012,CFOCILDN_01434
dhaD,dhaD,Glycerol dehydrogenase,MFCJNMFM_00683,JIEPOILB_00684,MHMAIFBA_00634,KGLDIDPM_00683,CFOCILDN_01758
livJ,livJ,Leu/Ile/Val-binding protein,MFCJNMFM_00337,JIEPOILB_00337,MHMAIFBA_00288,KGLDIDPM_00336,CFOCILDN_02724
trmA,trmA,tRNA/tmRNA (uracil-C(5))-methyltransferase,MFCJNMFM_04966,JIEPOILB_04969,MHMAIFBA_04924,KGLDIDPM_04969,CFOCILDN_03811
group_284,,putative protein,MFCJNMFM_03736,JIEPOILB_03740,MHMAIFBA_03727,KGLDIDPM_03740,CFOCILDN_03675
group_283,,hypothetical protein,MFCJNMFM_02589,JIEPOILB_02671,MHMAIFBA_02537,KGLDIDPM_02591,CFOCILDN_00485
group_282,,NADPH dehydrogenase,MFCJNMFM_02585,JIEPOILB_02675,MHMAIFBA_02533,KGLDIDPM_02587,CFOCILDN_00489
chaA,chaA,Sodium-potassium/proton antiporter ChaA,MFCJNMFM_02109,JIEPOILB_03152,MHMAIFBA_02061,KGLDIDPM_02112,CFOCILDN_02410
rlmM,rlmM,Ribosomal RNA large subunit methyltransferase M,MFCJNMFM_01020,JIEPOILB_01020,MHMAIFBA_01017,KGLDIDPM_01019,CFOCILDN_01427
dnaN,dnaN,Beta sliding clamp,MFCJNMFM_00002,JIEPOILB_00002,MHMAIFBA_00002,KGLDIDPM_00002,CFOCILDN_03760
gldA,gldA,Glycerol dehydrogenase,MFCJNMFM_04979,JIEPOILB_04982,MHMAIFBA_04937,KGLDIDPM_04982,CFOCILDN_03824
wecA,wecA,Undecaprenyl-phosphate alpha-N-acetylglucosaminyl 1-phosphate transferase,MFCJNMFM_04936,JIEPOILB_04939,MHMAIFBA_04895,KGLDIDPM_04939,CFOCILDN_04232
proB,proB,Glutamate 5-kinase,MFCJNMFM_04025,JIEPOILB_04029,MHMAIFBA_04091,KGLDIDPM_04029,CFOCILDN_04084
ribD,ribD,Riboflavin biosynthesis protein RibD,MFCJNMFM_03938,JIEPOILB_03942,MHMAIFBA_04004,KGLDIDPM_03942,CFOCILDN_02595
group_280,,hypothetical protein,MFCJNMFM_01833,JIEPOILB_01839,MHMAIFBA_01809,KGLDIDPM_01836,CFOCILDN_02201
phnW,phnW,2-aminoethylphosphonate--pyruvate transaminase,MFCJNMFM_00044,JIEPOILB_00044,MHMAIFBA_00044,KGLDIDPM_00044,CFOCILDN_03802
group_279,,hypothetical protein,MFCJNMFM_03985,JIEPOILB_03989,MHMAIFBA_04051,KGLDIDPM_03989,CFOCILDN_02641
ybhR_2,ybhR_2,putative multidrug ABC transporter permease YbhR,MFCJNMFM_03462,JIEPOILB_03466,MHMAIFBA_03470,KGLDIDPM_03466,CFOCILDN_02149
group_278,,hypothetical protein,MFCJNMFM_02549,JIEPOILB_02711,MHMAIFBA_02488,KGLDIDPM_02551,CFOCILDN_00525
asd_1,asd_1,Aspartate-semialdehyde dehydrogenase,MFCJNMFM_00360,JIEPOILB_00360,MHMAIFBA_00311,KGLDIDPM_00359,CFOCILDN_02701
malK_2,malK_2,Maltose/maltodextrin import ATP-binding protein MalK,MFCJNMFM_04795,JIEPOILB_04799,MHMAIFBA_04756,KGLDIDPM_04799,CFOCILDN_03576
malK_1,malK_1,Maltose/maltodextrin import ATP-binding protein MalK,MFCJNMFM_03878,JIEPOILB_03882,MHMAIFBA_03944,KGLDIDPM_03882,CFOCILDN_02535
yliI,yliI,Aldose sugar dehydrogenase YliI,MFCJNMFM_03411,JIEPOILB_03415,MHMAIFBA_03417,KGLDIDPM_03415,CFOCILDN_02098
ycbX_1,ycbX_1,putative protein YcbX,MFCJNMFM_03306,JIEPOILB_03310,MHMAIFBA_03266,KGLDIDPM_03310,CFOCILDN_01951
mdtA_2,mdtA_2,Multidrug resistance protein MdtA,MFCJNMFM_02193,JIEPOILB_03068,MHMAIFBA_02146,KGLDIDPM_02196,CFOCILDN_00876
ahcY,ahcY,Adenosylhomocysteinase,MFCJNMFM_01819,JIEPOILB_01825,MHMAIFBA_01795,KGLDIDPM_01822,CFOCILDN_02187
apbC,apbC,Iron-sulfur cluster carrier protein,MFCJNMFM_01731,JIEPOILB_01731,MHMAIFBA_01697,KGLDIDPM_01728,CFOCILDN_03302
group_276,,Putative transport protein,MFCJNMFM_01664,JIEPOILB_01664,MHMAIFBA_01629,KGLDIDPM_01661,CFOCILDN_03235
group_275,,hypothetical protein,MFCJNMFM_01057,JIEPOILB_01057,MHMAIFBA_01055,KGLDIDPM_01056,CFOCILDN_01390
livK,livK,Leucine-specific-binding protein,MFCJNMFM_00339,JIEPOILB_00339,MHMAIFBA_00290,KGLDIDPM_00338,CFOCILDN_02722
bcsZ,bcsZ,Endoglucanase,MFCJNMFM_00278,JIEPOILB_00278,MHMAIFBA_00230,KGLDIDPM_00277,CFOCILDN_02782
mrdB,mrdB,Peptidoglycan glycosyltransferase MrdB,MFCJNMFM_03537,JIEPOILB_03541,MHMAIFBA_03616,KGLDIDPM_03541,CFOCILDN_04441
ybiR,ybiR,Inner membrane protein YbiR,MFCJNMFM_03434,JIEPOILB_03438,MHMAIFBA_03441,KGLDIDPM_03438,CFOCILDN_02121
potF,potF,Putrescine-binding periplasmic protein PotF,MFCJNMFM_03395,JIEPOILB_03399,MHMAIFBA_03355,KGLDIDPM_03399,CFOCILDN_02039
ydiK,ydiK,Putative transport protein YdiK,MFCJNMFM_02179,JIEPOILB_03082,MHMAIFBA_02131,KGLDIDPM_02182,CFOCILDN_00890
pduQ,pduQ,1-propanol dehydrogenase PduQ,MFCJNMFM_00954,JIEPOILB_00955,MHMAIFBA_00971,KGLDIDPM_00954,CFOCILDN_01488
phnT,phnT,Putative 2-aminoethylphosphonate import ATP-binding protein PhnT,MFCJNMFM_00047,JIEPOILB_00047,MHMAIFBA_00047,KGLDIDPM_00047,CFOCILDN_03805
group_270,,Histone deacetylase-like amidohydrolase,MFCJNMFM_03768,JIEPOILB_03772,MHMAIFBA_03764,KGLDIDPM_03772,CFOCILDN_03706
ybdK,ybdK,Putative glutamate--cysteine ligase 2,MFCJNMFM_03728,JIEPOILB_03732,MHMAIFBA_03717,KGLDIDPM_03732,CFOCILDN_03667
macA,macA,Macrolide export protein MacA,MFCJNMFM_03368,JIEPOILB_03372,MHMAIFBA_03328,KGLDIDPM_03372,CFOCILDN_02013
rnd,rnd,Ribonuclease D,MFCJNMFM_02031,JIEPOILB_03230,MHMAIFBA_01966,KGLDIDPM_02034,CFOCILDN_02332
dgaE,dgaE,D-glucosaminate-6-phosphate ammonia lyase,MFCJNMFM_04606,JIEPOILB_04610,MHMAIFBA_04599,KGLDIDPM_04610,CFOCILDN_02943
btuF_1,btuF_1,Vitamin B12-binding protein,MFCJNMFM_03780,JIEPOILB_03784,MHMAIFBA_03776,KGLDIDPM_03784,CFOCILDN_02436
solA,solA,N-methyl-L-tryptophan oxidase,MFCJNMFM_03210,JIEPOILB_02050,MHMAIFBA_03178,KGLDIDPM_03214,CFOCILDN_03413
ydgJ_2,ydgJ_2,putative oxidoreductase YdgJ,MFCJNMFM_02908,JIEPOILB_02352,MHMAIFBA_02813,KGLDIDPM_02910,CFOCILDN_00166
catB,catB,Muconate cycloisomerase 1,MFCJNMFM_02467,JIEPOILB_02793,MHMAIFBA_02412,KGLDIDPM_02469,CFOCILDN_00607
frmA,frmA,S-(hydroxymethyl)glutathione dehydrogenase,MFCJNMFM_02385,JIEPOILB_02876,MHMAIFBA_02334,KGLDIDPM_02387,CFOCILDN_00688
roxA_2,roxA_2,Ribosomal protein uL16 3-hydroxylase,MFCJNMFM_04464,JIEPOILB_04468,MHMAIFBA_04501,KGLDIDPM_04468,CFOCILDN_04887
roxA_1,roxA_1,Ribosomal protein uL16 3-hydroxylase,MFCJNMFM_03146,JIEPOILB_02114,MHMAIFBA_03123,KGLDIDPM_03150,CFOCILDN_04261
scmP,scmP,N-acetylcysteine deacetylase,MFCJNMFM_02438,JIEPOILB_02822,MHMAIFBA_02386,KGLDIDPM_02440,CFOCILDN_00636
ispG,ispG,4-hydroxy-3-methylbut-2-en-1-yl diphosphate synthase (flavodoxin),MFCJNMFM_01365,JIEPOILB_01366,MHMAIFBA_01359,KGLDIDPM_01363,CFOCILDN_03153
tyrA,tyrA,T-protein,MFCJNMFM_01226,JIEPOILB_01226,MHMAIFBA_01282,KGLDIDPM_01224,CFOCILDN_03990
hypD,hypD,Hydrogenase maturation factor HypD,MFCJNMFM_01124,JIEPOILB_01124,MHMAIFBA_01112,KGLDIDPM_01123,CFOCILDN_01324
yhhJ,yhhJ,Inner membrane transport permease YhhJ,MFCJNMFM_04458,JIEPOILB_04462,MHMAIFBA_04495,KGLDIDPM_04462,CFOCILDN_00941
yeaW,yeaW,Carnitine monooxygenase oxygenase subunit,MFCJNMFM_03269,JIEPOILB_01991,MHMAIFBA_03235,KGLDIDPM_03273,CFOCILDN_03472
anmK,anmK,Anhydro-N-acetylmuramic acid kinase,MFCJNMFM_02359,JIEPOILB_02902,MHMAIFBA_02308,KGLDIDPM_02361,CFOCILDN_00714
group_268,,hypothetical protein,MFCJNMFM_00474,JIEPOILB_00475,MHMAIFBA_00425,KGLDIDPM_00474,CFOCILDN_04827
mexA,mexA,Multidrug resistance protein MexA,MFCJNMFM_00069,JIEPOILB_00069,MHMAIFBA_00070,KGLDIDPM_00069,CFOCILDN_04380
tgt,tgt,Queuine tRNA-ribosyltransferase,MFCJNMFM_03947,JIEPOILB_03951,MHMAIFBA_04013,KGLDIDPM_03951,CFOCILDN_02604
rlmC,rlmC,23S rRNA (uracil(747)-C(5))-methyltransferase RlmC,MFCJNMFM_03390,JIEPOILB_03394,MHMAIFBA_03350,KGLDIDPM_03394,CFOCILDN_02034
efeO,efeO,Iron uptake system component EfeO,MFCJNMFM_03235,JIEPOILB_02025,MHMAIFBA_03203,KGLDIDPM_03239,CFOCILDN_03438
dapE,dapE,Succinyl-diaminopimelate desuccinylase,MFCJNMFM_01408,JIEPOILB_01409,MHMAIFBA_01450,KGLDIDPM_01406,CFOCILDN_03110
smoE_1,smoE_1,Sulfoquinovosyl glycerol transport ATP-binding protein SmoE,MFCJNMFM_00913,JIEPOILB_00914,MHMAIFBA_00930,KGLDIDPM_00913,CFOCILDN_01529
zapE_1,zapE_1,Cell division protein ZapE,MFCJNMFM_00543,JIEPOILB_00544,MHMAIFBA_00495,KGLDIDPM_00543,CFOCILDN_01898
waaG,waaG,Lipopolysaccharide glucosyltransferase WaaG,MFCJNMFM_00187,JIEPOILB_00187,MHMAIFBA_00139,KGLDIDPM_00186,CFOCILDN_02872
wecE,wecE,dTDP-4-amino-46-dideoxygalactose transaminase,MFCJNMFM_04929,JIEPOILB_04932,MHMAIFBA_04888,KGLDIDPM_04932,CFOCILDN_04225
fruB_1,fruB_1,Multiphosphoryl transfer protein,MFCJNMFM_01691,JIEPOILB_01691,MHMAIFBA_01656,KGLDIDPM_01688,CFOCILDN_03262
nrdB,nrdB,Ribonucleoside-diphosphate reductase 1 subunit beta,MFCJNMFM_01647,JIEPOILB_01648,MHMAIFBA_01613,KGLDIDPM_01645,CFOCILDN_03219
rlmG,rlmG,Ribosomal RNA large subunit methyltransferase G,MFCJNMFM_00666,JIEPOILB_00667,MHMAIFBA_00617,KGLDIDPM_00666,CFOCILDN_01775
thiH,thiH,2-iminoacetate synthase,MFCJNMFM_04849,JIEPOILB_04853,MHMAIFBA_04810,KGLDIDPM_04853,CFOCILDN_04773
group_267,,Deacetylase,MFCJNMFM_04605,JIEPOILB_04609,MHMAIFBA_04600,KGLDIDPM_04609,CFOCILDN_02944
dnaJ,dnaJ,Chaperone protein DnaJ,MFCJNMFM_04314,JIEPOILB_04318,MHMAIFBA_04365,KGLDIDPM_04318,CFOCILDN_01083
norW_1,norW_1,Nitric oxide reductase FlRd-NAD(+) reductase,MFCJNMFM_01144,JIEPOILB_01144,MHMAIFBA_01132,KGLDIDPM_01143,CFOCILDN_01304
group_266,,hypothetical protein,MFCJNMFM_00007,JIEPOILB_00007,MHMAIFBA_00007,KGLDIDPM_00007,CFOCILDN_03765
potA_3,potA_3,Spermidine/putrescine import ATP-binding protein PotA,MFCJNMFM_03148,JIEPOILB_02112,MHMAIFBA_03125,KGLDIDPM_03152,CFOCILDN_04259
group_265,,hypothetical protein,MFCJNMFM_04985,JIEPOILB_04988,MHMAIFBA_04943,KGLDIDPM_04988,CFOCILDN_03830
group_264,,hypothetical protein,MFCJNMFM_04000,JIEPOILB_04004,MHMAIFBA_04066,KGLDIDPM_04004,CFOCILDN_02656
pdxB,pdxB,Erythronate-4-phosphate dehydrogenase,MFCJNMFM_01581,JIEPOILB_01582,MHMAIFBA_01546,KGLDIDPM_01579,CFOCILDN_04153
hcaT,hcaT,putative 3-phenylpropionic acid transporter,MFCJNMFM_01341,JIEPOILB_01342,MHMAIFBA_01335,KGLDIDPM_01339,CFOCILDN_03177
nlpD_2,nlpD_2,Murein hydrolase activator NlpD,MFCJNMFM_01075,JIEPOILB_01075,MHMAIFBA_01073,KGLDIDPM_01074,CFOCILDN_01372
hemW,hemW,Heme chaperone HemW,MFCJNMFM_00781,JIEPOILB_00782,MHMAIFBA_00798,KGLDIDPM_00781,CFOCILDN_01661
yibH_1,yibH_1,Inner membrane protein YibH,MFCJNMFM_00217,JIEPOILB_00217,MHMAIFBA_00169,KGLDIDPM_00216,CFOCILDN_02841
group_262,,hypothetical protein,MFCJNMFM_04760,JIEPOILB_04764,MHMAIFBA_04722,KGLDIDPM_04764,CFOCILDN_03543
queG,queG,Epoxyqueuosine reductase,MFCJNMFM_04529,JIEPOILB_04533,MHMAIFBA_04671,KGLDIDPM_04533,CFOCILDN_03019
cydB_3,cydB_3,Cytochrome bd-I ubiquinol oxidase subunit 2,MFCJNMFM_03610,JIEPOILB_03614,MHMAIFBA_03545,KGLDIDPM_03614,CFOCILDN_04626
group_261,,hypothetical protein,MFCJNMFM_03380,JIEPOILB_03384,MHMAIFBA_03340,KGLDIDPM_03384,CFOCILDN_02025
group_260,,hypothetical protein,MFCJNMFM_03101,JIEPOILB_02159,MHMAIFBA_03079,KGLDIDPM_03105,CFOCILDN_04305
dgcM,dgcM,Diguanylate cyclase DgcM,MFCJNMFM_02553,JIEPOILB_02707,MHMAIFBA_02492,KGLDIDPM_02555,CFOCILDN_00521
yesR,yesR,Unsaturated rhamnogalacturonyl hydrolase YesR,MFCJNMFM_01895,JIEPOILB_01901,MHMAIFBA_01897,KGLDIDPM_01898,CFOCILDN_02263
garK_2,garK_2,Glycerate 2-kinase,MFCJNMFM_01050,JIEPOILB_01050,MHMAIFBA_01047,KGLDIDPM_01049,CFOCILDN_01397
cbiD,cbiD,Cobalt-precorrin-5B C(1)-methyltransferase,MFCJNMFM_00976,JIEPOILB_00977,MHMAIFBA_00991,KGLDIDPM_00976,CFOCILDN_01468
acrE,acrE,Multidrug export protein AcrE,MFCJNMFM_00488,JIEPOILB_00489,MHMAIFBA_00439,KGLDIDPM_00488,CFOCILDN_01930
arnB,arnB,UDP-4-amino-4-deoxy-L-arabinose--oxoglutarate aminotransferase,MFCJNMFM_00312,JIEPOILB_00312,MHMAIFBA_00264,KGLDIDPM_00311,CFOCILDN_02748
yibH_2,yibH_2,Inner membrane protein YibH,MFCJNMFM_03783,JIEPOILB_03787,MHMAIFBA_03779,KGLDIDPM_03787,CFOCILDN_02439
pqqE,pqqE,PqqA peptide cyclase,MFCJNMFM_02533,JIEPOILB_02727,MHMAIFBA_02471,KGLDIDPM_02535,CFOCILDN_00541
tyrP,tyrP,Tyrosine-specific transport system,MFCJNMFM_01880,JIEPOILB_01886,MHMAIFBA_01882,KGLDIDPM_01883,CFOCILDN_02248
group_255,,hypothetical protein,MFCJNMFM_03830,JIEPOILB_03834,MHMAIFBA_03895,KGLDIDPM_03834,CFOCILDN_02486
ssuD,ssuD,Alkanesulfonate monooxygenase,MFCJNMFM_03311,JIEPOILB_03315,MHMAIFBA_03271,KGLDIDPM_03315,CFOCILDN_01956
ydcS,ydcS,Bifunctional polyhydroxybutyrate synthase / ABC transporter periplasmic binding protein,MFCJNMFM_02412,JIEPOILB_02848,MHMAIFBA_02360,KGLDIDPM_02414,CFOCILDN_00662
ompN_1,ompN_1,Outer membrane porin N,MFCJNMFM_01853,JIEPOILB_01859,MHMAIFBA_01855,KGLDIDPM_01856,CFOCILDN_02221
garK_1,garK_1,Glycerate 2-kinase,MFCJNMFM_00639,JIEPOILB_00640,MHMAIFBA_00591,KGLDIDPM_00639,CFOCILDN_01802
adhB,adhB,Alcohol dehydrogenase 2,MFCJNMFM_05014,JIEPOILB_05017,MHMAIFBA_04972,KGLDIDPM_05017,CFOCILDN_03859
carA_2,carA_2,Carbamoyl phosphate synthase small chain,MFCJNMFM_04289,JIEPOILB_04293,MHMAIFBA_04340,KGLDIDPM_04293,CFOCILDN_01108
galK,galK,Galactokinase,MFCJNMFM_03643,JIEPOILB_03647,MHMAIFBA_03521,KGLDIDPM_03647,CFOCILDN_04690
nagA,nagA,N-acetylglucosamine-6-phosphate deacetylase,MFCJNMFM_03569,JIEPOILB_03573,MHMAIFBA_03585,KGLDIDPM_03573,CFOCILDN_04585
rlpA,rlpA,Endolytic peptidoglycan transglycosylase RlpA,MFCJNMFM_03536,JIEPOILB_03540,MHMAIFBA_03617,KGLDIDPM_03540,CFOCILDN_04440
ycaD_2,ycaD_2,putative MFS-type transporter YcaD,MFCJNMFM_03350,JIEPOILB_03354,MHMAIFBA_03310,KGLDIDPM_03354,CFOCILDN_01995
adh1,adh1,Long-chain-alcohol dehydrogenase 1,MFCJNMFM_02719,JIEPOILB_02541,MHMAIFBA_02652,KGLDIDPM_02721,CFOCILDN_00355
cfa,cfa,Cyclopropane-fatty-acyl-phospholipid synthase,MFCJNMFM_02336,JIEPOILB_02925,MHMAIFBA_02285,KGLDIDPM_02338,CFOCILDN_00737
fucO,fucO,Lactaldehyde reductase,MFCJNMFM_01027,JIEPOILB_01027,MHMAIFBA_01024,KGLDIDPM_01026,CFOCILDN_01420
metC_2,metC_2,Cystathionine beta-lyase,MFCJNMFM_00769,JIEPOILB_00770,MHMAIFBA_00721,KGLDIDPM_00769,CFOCILDN_01673
rdsA,rdsA,Ribosomal RNA dihydrouridine synthase,MFCJNMFM_00302,JIEPOILB_00302,MHMAIFBA_00254,KGLDIDPM_00301,CFOCILDN_02758
mtlD,mtlD,Mannitol-1-phosphate 5-dehydrogenase,MFCJNMFM_00214,JIEPOILB_00214,MHMAIFBA_00166,KGLDIDPM_00213,CFOCILDN_02844
dgoD,dgoD,D-galactonate dehydratase,MFCJNMFM_00011,JIEPOILB_00011,MHMAIFBA_00011,KGLDIDPM_00011,CFOCILDN_03769
argE_2,argE_2,Acetylornithine deacetylase,MFCJNMFM_04974,JIEPOILB_04977,MHMAIFBA_04932,KGLDIDPM_04977,CFOCILDN_03819
fldC,fldC,(R)-phenyllactyl-CoA dehydratase beta subunit,MFCJNMFM_04428,JIEPOILB_04432,MHMAIFBA_04477,KGLDIDPM_04432,CFOCILDN_00971
ftsZ,ftsZ,Cell division protein FtsZ,MFCJNMFM_04230,JIEPOILB_04234,MHMAIFBA_04281,KGLDIDPM_04234,CFOCILDN_01167
lpxB,lpxB,Lipid-A-disaccharide synthase,MFCJNMFM_04134,JIEPOILB_04138,MHMAIFBA_04182,KGLDIDPM_04138,CFOCILDN_01263
lgdh_1,lgdh_1,Levoglucosan dehydrogenase,MFCJNMFM_03754,JIEPOILB_03758,MHMAIFBA_03753,KGLDIDPM_03758,CFOCILDN_03692
ydbM,ydbM,Putative acyl-CoA dehydrogenase YdbM,MFCJNMFM_02230,JIEPOILB_03031,MHMAIFBA_02183,KGLDIDPM_02233,CFOCILDN_00839
pgl_2,pgl_2,6-phosphogluconolactonase,MFCJNMFM_04608,JIEPOILB_04612,MHMAIFBA_04597,KGLDIDPM_04612,CFOCILDN_02941
mltD,mltD,Membrane-bound lytic murein transglycosylase D,MFCJNMFM_04103,JIEPOILB_04107,MHMAIFBA_04153,KGLDIDPM_04107,CFOCILDN_04006
ompN_2,ompN_2,Outer membrane porin N,MFCJNMFM_02901,JIEPOILB_02359,MHMAIFBA_02806,KGLDIDPM_02903,CFOCILDN_00173
hpxO,hpxO,FAD-dependent urate hydroxylase,MFCJNMFM_02679,JIEPOILB_02581,MHMAIFBA_02613,KGLDIDPM_02681,CFOCILDN_00394
araJ,araJ,Putative transporter AraJ,MFCJNMFM_02481,JIEPOILB_02779,MHMAIFBA_02425,KGLDIDPM_02483,CFOCILDN_00593
gci,gci,D-galactarolactone cycloisomerase,MFCJNMFM_01752,JIEPOILB_01751,MHMAIFBA_01717,KGLDIDPM_01748,CFOCILDN_03322
metK,metK,S-adenosylmethionine synthase,MFCJNMFM_00795,JIEPOILB_00796,MHMAIFBA_00812,KGLDIDPM_00795,CFOCILDN_01647
bioF,bioF,8-amino-7-oxononanoate synthase,MFCJNMFM_03482,JIEPOILB_03486,MHMAIFBA_03490,KGLDIDPM_03486,CFOCILDN_02169
group_253,,hypothetical protein,MFCJNMFM_02996,JIEPOILB_02264,MHMAIFBA_02962,KGLDIDPM_02999,CFOCILDN_00078
cdaR_1,cdaR_1,Carbohydrate diacid regulator,MFCJNMFM_02652,JIEPOILB_02608,MHMAIFBA_02586,KGLDIDPM_02654,CFOCILDN_00421
hipO_1,hipO_1,Hippurate hydrolase,MFCJNMFM_02249,JIEPOILB_03012,MHMAIFBA_02202,KGLDIDPM_02252,CFOCILDN_00820
yehY,yehY,Glycine betaine uptake system permease protein YehY,MFCJNMFM_01723,JIEPOILB_01723,MHMAIFBA_01689,KGLDIDPM_01720,CFOCILDN_03294
group_252,,hypothetical protein,MFCJNMFM_01701,JIEPOILB_01701,MHMAIFBA_01666,KGLDIDPM_01698,CFOCILDN_03272
metB,metB,Cystathionine gamma-synthase,MFCJNMFM_04987,JIEPOILB_04990,MHMAIFBA_04945,KGLDIDPM_04990,CFOCILDN_03832
ampH,ampH,D-alanyl-D-alanine-carboxypeptidase/endopeptidase AmpH,MFCJNMFM_03988,JIEPOILB_03992,MHMAIFBA_04054,KGLDIDPM_03992,CFOCILDN_02644
ybdL,ybdL,Methionine aminotransferase,MFCJNMFM_03515,JIEPOILB_03519,MHMAIFBA_03638,KGLDIDPM_03519,CFOCILDN_04419
mdoC,mdoC,Glucans biosynthesis protein C,MFCJNMFM_03219,JIEPOILB_02041,MHMAIFBA_03188,KGLDIDPM_03223,CFOCILDN_03422
plsX,plsX,Phosphate acyltransferase,MFCJNMFM_03193,JIEPOILB_02067,MHMAIFBA_03161,KGLDIDPM_03197,CFOCILDN_03396
pheA,pheA,Bifunctional chorismate mutase/prephenate dehydratase,MFCJNMFM_01228,JIEPOILB_01228,MHMAIFBA_01284,KGLDIDPM_01226,CFOCILDN_03992
ygiC,ygiC,Putative acid--amine ligase YgiC,MFCJNMFM_00729,JIEPOILB_00730,MHMAIFBA_00680,KGLDIDPM_00729,CFOCILDN_01713
fadA,fadA,3-ketoacyl-CoA thiolase,MFCJNMFM_04881,JIEPOILB_04884,MHMAIFBA_04840,KGLDIDPM_04884,CFOCILDN_04177
dacD,dacD,D-alanyl-D-alanine carboxypeptidase DacD,MFCJNMFM_01813,JIEPOILB_01819,MHMAIFBA_01788,KGLDIDPM_01816,CFOCILDN_02181
pgk,pgk,Phosphoglycerate kinase,MFCJNMFM_00817,JIEPOILB_00818,MHMAIFBA_00834,KGLDIDPM_00817,CFOCILDN_01624
yqhD,yqhD,NADPH-dependent aldehyde reductase YqhD,MFCJNMFM_00749,JIEPOILB_00750,MHMAIFBA_00700,KGLDIDPM_00749,CFOCILDN_01693
dhaT,dhaT,13-propanediol dehydrogenase,MFCJNMFM_00687,JIEPOILB_00688,MHMAIFBA_00638,KGLDIDPM_00687,CFOCILDN_01754
bcr_1,bcr_1,Bicyclomycin resistance protein,MFCJNMFM_00066,JIEPOILB_00066,MHMAIFBA_00067,KGLDIDPM_00066,CFOCILDN_04383
group_249,,hypothetical protein,MFCJNMFM_05363,JIEPOILB_05363,MHMAIFBA_05148,KGLDIDPM_05362,CFOCILDN_04867
axe16A,axe1-6A,Carbohydrate acetyl esterase/feruloyl esterase,MFCJNMFM_05094,JIEPOILB_05097,MHMAIFBA_05051,KGLDIDPM_05097,CFOCILDN_03747
sucC,sucC,Succinate--CoA ligase [ADP-forming] subunit beta,MFCJNMFM_03607,JIEPOILB_03611,MHMAIFBA_03548,KGLDIDPM_03611,CFOCILDN_04623
potG,potG,Putrescine transport ATP-binding protein PotG,MFCJNMFM_03394,JIEPOILB_03398,MHMAIFBA_03354,KGLDIDPM_03398,CFOCILDN_02038
hipO_3,hipO_3,Hippurate hydrolase,MFCJNMFM_03316,JIEPOILB_03320,MHMAIFBA_03276,KGLDIDPM_03320,CFOCILDN_01961
mnmA,mnmA,tRNA-specific 2-thiouridylase MnmA,MFCJNMFM_03139,JIEPOILB_02121,MHMAIFBA_03116,KGLDIDPM_03143,CFOCILDN_04268
ydcO,ydcO,Inner membrane protein YdcO,MFCJNMFM_02401,JIEPOILB_02860,MHMAIFBA_02350,KGLDIDPM_02403,CFOCILDN_00672
ydhP_1,ydhP_1,Inner membrane transport protein YdhP,MFCJNMFM_02341,JIEPOILB_02920,MHMAIFBA_02290,KGLDIDPM_02343,CFOCILDN_00732
ugd,ugd,UDP-glucose 6-dehydrogenase,MFCJNMFM_01792,JIEPOILB_01791,MHMAIFBA_01756,KGLDIDPM_01788,CFOCILDN_04795
rlmN,rlmN,Dual-specificity RNA methyltransferase RlmN,MFCJNMFM_01363,JIEPOILB_01364,MHMAIFBA_01357,KGLDIDPM_01361,CFOCILDN_03155
lapB,lapB,Lipopolysaccharide assembly protein B,MFCJNMFM_03003,JIEPOILB_02257,MHMAIFBA_02969,KGLDIDPM_03006,CFOCILDN_00071
hipO_2,hipO_2,Hippurate hydrolase,MFCJNMFM_02984,JIEPOILB_02276,MHMAIFBA_02950,KGLDIDPM_02987,CFOCILDN_00090
group_246,,hypothetical protein,MFCJNMFM_00191,JIEPOILB_00191,MHMAIFBA_00143,KGLDIDPM_00190,CFOCILDN_02868
lgdh_2,lgdh_2,Levoglucosan dehydrogenase,MFCJNMFM_03798,JIEPOILB_03802,MHMAIFBA_03794,KGLDIDPM_03802,CFOCILDN_02454
group_245,,hypothetical protein,MFCJNMFM_03769,JIEPOILB_03773,MHMAIFBA_03765,KGLDIDPM_03773,CFOCILDN_03707
malY,malY,Protein MalY,MFCJNMFM_02844,JIEPOILB_02416,MHMAIFBA_02749,KGLDIDPM_02846,CFOCILDN_00230
iolG_1,iolG_1,Inositol 2-dehydrogenase/D-chiro-inositol 3-dehydrogenase,MFCJNMFM_02550,JIEPOILB_02710,MHMAIFBA_02489,KGLDIDPM_02552,CFOCILDN_00524
emrA_1,emrA_1,Multidrug export protein EmrA,MFCJNMFM_01176,JIEPOILB_01176,MHMAIFBA_01165,KGLDIDPM_01174,CFOCILDN_03911
msuD_1,msuD_1,Methanesulfonate monooxygenase,MFCJNMFM_01030,JIEPOILB_01030,MHMAIFBA_01027,KGLDIDPM_01029,CFOCILDN_01417
entC,entC,Isochorismate synthase EntC,MFCJNMFM_03684,JIEPOILB_03688,MHMAIFBA_03673,KGLDIDPM_03688,CFOCILDN_03623
ubiF,ubiF,3-demethoxyubiquinol 3-hydroxylase,MFCJNMFM_03558,JIEPOILB_03562,MHMAIFBA_03595,KGLDIDPM_03562,CFOCILDN_04462
mtnE,mtnE,L-glutamine--4-(methylsulfanyl)-2-oxobutanoate aminotransferase,MFCJNMFM_02918,JIEPOILB_02342,MHMAIFBA_02823,KGLDIDPM_02920,CFOCILDN_00156
garK_3,garK_3,Glycerate 2-kinase,MFCJNMFM_02651,JIEPOILB_02609,MHMAIFBA_02585,KGLDIDPM_02653,CFOCILDN_00422
yfcJ_1,yfcJ_1,putative MFS-type transporter YfcJ,MFCJNMFM_01579,JIEPOILB_01580,MHMAIFBA_01544,KGLDIDPM_01577,CFOCILDN_04155
ogl,ogl,Oligogalacturonate lyase,MFCJNMFM_00905,JIEPOILB_00906,MHMAIFBA_00922,KGLDIDPM_00905,CFOCILDN_01537
mdtL,mdtL,Multidrug resistance protein MdtL,MFCJNMFM_05101,JIEPOILB_05104,MHMAIFBA_05058,KGLDIDPM_05104,CFOCILDN_03754
iolG_3,iolG_3,Inositol 2-dehydrogenase/D-chiro-inositol 3-dehydrogenase,MFCJNMFM_03923,JIEPOILB_03927,MHMAIFBA_03989,KGLDIDPM_03927,CFOCILDN_02580
hipO_4,hipO_4,Hippurate hydrolase,MFCJNMFM_03777,JIEPOILB_03781,MHMAIFBA_03773,KGLDIDPM_03781,CFOCILDN_02433
ynjB,ynjB,Protein YnjB,MFCJNMFM_03063,JIEPOILB_02197,MHMAIFBA_03033,KGLDIDPM_03066,CFOCILDN_00011
manA,manA,Mannose-6-phosphate isomerase,MFCJNMFM_02840,JIEPOILB_02420,MHMAIFBA_02745,KGLDIDPM_02842,CFOCILDN_00234
purT,purT,Formate-dependent phosphoribosylglycinamide formyltransferase,MFCJNMFM_01986,JIEPOILB_03274,MHMAIFBA_01922,KGLDIDPM_01989,CFOCILDN_02288
glpC,glpC,Anaerobic glycerol-3-phosphate dehydrogenase subunit C,MFCJNMFM_01641,JIEPOILB_01642,MHMAIFBA_01607,KGLDIDPM_01639,CFOCILDN_04093
bamB,bamB,Outer membrane protein assembly factor BamB,MFCJNMFM_01368,JIEPOILB_01369,MHMAIFBA_01362,KGLDIDPM_01366,CFOCILDN_03150
atoB_1,atoB_1,Acetyl-CoA acetyltransferase,MFCJNMFM_00903,JIEPOILB_00904,MHMAIFBA_00920,KGLDIDPM_00903,CFOCILDN_01539
ubiH,ubiH,2-octaprenyl-6-methoxyphenol hydroxylase,MFCJNMFM_00829,JIEPOILB_00830,MHMAIFBA_00846,KGLDIDPM_00829,CFOCILDN_01612
obgE,obgE,GTPase ObgE/CgtA,MFCJNMFM_00581,JIEPOILB_00582,MHMAIFBA_00533,KGLDIDPM_00581,CFOCILDN_01860
xylR,xylR,Xylose operon regulatory protein,MFCJNMFM_00225,JIEPOILB_00225,MHMAIFBA_00177,KGLDIDPM_00224,CFOCILDN_02833
hemX,hemX,Protein HemX,MFCJNMFM_04918,JIEPOILB_04921,MHMAIFBA_04877,KGLDIDPM_04921,CFOCILDN_04214
group_242,,hypothetical protein,MFCJNMFM_02626,JIEPOILB_02634,MHMAIFBA_02559,KGLDIDPM_02628,CFOCILDN_00448
atoB_2,atoB_2,Acetyl-CoA acetyltransferase,MFCJNMFM_02288,JIEPOILB_02973,MHMAIFBA_02239,KGLDIDPM_02290,CFOCILDN_00785
nasR,nasR,Nitrate regulatory protein,MFCJNMFM_02114,JIEPOILB_03147,MHMAIFBA_02066,KGLDIDPM_02117,CFOCILDN_02415
setB,setB,Sugar efflux transporter B,MFCJNMFM_01690,JIEPOILB_01690,MHMAIFBA_01655,KGLDIDPM_01687,CFOCILDN_03261
lysN_1,lysN_1,2-aminoadipate transaminase,MFCJNMFM_00763,JIEPOILB_00764,MHMAIFBA_00715,KGLDIDPM_00763,CFOCILDN_01679
xylH,xylH,Xylose transport system permease protein XylH,MFCJNMFM_00226,JIEPOILB_00226,MHMAIFBA_00178,KGLDIDPM_00225,CFOCILDN_02832
pobA,pobA,p-hydroxybenzoate hydroxylase,MFCJNMFM_04370,JIEPOILB_04374,MHMAIFBA_04421,KGLDIDPM_04374,CFOCILDN_01029
setA,setA,Sugar efflux transporter A,MFCJNMFM_04259,JIEPOILB_04263,MHMAIFBA_04310,KGLDIDPM_04263,CFOCILDN_01138
nimT,nimT,2-nitroimidazole transporter,MFCJNMFM_03105,JIEPOILB_02155,MHMAIFBA_03083,KGLDIDPM_03109,CFOCILDN_04301
lldD_2,lldD_2,L-lactate dehydrogenase,MFCJNMFM_02195,JIEPOILB_03066,MHMAIFBA_02148,KGLDIDPM_02198,CFOCILDN_00874
lldD_1,lldD_1,L-lactate dehydrogenase,MFCJNMFM_00208,JIEPOILB_00208,MHMAIFBA_00160,KGLDIDPM_00207,CFOCILDN_02850
emrD,emrD,Multidrug resistance protein D,MFCJNMFM_00028,JIEPOILB_00028,MHMAIFBA_00028,KGLDIDPM_00028,CFOCILDN_03786
group_240,,hypothetical protein,MFCJNMFM_04587,JIEPOILB_04591,MHMAIFBA_04618,KGLDIDPM_04591,CFOCILDN_02962
atsB,atsB,Serine-type anaerobic sulfatase-maturating enzyme,MFCJNMFM_03771,JIEPOILB_03775,MHMAIFBA_03767,KGLDIDPM_03775,CFOCILDN_03709
yhhS_2,yhhS_2,putative MFS-type transporter YhhS,MFCJNMFM_02697,JIEPOILB_02563,MHMAIFBA_02630,KGLDIDPM_02699,CFOCILDN_00376
eutG,eutG,putative alcohol dehydrogenase EutG,MFCJNMFM_01426,JIEPOILB_01427,MHMAIFBA_01468,KGLDIDPM_01424,CFOCILDN_03092
metC_1,metC_1,Cystathionine beta-lyase MetC,MFCJNMFM_00752,JIEPOILB_00753,MHMAIFBA_00703,KGLDIDPM_00752,CFOCILDN_01690
tsgA,tsgA,Protein TsgA,MFCJNMFM_00410,JIEPOILB_00410,MHMAIFBA_00361,KGLDIDPM_00409,CFOCILDN_04504
malE,malE,Maltose/maltodextrin-binding periplasmic protein,MFCJNMFM_04796,JIEPOILB_04800,MHMAIFBA_04757,KGLDIDPM_04800,CFOCILDN_03577
ydhP_2,ydhP_2,Inner membrane transport protein YdhP,MFCJNMFM_04106,JIEPOILB_04110,MHMAIFBA_04156,KGLDIDPM_04110,CFOCILDN_04003
aspC,aspC,Aspartate aminotransferase,MFCJNMFM_03323,JIEPOILB_03327,MHMAIFBA_03283,KGLDIDPM_03327,CFOCILDN_01968
thlA,thlA,Acetyl-CoA acetyltransferase,MFCJNMFM_02647,JIEPOILB_02613,MHMAIFBA_02581,KGLDIDPM_02649,CFOCILDN_00426
dipZ,dipZ,Protein DipZ,MFCJNMFM_02541,JIEPOILB_02719,MHMAIFBA_02479,KGLDIDPM_02543,CFOCILDN_00533
uxuA_2,uxuA_2,Mannonate dehydratase,MFCJNMFM_01687,JIEPOILB_01687,MHMAIFBA_01652,KGLDIDPM_01684,CFOCILDN_03258
hmp,hmp,Flavohemoprotein,MFCJNMFM_01334,JIEPOILB_01335,MHMAIFBA_01328,KGLDIDPM_01332,CFOCILDN_03184
yfcJ_2,yfcJ_2,putative MFS-type transporter YfcJ,MFCJNMFM_04557,JIEPOILB_04561,MHMAIFBA_04643,KGLDIDPM_04561,CFOCILDN_02991
acrA,acrA,Multidrug efflux pump subunit AcrA,MFCJNMFM_03860,JIEPOILB_03864,MHMAIFBA_03926,KGLDIDPM_03864,CFOCILDN_02517
yycR,yycR,Glutathione-independent formaldehyde dehydrogenase,MFCJNMFM_03131,JIEPOILB_02129,MHMAIFBA_03108,KGLDIDPM_03135,CFOCILDN_04276
trpB,trpB,Tryptophan synthase beta chain,MFCJNMFM_03023,JIEPOILB_02237,MHMAIFBA_02989,KGLDIDPM_03026,CFOCILDN_00051
lplT,lplT,Lysophospholipid transporter LplT,MFCJNMFM_00927,JIEPOILB_00928,MHMAIFBA_00944,KGLDIDPM_00927,CFOCILDN_01515
group_237,,hypothetical protein,MFCJNMFM_00291,JIEPOILB_00291,MHMAIFBA_00243,KGLDIDPM_00290,CFOCILDN_02769
kbl,kbl,2-amino-3-ketobutyrate coenzyme A ligase,MFCJNMFM_00196,JIEPOILB_00196,MHMAIFBA_00148,KGLDIDPM_00195,CFOCILDN_02862
nepI_1,nepI_1,Purine ribonucleoside efflux pump NepI,MFCJNMFM_00042,JIEPOILB_00042,MHMAIFBA_00042,KGLDIDPM_00042,CFOCILDN_03800
hemY,hemY,Protein HemY,MFCJNMFM_04919,JIEPOILB_04922,MHMAIFBA_04878,KGLDIDPM_04922,CFOCILDN_04215
mhpT,mhpT,3-(3-hydroxy-phenyl)propionate transporter,MFCJNMFM_02224,JIEPOILB_03037,MHMAIFBA_02177,KGLDIDPM_02227,CFOCILDN_00845
bcr_2,bcr_2,Bicyclomycin resistance protein,MFCJNMFM_01676,JIEPOILB_01676,MHMAIFBA_01641,KGLDIDPM_01673,CFOCILDN_03247
pncC_2,pncC_2,Nicotinamide-nucleotide amidohydrolase PncC,MFCJNMFM_01636,JIEPOILB_01637,MHMAIFBA_01601,KGLDIDPM_01634,CFOCILDN_04098
yycB,yycB,putative transporter YycB,MFCJNMFM_01480,JIEPOILB_01481,MHMAIFBA_01521,KGLDIDPM_01478,CFOCILDN_04564
nagC_1,nagC_1,DNA-binding transcriptional dual regulator NagC,MFCJNMFM_01337,JIEPOILB_01338,MHMAIFBA_01331,KGLDIDPM_01335,CFOCILDN_03181
cmtAa,cmtAa,p-cumate 23-dioxygenase system ferredoxin--NAD(+) reductase component,MFCJNMFM_00805,JIEPOILB_00806,MHMAIFBA_00822,KGLDIDPM_00805,CFOCILDN_01637
sbnD_2,sbnD_2,Staphyloferrin B transporter,MFCJNMFM_03980,JIEPOILB_03984,MHMAIFBA_04046,KGLDIDPM_03984,CFOCILDN_02636
mtnK,mtnK,Methylthioribose kinase,MFCJNMFM_03495,JIEPOILB_03499,MHMAIFBA_03658,KGLDIDPM_03499,CFOCILDN_04399
lolC,lolC,Lipoprotein-releasing system transmembrane protein LolC,MFCJNMFM_03168,JIEPOILB_02092,MHMAIFBA_03136,KGLDIDPM_03172,CFOCILDN_03371
tyrB_1,tyrB_1,Aromatic-amino-acid aminotransferase,MFCJNMFM_02914,JIEPOILB_02346,MHMAIFBA_02819,KGLDIDPM_02916,CFOCILDN_00160
sotB_1,sotB_1,Sugar efflux transporter,MFCJNMFM_02724,JIEPOILB_02536,MHMAIFBA_02659,KGLDIDPM_02726,CFOCILDN_00350
ycaD_1,ycaD_1,putative MFS-type transporter YcaD,MFCJNMFM_02248,JIEPOILB_03013,MHMAIFBA_02201,KGLDIDPM_02251,CFOCILDN_00821
dxr,dxr,1-deoxy-D-xylulose 5-phosphate reductoisomerase,MFCJNMFM_04143,JIEPOILB_04147,MHMAIFBA_04191,KGLDIDPM_04147,CFOCILDN_01254
ganB,ganB,Endo-beta-14-galactanase,MFCJNMFM_03874,JIEPOILB_03878,MHMAIFBA_03940,KGLDIDPM_03878,CFOCILDN_02531
ybjJ,ybjJ,Inner membrane protein YbjJ,MFCJNMFM_03404,JIEPOILB_03408,MHMAIFBA_03410,KGLDIDPM_03408,CFOCILDN_02091
rlmI,rlmI,Ribosomal RNA large subunit methyltransferase I,MFCJNMFM_03281,JIEPOILB_01979,MHMAIFBA_03248,KGLDIDPM_03285,CFOCILDN_03484
pcaF,pcaF,Beta-ketoadipyl-CoA thiolase,MFCJNMFM_02813,JIEPOILB_02447,MHMAIFBA_02718,KGLDIDPM_02815,CFOCILDN_00261
ackA,ackA,Acetate kinase AckA,MFCJNMFM_01604,JIEPOILB_01605,MHMAIFBA_01569,KGLDIDPM_01602,CFOCILDN_04130
nupC_1,nupC_1,Nucleoside permease NupC,MFCJNMFM_01470,JIEPOILB_01471,MHMAIFBA_01511,KGLDIDPM_01468,CFOCILDN_04574
proV,proV,Glycine betaine/proline betaine transport system ATP-binding protein ProV,MFCJNMFM_01182,JIEPOILB_01182,MHMAIFBA_01171,KGLDIDPM_01180,CFOCILDN_03917
jefA_1,jefA_1,Drug efflux pump JefA,MFCJNMFM_01078,JIEPOILB_01078,MHMAIFBA_01076,KGLDIDPM_01077,CFOCILDN_01369
ubiI,ubiI,2-octaprenylphenol hydroxylase,MFCJNMFM_00830,JIEPOILB_00831,MHMAIFBA_00847,KGLDIDPM_00830,CFOCILDN_01611
gltS,gltS,Sodium/glutamate symporter,MFCJNMFM_00098,JIEPOILB_00097,MHMAIFBA_00097,KGLDIDPM_00097,CFOCILDN_04352
pilC,pilC,Type IV pilus assembly protein PilC,MFCJNMFM_04221,JIEPOILB_04225,MHMAIFBA_04272,KGLDIDPM_04225,CFOCILDN_01176
sbcD,sbcD,Nuclease SbcCD subunit D,MFCJNMFM_03966,JIEPOILB_03970,MHMAIFBA_04032,KGLDIDPM_03970,CFOCILDN_02622
paaJ,paaJ,3-oxoadipyl-CoA/3-oxo-56-dehydrosuberyl-CoA thiolase,MFCJNMFM_02877,JIEPOILB_02383,MHMAIFBA_02782,KGLDIDPM_02879,CFOCILDN_00197
astC_1,astC_1,Succinylornithine transaminase,MFCJNMFM_02862,JIEPOILB_02398,MHMAIFBA_02767,KGLDIDPM_02864,CFOCILDN_00212
csdA,csdA,Cysteine desulfurase CsdA,MFCJNMFM_01016,JIEPOILB_01016,MHMAIFBA_01013,KGLDIDPM_01015,CFOCILDN_01431
yhjX,yhjX,putative MFS-type transporter YhjX,MFCJNMFM_00255,JIEPOILB_00255,MHMAIFBA_00205,KGLDIDPM_00254,CFOCILDN_02805
group_229,,hypothetical protein,MFCJNMFM_04596,JIEPOILB_04600,MHMAIFBA_04609,KGLDIDPM_04600,CFOCILDN_02953
fes,fes,Iron(III) enterobactin esterase,MFCJNMFM_03692,JIEPOILB_03696,MHMAIFBA_03681,KGLDIDPM_03696,CFOCILDN_03631
mdtH_2,mdtH_2,Multidrug resistance protein MdtH,MFCJNMFM_03205,JIEPOILB_02055,MHMAIFBA_03173,KGLDIDPM_03209,CFOCILDN_03408
group_228,,3'3'-cGAMP-specific phosphodiesterase 1,MFCJNMFM_03116,JIEPOILB_02144,MHMAIFBA_03094,KGLDIDPM_03120,CFOCILDN_04290
yedE,yedE,putative transporter YedE,MFCJNMFM_02849,JIEPOILB_02411,MHMAIFBA_02754,KGLDIDPM_02851,CFOCILDN_00225
tdcD,tdcD,Propionate kinase,MFCJNMFM_02060,JIEPOILB_03201,MHMAIFBA_01994,KGLDIDPM_02063,CFOCILDN_02361
cdaR_2,cdaR_2,Carbohydrate diacid regulator,MFCJNMFM_04152,JIEPOILB_04156,MHMAIFBA_04200,KGLDIDPM_04156,CFOCILDN_01245
bluF_2,bluF_2,Blue light- and temperature-regulated antirepressor BluF,MFCJNMFM_03657,JIEPOILB_03661,MHMAIFBA_03507,KGLDIDPM_03661,CFOCILDN_04704
dacC,dacC,D-alanyl-D-alanine carboxypeptidase DacC,MFCJNMFM_03409,JIEPOILB_03413,MHMAIFBA_03415,KGLDIDPM_03413,CFOCILDN_02096
dpaL,dpaL,Diaminopropionate ammonia-lyase,MFCJNMFM_03319,JIEPOILB_03323,MHMAIFBA_03279,KGLDIDPM_03323,CFOCILDN_01964
ydiM,ydiM,Inner membrane transport protein YdiM,MFCJNMFM_04255,JIEPOILB_04259,MHMAIFBA_04306,KGLDIDPM_04259,CFOCILDN_01142
outF,outF,Type II secretion system protein F,MFCJNMFM_04171,JIEPOILB_04175,MHMAIFBA_04219,KGLDIDPM_04175,CFOCILDN_01226
sotB_3,sotB_3,sugar efflux transporter,MFCJNMFM_03200,JIEPOILB_02060,MHMAIFBA_03168,KGLDIDPM_03204,CFOCILDN_03403
alaC,alaC,Glutamate-pyruvate aminotransferase AlaC,MFCJNMFM_01479,JIEPOILB_01480,MHMAIFBA_01520,KGLDIDPM_01477,CFOCILDN_04565
iscS,iscS,Cysteine desulfurase IscS,MFCJNMFM_01349,JIEPOILB_01350,MHMAIFBA_01343,KGLDIDPM_01347,CFOCILDN_03169
pduW,pduW,Propionate kinase,MFCJNMFM_00949,JIEPOILB_00950,MHMAIFBA_00966,KGLDIDPM_00949,CFOCILDN_01493
nupC_2,nupC_2,Nucleoside permease NupC,MFCJNMFM_03237,JIEPOILB_02023,MHMAIFBA_03205,KGLDIDPM_03241,CFOCILDN_03440
sotB_2,sotB_2,Sugar efflux transporter B,MFCJNMFM_03094,JIEPOILB_02166,MHMAIFBA_03072,KGLDIDPM_03098,CFOCILDN_04312
group_223,,putative transporter,MFCJNMFM_02379,JIEPOILB_02882,MHMAIFBA_02328,KGLDIDPM_02381,CFOCILDN_00694
alaA,alaA,Glutamate-pyruvate aminotransferase AlaA,MFCJNMFM_01610,JIEPOILB_01611,MHMAIFBA_01575,KGLDIDPM_01608,CFOCILDN_04124
coaBC,coaBC,Coenzyme A biosynthesis bifunctional protein CoaBC,MFCJNMFM_00177,JIEPOILB_00177,MHMAIFBA_00129,KGLDIDPM_00176,CFOCILDN_02882
ufaA1,ufaA1,Tuberculostearic acid methyltransferase UfaA1,MFCJNMFM_04480,JIEPOILB_04484,MHMAIFBA_04517,KGLDIDPM_04484,CFOCILDN_04903
group_222,,D-threonine aldolase,MFCJNMFM_04393,JIEPOILB_04397,MHMAIFBA_04448,KGLDIDPM_04397,CFOCILDN_01006
fsr,fsr,Fosmidomycin resistance protein,MFCJNMFM_03844,JIEPOILB_03848,MHMAIFBA_03910,KGLDIDPM_03848,CFOCILDN_02501
nagC_2,nagC_2,DNA-binding transcriptional dual regulator NagC,MFCJNMFM_03568,JIEPOILB_03572,MHMAIFBA_03586,KGLDIDPM_03572,CFOCILDN_04584
astC_2,astC_2,Succinylornithine transaminase,MFCJNMFM_03058,JIEPOILB_02202,MHMAIFBA_03028,KGLDIDPM_03061,CFOCILDN_00016
pgtC,pgtC,Phosphoglycerate transport regulatory protein PgtC,MFCJNMFM_02620,JIEPOILB_02640,MHMAIFBA_02553,KGLDIDPM_02622,CFOCILDN_00454
sufS,sufS,Cysteine desulfurase,MFCJNMFM_02203,JIEPOILB_03058,MHMAIFBA_02156,KGLDIDPM_02206,CFOCILDN_00866
fabB,fabB,3-oxoacyl-[acyl-carrier-protein] synthase 1,MFCJNMFM_01578,JIEPOILB_01579,MHMAIFBA_01543,KGLDIDPM_01576,CFOCILDN_04156
lgoT_1,lgoT_1,putative L-galactonate transporter,MFCJNMFM_00798,JIEPOILB_00799,MHMAIFBA_00815,KGLDIDPM_00798,CFOCILDN_01644
argD,argD,Acetylornithine/succinyldiaminopimelate aminotransferase,MFCJNMFM_00415,JIEPOILB_00415,MHMAIFBA_00366,KGLDIDPM_00414,CFOCILDN_04509
yhhS_1,yhhS_1,putative MFS-type transporter YhhS,MFCJNMFM_00320,JIEPOILB_00320,MHMAIFBA_00272,KGLDIDPM_00319,CFOCILDN_02740
deoB,deoB,Phosphopentomutase,MFCJNMFM_04346,JIEPOILB_04350,MHMAIFBA_04397,KGLDIDPM_04350,CFOCILDN_01051
nhaA_1,nhaA_1,Na(+)/H(+) antiporter NhaA,MFCJNMFM_04313,JIEPOILB_04317,MHMAIFBA_04364,KGLDIDPM_04317,CFOCILDN_01084
nqrF,nqrF,Na(+)-translocating NADH-quinone reductase subunit F,MFCJNMFM_04085,JIEPOILB_04089,MHMAIFBA_04135,KGLDIDPM_04089,CFOCILDN_04024
cysH_2,cysH_2,Adenosine 5'-phosphosulfate reductase,MFCJNMFM_03517,JIEPOILB_03521,MHMAIFBA_03636,KGLDIDPM_03521,CFOCILDN_04421
mlc,mlc,DNA-binding transcriptional repressor Mlc,MFCJNMFM_02781,JIEPOILB_02479,MHMAIFBA_02685,KGLDIDPM_02783,CFOCILDN_00293
dgcN,dgcN,Diguanylate cyclase DgcN,MFCJNMFM_01223,JIEPOILB_01223,MHMAIFBA_01279,KGLDIDPM_01221,CFOCILDN_03987
dszC,dszC,Dibenzothiophene monooxygenase,MFCJNMFM_01037,JIEPOILB_01037,MHMAIFBA_01034,KGLDIDPM_01036,CFOCILDN_01410
sucB,sucB,Dihydrolipoyllysine-residue succinyltransferase component of 2-oxoglutarate dehydrogenase complex,MFCJNMFM_03606,JIEPOILB_03610,MHMAIFBA_03549,KGLDIDPM_03610,CFOCILDN_04622
hdfR_1,hdfR_1,HTH-type transcriptional regulator HdfR,MFCJNMFM_00057,JIEPOILB_00057,MHMAIFBA_00058,KGLDIDPM_00057,CFOCILDN_04392
group_220,,hypothetical protein,MFCJNMFM_00013,JIEPOILB_00013,MHMAIFBA_00013,KGLDIDPM_00013,CFOCILDN_03771
ycaQ,ycaQ,Interstrand DNA cross-link repair glycosylase,MFCJNMFM_03336,JIEPOILB_03340,MHMAIFBA_03296,KGLDIDPM_03340,CFOCILDN_01981
yqeG,yqeG,Inner membrane transport protein YqeG,MFCJNMFM_00900,JIEPOILB_00901,MHMAIFBA_00917,KGLDIDPM_00900,CFOCILDN_01542
yggP,yggP,Mannitol-1-phosphate 5-dehydrogenase,MFCJNMFM_04817,JIEPOILB_04821,MHMAIFBA_04779,KGLDIDPM_04821,CFOCILDN_03598
nadR,nadR,Trifunctional NAD biosynthesis/regulator protein NadR,MFCJNMFM_04340,JIEPOILB_04344,MHMAIFBA_04391,KGLDIDPM_04344,CFOCILDN_01057
ganS,ganS,Galactooligosaccharide-binding protein,MFCJNMFM_03877,JIEPOILB_03881,MHMAIFBA_03943,KGLDIDPM_03881,CFOCILDN_02534
mdfA,mdfA,Multidrug transporter MdfA,MFCJNMFM_03406,JIEPOILB_03410,MHMAIFBA_03412,KGLDIDPM_03410,CFOCILDN_02093
pepT,pepT,Peptidase T,MFCJNMFM_03147,JIEPOILB_02113,MHMAIFBA_03124,KGLDIDPM_03151,CFOCILDN_04260
nanX,nanX,Sialic acid transporter NanX,MFCJNMFM_02587,JIEPOILB_02673,MHMAIFBA_02535,KGLDIDPM_02589,CFOCILDN_00487
mdtM_1,mdtM_1,Multidrug resistance protein MdtM,MFCJNMFM_02246,JIEPOILB_03015,MHMAIFBA_02199,KGLDIDPM_02249,CFOCILDN_00823
mdtH_1,mdtH_1,Multidrug resistance protein MdtH,MFCJNMFM_02186,JIEPOILB_03075,MHMAIFBA_02139,KGLDIDPM_02189,CFOCILDN_00883
eutH,eutH,putative ethanolamine permease EutH,MFCJNMFM_01427,JIEPOILB_01428,MHMAIFBA_01469,KGLDIDPM_01425,CFOCILDN_03091
group_218,,hypothetical protein,MFCJNMFM_01381,JIEPOILB_01382,MHMAIFBA_01424,KGLDIDPM_01379,CFOCILDN_03137
serA,serA,D-3-phosphoglycerate dehydrogenase,MFCJNMFM_00824,JIEPOILB_00825,MHMAIFBA_00841,KGLDIDPM_00824,CFOCILDN_01617
group_217,,hypothetical protein,MFCJNMFM_03502,JIEPOILB_03506,MHMAIFBA_03651,KGLDIDPM_03506,CFOCILDN_04406
moeA,moeA,Molybdopterin molybdenumtransferase,MFCJNMFM_03420,JIEPOILB_03424,MHMAIFBA_03427,KGLDIDPM_03424,CFOCILDN_02107
dtnK,dtnK,D-threonate kinase,MFCJNMFM_02718,JIEPOILB_02542,MHMAIFBA_02651,KGLDIDPM_02720,CFOCILDN_00356
yfeO,yfeO,Putative ion-transport protein YfeO,MFCJNMFM_01475,JIEPOILB_01476,MHMAIFBA_01516,KGLDIDPM_01473,CFOCILDN_04569
nqrB,nqrB,Na(+)-translocating NADH-quinone reductase subunit B,MFCJNMFM_04089,JIEPOILB_04093,MHMAIFBA_04139,KGLDIDPM_04093,CFOCILDN_04020
codA_2,codA_2,Cytosine deaminase,MFCJNMFM_03501,JIEPOILB_03505,MHMAIFBA_03652,KGLDIDPM_03505,CFOCILDN_04405
amaB_2,amaB_2,N-carbamoyl-L-amino acid amidohydrolase,MFCJNMFM_03317,JIEPOILB_03321,MHMAIFBA_03277,KGLDIDPM_03321,CFOCILDN_01962
pncB,pncB,Nicotinate phosphoribosyltransferase,MFCJNMFM_03315,JIEPOILB_03319,MHMAIFBA_03275,KGLDIDPM_03319,CFOCILDN_01960
nepI_2,nepI_2,Purine ribonucleoside efflux pump NepI,MFCJNMFM_02683,JIEPOILB_02577,MHMAIFBA_02617,KGLDIDPM_02685,CFOCILDN_00390
group_216,,hypothetical protein,MFCJNMFM_01661,JIEPOILB_01661,MHMAIFBA_01626,KGLDIDPM_01658,CFOCILDN_03232
mdtM_2,mdtM_2,Multidrug resistance protein MdtM,MFCJNMFM_04426,JIEPOILB_04430,MHMAIFBA_04475,KGLDIDPM_04430,CFOCILDN_00973
yegT,yegT,Putative nucleoside transporter YegT,MFCJNMFM_03756,JIEPOILB_03760,MHMAIFBA_03755,KGLDIDPM_03760,CFOCILDN_03694
entS,entS,Enterobactin exporter EntS,MFCJNMFM_03686,JIEPOILB_03690,MHMAIFBA_03675,KGLDIDPM_03690,CFOCILDN_03625
group_214,,hypothetical protein,MFCJNMFM_03670,JIEPOILB_03674,MHMAIFBA_03659,KGLDIDPM_03674,CFOCILDN_03609
rafB_1,rafB_1,Raffinose permease,MFCJNMFM_03413,JIEPOILB_03417,MHMAIFBA_03419,KGLDIDPM_03417,CFOCILDN_02100
fabF_2,fabF_2,3-oxoacyl-[acyl-carrier-protein] synthase 2,MFCJNMFM_03188,JIEPOILB_02072,MHMAIFBA_03156,KGLDIDPM_03192,CFOCILDN_03391
pucG,pucG,(S)-ureidoglycine--glyoxylate transaminase,MFCJNMFM_02580,JIEPOILB_02680,MHMAIFBA_02528,KGLDIDPM_02582,CFOCILDN_00494
mntH,mntH,Divalent metal cation transporter MntH,MFCJNMFM_01471,JIEPOILB_01472,MHMAIFBA_01512,KGLDIDPM_01469,CFOCILDN_04573
cscB,cscB,Sucrose permease,MFCJNMFM_00909,JIEPOILB_00910,MHMAIFBA_00926,KGLDIDPM_00909,CFOCILDN_01533
cca,cca,Multifunctional CCA protein,MFCJNMFM_00719,JIEPOILB_00720,MHMAIFBA_00670,KGLDIDPM_00719,CFOCILDN_01723
frsA,frsA,Esterase FrsA,MFCJNMFM_04078,JIEPOILB_04082,MHMAIFBA_04128,KGLDIDPM_04082,CFOCILDN_04031
ybdG_2,ybdG_2,Mechanosensing system component YbdG,MFCJNMFM_03751,JIEPOILB_03755,MHMAIFBA_03742,KGLDIDPM_03755,CFOCILDN_03689
clsB,clsB,Cardiolipin synthase B,MFCJNMFM_03465,JIEPOILB_03469,MHMAIFBA_03473,KGLDIDPM_03469,CFOCILDN_02152
cytR_2,cytR_2,HTH-type transcriptional repressor CytR,MFCJNMFM_03426,JIEPOILB_03430,MHMAIFBA_03433,KGLDIDPM_03430,CFOCILDN_02113
lolE,lolE,Lipoprotein-releasing system transmembrane protein LolE,MFCJNMFM_03166,JIEPOILB_02094,MHMAIFBA_03134,KGLDIDPM_03170,CFOCILDN_03369
mtr,mtr,Tryptophan-specific transport protein,MFCJNMFM_00605,JIEPOILB_00606,MHMAIFBA_00557,KGLDIDPM_00605,CFOCILDN_01836
pilQ,pilQ,Type IV pilus biogenesis and competence protein PilQ,MFCJNMFM_00397,JIEPOILB_00397,MHMAIFBA_00348,KGLDIDPM_00396,CFOCILDN_04491
agp_1,agp_1,Glucose-1-phosphatase,MFCJNMFM_03254,JIEPOILB_02006,MHMAIFBA_03221,KGLDIDPM_03258,CFOCILDN_03457
sstT,sstT,Serine/threonine transporter SstT,MFCJNMFM_00660,JIEPOILB_00661,MHMAIFBA_00611,KGLDIDPM_00660,CFOCILDN_01781
wzxE,wzxE,Lipid III flippase,MFCJNMFM_04928,JIEPOILB_04931,MHMAIFBA_04887,KGLDIDPM_04931,CFOCILDN_04224
yjeH,yjeH,L-methionine/branched-chain amino acid exporter YjeH,MFCJNMFM_04495,JIEPOILB_04499,MHMAIFBA_04703,KGLDIDPM_04499,CFOCILDN_03051
icd,icd,Isocitrate dehydrogenase [NADP],MFCJNMFM_03136,JIEPOILB_02124,MHMAIFBA_03113,KGLDIDPM_03140,CFOCILDN_04271
ynfM,ynfM,Inner membrane transport protein YnfM,MFCJNMFM_02783,JIEPOILB_02477,MHMAIFBA_02687,KGLDIDPM_02785,CFOCILDN_00291
dctD,dctD,C4-dicarboxylate transport transcriptional regulatory protein DctD,MFCJNMFM_02622,JIEPOILB_02638,MHMAIFBA_02555,KGLDIDPM_02624,CFOCILDN_00452
clcB_1,clcB_1,Voltage-gated ClC-type chloride channel ClcB,MFCJNMFM_00117,JIEPOILB_00116,MHMAIFBA_00116,KGLDIDPM_00116,CFOCILDN_04333
group_211,,hypothetical protein,MFCJNMFM_04191,JIEPOILB_04195,MHMAIFBA_04239,KGLDIDPM_04195,CFOCILDN_01206
proA,proA,Gamma-glutamyl phosphate reductase,MFCJNMFM_04026,JIEPOILB_04030,MHMAIFBA_04092,KGLDIDPM_04030,CFOCILDN_04083
chiA1,chiA1,Chitinase A1,MFCJNMFM_03080,JIEPOILB_02180,MHMAIFBA_03058,KGLDIDPM_03084,CFOCILDN_04326
dadA_2,dadA_2,D-amino acid dehydrogenase,MFCJNMFM_02166,JIEPOILB_03095,MHMAIFBA_02118,KGLDIDPM_02169,CFOCILDN_00903
glyA,glyA,Serine hydroxymethyltransferase,MFCJNMFM_01335,JIEPOILB_01336,MHMAIFBA_01329,KGLDIDPM_01333,CFOCILDN_03183
amiC_1,amiC_1,N-acetylmuramoyl-L-alanine amidase AmiC,MFCJNMFM_00946,JIEPOILB_00947,MHMAIFBA_00963,KGLDIDPM_00946,CFOCILDN_01496
nupG,nupG,Nucleoside permease NupG,MFCJNMFM_00774,JIEPOILB_00775,MHMAIFBA_00791,KGLDIDPM_00774,CFOCILDN_01668
ybdG_1,ybdG_1,Mechanosensing system component YbdG,MFCJNMFM_03707,JIEPOILB_03711,MHMAIFBA_03696,KGLDIDPM_03711,CFOCILDN_03646
nrtA,nrtA,Nitrate/nitrite binding protein NrtA,MFCJNMFM_02115,JIEPOILB_03146,MHMAIFBA_02067,KGLDIDPM_02118,CFOCILDN_02416
hemA,hemA,Glutamyl-tRNA reductase,MFCJNMFM_02103,JIEPOILB_03158,MHMAIFBA_02055,KGLDIDPM_02106,CFOCILDN_02404
sauU,sauU,putative sulfoacetate transporter SauU,MFCJNMFM_00806,JIEPOILB_00807,MHMAIFBA_00823,KGLDIDPM_00806,CFOCILDN_01636
avtA,avtA,Valine--pyruvate aminotransferase,MFCJNMFM_00222,JIEPOILB_00222,MHMAIFBA_00174,KGLDIDPM_00221,CFOCILDN_02836
envC,envC,Murein hydrolase activator EnvC,MFCJNMFM_00200,JIEPOILB_00200,MHMAIFBA_00152,KGLDIDPM_00199,CFOCILDN_02858
rhaA,rhaA,L-rhamnose isomerase,MFCJNMFM_05008,JIEPOILB_05011,MHMAIFBA_04966,KGLDIDPM_05011,CFOCILDN_03853
rho,rho,Transcription termination factor Rho,MFCJNMFM_04937,JIEPOILB_04940,MHMAIFBA_04896,KGLDIDPM_04940,CFOCILDN_04233
group_209,,hypothetical protein,MFCJNMFM_04478,JIEPOILB_04482,MHMAIFBA_04515,KGLDIDPM_04482,CFOCILDN_04901
amaB_1,amaB_1,N-carbamoyl-L-amino acid amidohydrolase,MFCJNMFM_02581,JIEPOILB_02679,MHMAIFBA_02529,KGLDIDPM_02583,CFOCILDN_00493
glpB,glpB,Anaerobic glycerol-3-phosphate dehydrogenase subunit B,MFCJNMFM_01642,JIEPOILB_01643,MHMAIFBA_01608,KGLDIDPM_01640,CFOCILDN_04092
murA,murA,UDP-N-acetylglucosamine 1-carboxyvinyltransferase,MFCJNMFM_00575,JIEPOILB_00576,MHMAIFBA_00527,KGLDIDPM_00575,CFOCILDN_01866
damX,damX,Cell division protein DamX,MFCJNMFM_00400,JIEPOILB_00400,MHMAIFBA_00351,KGLDIDPM_00399,CFOCILDN_04494
wecC,wecC,UDP-N-acetyl-D-mannosamine dehydrogenase,MFCJNMFM_04933,JIEPOILB_04936,MHMAIFBA_04892,KGLDIDPM_04936,CFOCILDN_04229
hflK,hflK,Modulator of FtsH protease HflK,MFCJNMFM_04537,JIEPOILB_04541,MHMAIFBA_04663,KGLDIDPM_04541,CFOCILDN_03011
cusB,cusB,Cation efflux system protein CusB,MFCJNMFM_04471,JIEPOILB_04475,MHMAIFBA_04508,KGLDIDPM_04475,CFOCILDN_04894
ftsA,ftsA,Cell division protein FtsA,MFCJNMFM_04231,JIEPOILB_04235,MHMAIFBA_04282,KGLDIDPM_04235,CFOCILDN_01166
gatC_2,gatC_2,PTS system galactitol-specific EIIC component,MFCJNMFM_04054,JIEPOILB_04058,MHMAIFBA_04117,KGLDIDPM_04058,CFOCILDN_04055
codB,codB,Cytosine permease,MFCJNMFM_03503,JIEPOILB_03507,MHMAIFBA_03650,KGLDIDPM_03507,CFOCILDN_04407
ulaA_1,ulaA_1,Ascorbate-specific PTS system EIIC component,MFCJNMFM_02596,JIEPOILB_02664,MHMAIFBA_02544,KGLDIDPM_02598,CFOCILDN_00478
lysA,lysA,Diaminopimelate decarboxylase,MFCJNMFM_00919,JIEPOILB_00920,MHMAIFBA_00936,KGLDIDPM_00919,CFOCILDN_01523
galA,galA,Gallate dioxygenase,MFCJNMFM_00056,JIEPOILB_00056,MHMAIFBA_00057,KGLDIDPM_00056,CFOCILDN_04393
melY,melY,Melibiose permease,MFCJNMFM_05016,JIEPOILB_05019,MHMAIFBA_04974,KGLDIDPM_05019,CFOCILDN_03861
rhlB,rhlB,ATP-dependent RNA helicase RhlB,MFCJNMFM_04939,JIEPOILB_04942,MHMAIFBA_04898,KGLDIDPM_04942,CFOCILDN_04235
ybiU,ybiU,putative protein YbiU,MFCJNMFM_03425,JIEPOILB_03429,MHMAIFBA_03432,KGLDIDPM_03429,CFOCILDN_02112
umuC_2,umuC_2,Protein UmuC,MFCJNMFM_03097,JIEPOILB_02163,MHMAIFBA_03075,KGLDIDPM_03101,CFOCILDN_04309
gntU,gntU,Low-affinity gluconate transporter,MFCJNMFM_00359,JIEPOILB_00359,MHMAIFBA_00310,KGLDIDPM_00358,CFOCILDN_02702
group_204,,hypothetical protein,MFCJNMFM_00336,JIEPOILB_00336,MHMAIFBA_00287,KGLDIDPM_00335,CFOCILDN_02725
puuE,puuE,4-aminobutyrate aminotransferase PuuE,MFCJNMFM_00334,JIEPOILB_00334,MHMAIFBA_00286,KGLDIDPM_00333,CFOCILDN_02726
lhgD,lhgD,L-2-hydroxyglutarate dehydrogenase,MFCJNMFM_04059,JIEPOILB_04063,MHMAIFBA_04122,KGLDIDPM_04063,CFOCILDN_04050
agp_2,agp_2,Glucose-1-phosphatase,MFCJNMFM_03497,JIEPOILB_03501,MHMAIFBA_03656,KGLDIDPM_03501,CFOCILDN_04401
pqiA,pqiA,Intermembrane transport protein PqiA,MFCJNMFM_03303,JIEPOILB_03307,MHMAIFBA_03263,KGLDIDPM_03307,CFOCILDN_01948
folC,folC,Dihydrofolate synthase/folylpolyglutamate synthase,MFCJNMFM_01586,JIEPOILB_01587,MHMAIFBA_01551,KGLDIDPM_01584,CFOCILDN_04148
oprD,oprD,Porin D,MFCJNMFM_00813,JIEPOILB_00814,MHMAIFBA_00830,KGLDIDPM_00813,CFOCILDN_01629
lamB_2,lamB_2,Maltoporin,MFCJNMFM_03871,JIEPOILB_03875,MHMAIFBA_03937,KGLDIDPM_03875,CFOCILDN_02528
dacA,dacA,D-alanyl-D-alanine carboxypeptidase DacA,MFCJNMFM_03535,JIEPOILB_03539,MHMAIFBA_03618,KGLDIDPM_03539,CFOCILDN_04439
gatZ,gatZ,D-tagatose-16-bisphosphate aldolase subunit GatZ,MFCJNMFM_00627,JIEPOILB_00628,MHMAIFBA_00579,KGLDIDPM_00627,CFOCILDN_01814
group_203,,hypothetical protein,MFCJNMFM_00295,JIEPOILB_00295,MHMAIFBA_00247,KGLDIDPM_00294,CFOCILDN_02765
ftsW,ftsW,putative peptidoglycan glycosyltransferase FtsW,MFCJNMFM_04236,JIEPOILB_04240,MHMAIFBA_04287,KGLDIDPM_04240,CFOCILDN_01161
clpX,clpX,ATP-dependent Clp protease ATP-binding subunit ClpX,MFCJNMFM_03904,JIEPOILB_03908,MHMAIFBA_03970,KGLDIDPM_03908,CFOCILDN_02561
gdhA_1,gdhA_1,Glutamate dehydrogenase,MFCJNMFM_02863,JIEPOILB_02397,MHMAIFBA_02768,KGLDIDPM_02865,CFOCILDN_00211
tyrS,tyrS,Tyrosine--tRNA ligase,MFCJNMFM_02362,JIEPOILB_02899,MHMAIFBA_02311,KGLDIDPM_02364,CFOCILDN_00711
sufD,sufD,Iron-sulfur cluster assembly protein SufD,MFCJNMFM_02202,JIEPOILB_03059,MHMAIFBA_02155,KGLDIDPM_02205,CFOCILDN_00867
dctA_2,dctA_2,C4-dicarboxylate transport protein,MFCJNMFM_01766,JIEPOILB_01765,MHMAIFBA_01731,KGLDIDPM_01762,CFOCILDN_03336
hisS,hisS,Histidine--tRNA ligase,MFCJNMFM_01366,JIEPOILB_01367,MHMAIFBA_01360,KGLDIDPM_01364,CFOCILDN_03152
waaA,waaA,3-deoxy-D-manno-octulosonic acid transferase,MFCJNMFM_00184,JIEPOILB_00184,MHMAIFBA_00136,KGLDIDPM_00183,CFOCILDN_02875
group_200,,hypothetical protein,MFCJNMFM_04800,JIEPOILB_04804,MHMAIFBA_04761,KGLDIDPM_04804,CFOCILDN_03581
nupX,nupX,Putative nucleoside permease NupX,MFCJNMFM_04349,JIEPOILB_04353,MHMAIFBA_04400,KGLDIDPM_04353,CFOCILDN_01048
group_199,,hypothetical protein,MFCJNMFM_01342,JIEPOILB_01343,MHMAIFBA_01336,KGLDIDPM_01340,CFOCILDN_03176
group_198,,hypothetical protein,MFCJNMFM_00341,JIEPOILB_00341,MHMAIFBA_00292,KGLDIDPM_00340,CFOCILDN_02720
hflX,hflX,GTPase HflX,MFCJNMFM_04536,JIEPOILB_04540,MHMAIFBA_04664,KGLDIDPM_04540,CFOCILDN_03012
thrC,thrC,Threonine synthase,MFCJNMFM_04325,JIEPOILB_04329,MHMAIFBA_04376,KGLDIDPM_04329,CFOCILDN_01072
hemL,hemL,Glutamate-1-semialdehyde 21-aminomutase,MFCJNMFM_04160,JIEPOILB_04164,MHMAIFBA_04208,KGLDIDPM_04164,CFOCILDN_01237
puuB_1,puuB_1,Gamma-glutamylputrescine oxidoreductase,MFCJNMFM_03265,JIEPOILB_01995,MHMAIFBA_03231,KGLDIDPM_03269,CFOCILDN_03468
ttuB_1,ttuB_1,Putative tartrate transporter,MFCJNMFM_00246,JIEPOILB_00246,MHMAIFBA_00196,KGLDIDPM_00245,CFOCILDN_02814
group_195,,hypothetical protein,MFCJNMFM_03089,JIEPOILB_02171,MHMAIFBA_03067,KGLDIDPM_03093,CFOCILDN_04317
gabT,gabT,4-aminobutyrate aminotransferase GabT,MFCJNMFM_04061,JIEPOILB_04065,MHMAIFBA_04124,KGLDIDPM_04065,CFOCILDN_04048
gltA_1,gltA_1,Citrate synthase,MFCJNMFM_03600,JIEPOILB_03604,MHMAIFBA_03555,KGLDIDPM_03604,CFOCILDN_04616
ybhC,ybhC,Putative acyl-CoA thioester hydrolase YbhC,MFCJNMFM_03492,JIEPOILB_03496,MHMAIFBA_03500,KGLDIDPM_03496,CFOCILDN_02179
aroA,aroA,3-phosphoshikimate 1-carboxyvinyltransferase,MFCJNMFM_03343,JIEPOILB_03347,MHMAIFBA_03303,KGLDIDPM_03347,CFOCILDN_01988
efeB,efeB,Deferrochelatase,MFCJNMFM_03234,JIEPOILB_02026,MHMAIFBA_03202,KGLDIDPM_03238,CFOCILDN_03437
lgoT_2,lgoT_2,putative L-galactonate transporter,MFCJNMFM_02769,JIEPOILB_02491,MHMAIFBA_02672,KGLDIDPM_02771,CFOCILDN_00305
letA,letA,Lipophilic envelope-spanning tunnel protein A,MFCJNMFM_02002,JIEPOILB_03258,MHMAIFBA_01938,KGLDIDPM_02005,CFOCILDN_02304
csbX_1,csbX_1,Alpha-ketoglutarate permease,MFCJNMFM_01742,JIEPOILB_01742,MHMAIFBA_01708,KGLDIDPM_01739,CFOCILDN_03313
exuT_1,exuT_1,Hexuronate transporter,MFCJNMFM_00552,JIEPOILB_00553,MHMAIFBA_00504,KGLDIDPM_00552,CFOCILDN_01889
surA,surA,Chaperone SurA,MFCJNMFM_04279,JIEPOILB_04283,MHMAIFBA_04330,KGLDIDPM_04283,CFOCILDN_01118
amtB,amtB,Ammonium transporter AmtB,MFCJNMFM_03890,JIEPOILB_03894,MHMAIFBA_03956,KGLDIDPM_03894,CFOCILDN_02547
group_192,,hypothetical protein,MFCJNMFM_02064,JIEPOILB_03197,MHMAIFBA_01998,KGLDIDPM_02067,CFOCILDN_02365
group_191,,hypothetical protein,MFCJNMFM_01671,JIEPOILB_01671,MHMAIFBA_01636,KGLDIDPM_01668,CFOCILDN_03242
uraA,uraA,Uracil permease,MFCJNMFM_01392,JIEPOILB_01393,MHMAIFBA_01435,KGLDIDPM_01390,CFOCILDN_03126
pepB,pepB,Peptidase B,MFCJNMFM_01356,JIEPOILB_01357,MHMAIFBA_01350,KGLDIDPM_01354,CFOCILDN_03162
group_190,,hypothetical protein,MFCJNMFM_01213,JIEPOILB_01213,MHMAIFBA_01269,KGLDIDPM_01211,CFOCILDN_03977
yesO,yesO,Putative ABC transporter substrate-binding protein YesO,MFCJNMFM_00912,JIEPOILB_00913,MHMAIFBA_00929,KGLDIDPM_00912,CFOCILDN_01530
dctA_1,dctA_1,Aerobic C4-dicarboxylate transport protein,MFCJNMFM_00281,JIEPOILB_00281,MHMAIFBA_00233,KGLDIDPM_00280,CFOCILDN_02779
lamB_4,lamB_4,maltoporin LamB,MFCJNMFM_04794,JIEPOILB_04798,MHMAIFBA_04755,KGLDIDPM_04798,CFOCILDN_03575
menF,menF,Isochorismate synthase MenF,MFCJNMFM_01627,JIEPOILB_01628,MHMAIFBA_01592,KGLDIDPM_01625,CFOCILDN_04107
sdaC_1,sdaC_1,Serine transporter SdaC,MFCJNMFM_01040,JIEPOILB_01040,MHMAIFBA_01037,KGLDIDPM_01039,CFOCILDN_01407
group_188,,hypothetical protein,MFCJNMFM_04425,JIEPOILB_04429,MHMAIFBA_04474,KGLDIDPM_04429,CFOCILDN_00974
tolB,tolB,Tol-Pal system protein TolB,MFCJNMFM_03617,JIEPOILB_03621,MHMAIFBA_03538,KGLDIDPM_03621,CFOCILDN_04633
serS,serS,Serine--tRNA ligase,MFCJNMFM_03354,JIEPOILB_03358,MHMAIFBA_03314,KGLDIDPM_03358,CFOCILDN_01999
digH,digH,Glycosyl hydrolase DigH,MFCJNMFM_02673,JIEPOILB_02587,MHMAIFBA_02607,KGLDIDPM_02675,CFOCILDN_00400
rhmT,rhmT,Inner membrane transport protein RhmT,MFCJNMFM_01639,JIEPOILB_01640,MHMAIFBA_01605,KGLDIDPM_01637,CFOCILDN_04095
arsB_1,arsB_1,Arsenical pump membrane protein,MFCJNMFM_00866,JIEPOILB_00867,MHMAIFBA_00882,KGLDIDPM_00866,CFOCILDN_01575
dgoT_1,dgoT_1,D-galactonate transporter,MFCJNMFM_00012,JIEPOILB_00012,MHMAIFBA_00012,KGLDIDPM_00012,CFOCILDN_03770
purD,purD,Phosphoribosylamine--glycine ligase,MFCJNMFM_04833,JIEPOILB_04837,MHMAIFBA_04794,KGLDIDPM_04837,CFOCILDN_04789
phoR,phoR,Phosphate regulon sensor protein PhoR,MFCJNMFM_03964,JIEPOILB_03968,MHMAIFBA_04030,KGLDIDPM_03968,CFOCILDN_02620
clcB_2,clcB_2,Voltage-gated ClC-type chloride channel ClcB,MFCJNMFM_02779,JIEPOILB_02481,MHMAIFBA_02683,KGLDIDPM_02781,CFOCILDN_00295
kgtP_2,kgtP_2,Alpha-ketoglutarate permease,MFCJNMFM_02071,JIEPOILB_03190,MHMAIFBA_02005,KGLDIDPM_02074,CFOCILDN_02372
glgC_1,glgC_1,Glucose-1-phosphate adenylyltransferase,MFCJNMFM_00363,JIEPOILB_00363,MHMAIFBA_00314,KGLDIDPM_00362,CFOCILDN_02698
purA,purA,Adenylosuccinate synthetase,MFCJNMFM_04541,JIEPOILB_04545,MHMAIFBA_04659,KGLDIDPM_04545,CFOCILDN_03007
tig,tig,Trigger factor,MFCJNMFM_03906,JIEPOILB_03910,MHMAIFBA_03972,KGLDIDPM_03910,CFOCILDN_02563
oxlT,oxlT,Oxalate:formate antiporter,MFCJNMFM_02592,JIEPOILB_02668,MHMAIFBA_02540,KGLDIDPM_02594,CFOCILDN_00482
dadA_1,dadA_1,D-amino acid dehydrogenase,MFCJNMFM_02043,JIEPOILB_03218,MHMAIFBA_01978,KGLDIDPM_02046,CFOCILDN_02344
ptsJ,ptsJ,Vitamin B6 salvage pathway transcriptional repressor PtsJ,MFCJNMFM_01447,JIEPOILB_01448,MHMAIFBA_01488,KGLDIDPM_01445,CFOCILDN_03072
kgtP_1,kgtP_1,Alpha-ketoglutarate permease,MFCJNMFM_01238,JIEPOILB_01238,MHMAIFBA_01295,KGLDIDPM_01236,CFOCILDN_03217
eno,eno,Enolase,MFCJNMFM_01056,JIEPOILB_01056,MHMAIFBA_01054,KGLDIDPM_01055,CFOCILDN_01391
ygiF,ygiF,Inorganic triphosphatase,MFCJNMFM_00721,JIEPOILB_00722,MHMAIFBA_00672,KGLDIDPM_00721,CFOCILDN_01721
dcuA,dcuA,C4-dicarboxylate transporter DcuA,MFCJNMFM_04492,JIEPOILB_04496,MHMAIFBA_04706,KGLDIDPM_04496,CFOCILDN_03054
puuB_2,puuB_2,Gamma-glutamylputrescine oxidoreductase,MFCJNMFM_03761,JIEPOILB_03765,MHMAIFBA_03760,KGLDIDPM_03765,CFOCILDN_03699
exuT_4,exuT_4,Hexuronate transporter,MFCJNMFM_03427,JIEPOILB_03431,MHMAIFBA_03434,KGLDIDPM_03431,CFOCILDN_02114
rstB_2,rstB_2,Sensor protein RstB,MFCJNMFM_02836,JIEPOILB_02424,MHMAIFBA_02741,KGLDIDPM_02838,CFOCILDN_00238
exuT_2,exuT_2,Hexuronate transporter,MFCJNMFM_00656,JIEPOILB_00657,MHMAIFBA_00607,KGLDIDPM_00656,CFOCILDN_01785
proP_1,proP_1,Proline/betaine transporter,MFCJNMFM_04319,JIEPOILB_04323,MHMAIFBA_04370,KGLDIDPM_04323,CFOCILDN_01078
gsk,gsk,Guanosine-inosine kinase,MFCJNMFM_03846,JIEPOILB_03850,MHMAIFBA_03912,KGLDIDPM_03850,CFOCILDN_02503
ndh,ndh,Type II NADH:quinone oxidoreductase,MFCJNMFM_03175,JIEPOILB_02085,MHMAIFBA_03143,KGLDIDPM_03179,CFOCILDN_03378
hisD,hisD,Histidinol dehydrogenase,MFCJNMFM_01803,JIEPOILB_01809,MHMAIFBA_01779,KGLDIDPM_01806,CFOCILDN_04814
rlmD,rlmD,23S rRNA (uracil(1939)-C(5))-methyltransferase RlmD,MFCJNMFM_01052,JIEPOILB_01052,MHMAIFBA_01050,KGLDIDPM_01051,CFOCILDN_01395
group_185,,hypothetical protein,MFCJNMFM_00104,JIEPOILB_00103,MHMAIFBA_00103,KGLDIDPM_00103,CFOCILDN_04346
licH_2,licH_2,putative 6-phospho-beta-glucosidase,MFCJNMFM_04616,JIEPOILB_04620,MHMAIFBA_04589,KGLDIDPM_04620,CFOCILDN_02933
ganP,ganP,Galactooligosaccharides transport system permease protein GanP,MFCJNMFM_03876,JIEPOILB_03880,MHMAIFBA_03942,KGLDIDPM_03880,CFOCILDN_02533
bioA,bioA,Adenosylmethionine-8-amino-7-oxononanoate aminotransferase,MFCJNMFM_03484,JIEPOILB_03488,MHMAIFBA_03492,KGLDIDPM_03488,CFOCILDN_02171
ynjE,ynjE,Thiosulfate sulfurtransferase YnjE,MFCJNMFM_03066,JIEPOILB_02194,MHMAIFBA_03036,KGLDIDPM_03070,CFOCILDN_00008
sdaC_2,sdaC_2,Serine transporter SdaC,MFCJNMFM_03318,JIEPOILB_03322,MHMAIFBA_03278,KGLDIDPM_03322,CFOCILDN_01963
ugpB_2,ugpB_2,sn-glycerol-3-phosphate-binding periplasmic protein UgpB,MFCJNMFM_04650,JIEPOILB_04654,MHMAIFBA_04554,KGLDIDPM_04654,CFOCILDN_02899
gudP_4,gudP_4,putative galactarate/D-glucarate transporter GudP,MFCJNMFM_04258,JIEPOILB_04262,MHMAIFBA_04309,KGLDIDPM_04262,CFOCILDN_01139
iaaspH,iaaspH,Indole-3-acetyl-aspartic acid hydrolase,MFCJNMFM_02819,JIEPOILB_02441,MHMAIFBA_02724,KGLDIDPM_02821,CFOCILDN_00255
guaD_2,guaD_2,Guanine deaminase,MFCJNMFM_02554,JIEPOILB_02706,MHMAIFBA_02493,KGLDIDPM_02556,CFOCILDN_00520
fadI,fadI,3-ketoacyl-CoA thiolase FadI,MFCJNMFM_01567,JIEPOILB_01568,MHMAIFBA_01531,KGLDIDPM_01565,CFOCILDN_04167
fucP_1,fucP_1,L-fucose-proton symporter,MFCJNMFM_01025,JIEPOILB_01025,MHMAIFBA_01022,KGLDIDPM_01024,CFOCILDN_01422
tilS,tilS,tRNA(Ile)-lysidine synthase,MFCJNMFM_04128,JIEPOILB_04132,MHMAIFBA_04176,KGLDIDPM_04132,CFOCILDN_01269
cmoJ,cmoJ,N-acetyl-S-alkylcysteine sulfoxide monooxygenase,MFCJNMFM_02439,JIEPOILB_02821,MHMAIFBA_02387,KGLDIDPM_02441,CFOCILDN_00635
dinF,dinF,DNA damage-inducible protein F,MFCJNMFM_04785,JIEPOILB_04789,MHMAIFBA_04748,KGLDIDPM_04789,CFOCILDN_03568
murD,murD,UDP-N-acetylmuramoylalanine--D-glutamate ligase,MFCJNMFM_04237,JIEPOILB_04241,MHMAIFBA_04288,KGLDIDPM_04241,CFOCILDN_01160
paaK,paaK,Phenylacetate-coenzyme A ligase,MFCJNMFM_02876,JIEPOILB_02384,MHMAIFBA_02781,KGLDIDPM_02878,CFOCILDN_00198
pepP,pepP,Xaa-Pro aminopeptidase,MFCJNMFM_00828,JIEPOILB_00829,MHMAIFBA_00845,KGLDIDPM_00828,CFOCILDN_01613
gntT,gntT,High-affinity gluconate transporter,MFCJNMFM_00375,JIEPOILB_00375,MHMAIFBA_00326,KGLDIDPM_00374,CFOCILDN_02686
ugpB_1,ugpB_1,sn-glycerol-3-phosphate-binding periplasmic protein UgpB,MFCJNMFM_00346,JIEPOILB_00346,MHMAIFBA_00297,KGLDIDPM_00345,CFOCILDN_02715
aceA,aceA,Isocitrate lyase,MFCJNMFM_04823,JIEPOILB_04827,MHMAIFBA_04785,KGLDIDPM_04827,CFOCILDN_03604
xylA_2,xylA_2,Xylose isomerase,MFCJNMFM_04695,JIEPOILB_04699,MHMAIFBA_04523,KGLDIDPM_04699,CFOCILDN_04673
mepM_1,mepM_1,Murein DD-endopeptidase MepM,MFCJNMFM_01979,JIEPOILB_03281,MHMAIFBA_01915,KGLDIDPM_01982,CFOCILDN_02281
shiA_1,shiA_1,Shikimate transporter,MFCJNMFM_01824,JIEPOILB_01830,MHMAIFBA_01800,KGLDIDPM_01827,CFOCILDN_02192
deoA,deoA,Thymidine phosphorylase,MFCJNMFM_04347,JIEPOILB_04351,MHMAIFBA_04398,KGLDIDPM_04351,CFOCILDN_01050
mukF,mukF,Chromosome partition protein MukF,MFCJNMFM_03330,JIEPOILB_03334,MHMAIFBA_03290,KGLDIDPM_03334,CFOCILDN_01975
rutG,rutG,Putative pyrimidine permease RutG,MFCJNMFM_03249,JIEPOILB_02011,MHMAIFBA_03217,KGLDIDPM_03253,CFOCILDN_03452
hipA,hipA,Serine/threonine-protein kinase toxin HipA,MFCJNMFM_02674,JIEPOILB_02586,MHMAIFBA_02608,KGLDIDPM_02676,CFOCILDN_00399
dgoT_2,dgoT_2,D-galactonate transporter,MFCJNMFM_02211,JIEPOILB_03050,MHMAIFBA_02164,KGLDIDPM_02214,CFOCILDN_00858
fadL,fadL,Long-chain fatty acid transport protein,MFCJNMFM_01565,JIEPOILB_01566,MHMAIFBA_01529,KGLDIDPM_01563,CFOCILDN_04169
licC_3,licC_3,Lichenan permease IIC component,MFCJNMFM_01116,JIEPOILB_01116,MHMAIFBA_01104,KGLDIDPM_01115,CFOCILDN_01332
codA_1,codA_1,Cytosine deaminase,MFCJNMFM_00409,JIEPOILB_00409,MHMAIFBA_00360,KGLDIDPM_00408,CFOCILDN_04503
yhjE,yhjE,Inner membrane metabolite transport protein YhjE,MFCJNMFM_00285,JIEPOILB_00285,MHMAIFBA_00237,KGLDIDPM_00284,CFOCILDN_02775
xylA_1,xylA_1,Xylose isomerase,MFCJNMFM_00229,JIEPOILB_00229,MHMAIFBA_00181,KGLDIDPM_00228,CFOCILDN_02829
licC_1,licC_1,Lichenan permease IIC component,MFCJNMFM_00052,JIEPOILB_00052,MHMAIFBA_00053,KGLDIDPM_00052,CFOCILDN_04397
aglB,aglB,6-phospho-alpha-glucosidase,MFCJNMFM_00021,JIEPOILB_00021,MHMAIFBA_00021,KGLDIDPM_00021,CFOCILDN_03779
group_179,,hypothetical protein,MFCJNMFM_03616,JIEPOILB_03620,MHMAIFBA_03539,KGLDIDPM_03620,CFOCILDN_04632
rimO,rimO,Ribosomal protein uS12 methylthiotransferase RimO,MFCJNMFM_03414,JIEPOILB_03418,MHMAIFBA_03420,KGLDIDPM_03418,CFOCILDN_02101
astB_2,astB_2,N-succinylarginine dihydrolase,MFCJNMFM_03055,JIEPOILB_02205,MHMAIFBA_03025,KGLDIDPM_03058,CFOCILDN_00019
shiA_2,shiA_2,Shikimate transporter,MFCJNMFM_02856,JIEPOILB_02404,MHMAIFBA_02761,KGLDIDPM_02858,CFOCILDN_00218
malH,malH,Maltose-6'-phosphate glucosidase,MFCJNMFM_02658,JIEPOILB_02602,MHMAIFBA_02592,KGLDIDPM_02660,CFOCILDN_00415
uhpC,uhpC,Membrane sensor protein UhpC,MFCJNMFM_00037,JIEPOILB_00037,MHMAIFBA_00037,KGLDIDPM_00037,CFOCILDN_03795
dsdA,dsdA,D-serine dehydratase,MFCJNMFM_00025,JIEPOILB_00025,MHMAIFBA_00025,KGLDIDPM_00025,CFOCILDN_03783
pepQ,pepQ,Xaa-Pro dipeptidase,MFCJNMFM_04879,JIEPOILB_04882,MHMAIFBA_04838,KGLDIDPM_04882,CFOCILDN_04175
zraR,zraR,Transcriptional regulatory protein ZraR,MFCJNMFM_04834,JIEPOILB_04838,MHMAIFBA_04795,KGLDIDPM_04838,CFOCILDN_04788
gudP_3,gudP_3,putative galactarate/D-glucarate transporter GudP,MFCJNMFM_03456,JIEPOILB_03460,MHMAIFBA_03463,KGLDIDPM_03460,CFOCILDN_02143
tdcC,tdcC,Threonine/serine transporter TdcC,MFCJNMFM_02059,JIEPOILB_03202,MHMAIFBA_01993,KGLDIDPM_02062,CFOCILDN_02360
srmB,srmB,ATP-dependent RNA helicase SrmB,MFCJNMFM_01247,JIEPOILB_01247,MHMAIFBA_01304,KGLDIDPM_01245,CFOCILDN_03208
argA,argA,Amino-acid acetyltransferase,MFCJNMFM_00945,JIEPOILB_00946,MHMAIFBA_00962,KGLDIDPM_00945,CFOCILDN_01497
garP,garP,putative galactarate/D-glucarate transporter GarP,MFCJNMFM_00636,JIEPOILB_00637,MHMAIFBA_00588,KGLDIDPM_00636,CFOCILDN_01805
secY,secY,Protein translocase subunit SecY,MFCJNMFM_00461,JIEPOILB_00461,MHMAIFBA_00412,KGLDIDPM_00460,CFOCILDN_04840
hslU,hslU,ATP-dependent protease ATPase subunit HslU,MFCJNMFM_04994,JIEPOILB_04997,MHMAIFBA_04952,KGLDIDPM_04997,CFOCILDN_03839
cadB,cadB,Cadaverine/lysine antiporter,MFCJNMFM_03804,JIEPOILB_03808,MHMAIFBA_03800,KGLDIDPM_03808,CFOCILDN_02460
hisC_2,hisC_2,Histidinol-phosphate aminotransferase,MFCJNMFM_03726,JIEPOILB_03730,MHMAIFBA_03715,KGLDIDPM_03730,CFOCILDN_03665
fucP_2,fucP_2,L-fucose-proton symporter,MFCJNMFM_02642,JIEPOILB_02618,MHMAIFBA_02576,KGLDIDPM_02644,CFOCILDN_00431
adeP,adeP,Adenine permease AdeP,MFCJNMFM_05097,JIEPOILB_05100,MHMAIFBA_05054,KGLDIDPM_05100,CFOCILDN_03750
paeA,paeA,Polyamine export protein,MFCJNMFM_04578,JIEPOILB_04582,MHMAIFBA_04625,KGLDIDPM_04582,CFOCILDN_02970
tpa,tpa,Taurine--pyruvate aminotransferase,MFCJNMFM_03719,JIEPOILB_03723,MHMAIFBA_03708,KGLDIDPM_03723,CFOCILDN_03658
ttuB_2,ttuB_2,Putative tartrate transporter,MFCJNMFM_02648,JIEPOILB_02612,MHMAIFBA_02582,KGLDIDPM_02650,CFOCILDN_00425
nuoF,nuoF,NADH-quinone oxidoreductase subunit F,MFCJNMFM_01616,JIEPOILB_01617,MHMAIFBA_01581,KGLDIDPM_01614,CFOCILDN_04118
glrR,glrR,Transcriptional regulatory protein GlrR,MFCJNMFM_01332,JIEPOILB_01333,MHMAIFBA_01326,KGLDIDPM_01330,CFOCILDN_03186
scrY_1,scrY_1,Sucrose porin,MFCJNMFM_01119,JIEPOILB_01119,MHMAIFBA_01107,KGLDIDPM_01118,CFOCILDN_01329
licC_2,licC_2,Lichenan permease IIC component,MFCJNMFM_00921,JIEPOILB_00922,MHMAIFBA_00938,KGLDIDPM_00921,CFOCILDN_01521
glmM,glmM,Phosphoglucosamine mutase,MFCJNMFM_00588,JIEPOILB_00589,MHMAIFBA_00540,KGLDIDPM_00588,CFOCILDN_01853
dsdX,dsdX,D-serine transporter DsdX,MFCJNMFM_00026,JIEPOILB_00026,MHMAIFBA_00026,KGLDIDPM_00026,CFOCILDN_03784
group_177,,Gluconate 2-dehydrogenase cytochrome c subunit,MFCJNMFM_02258,JIEPOILB_03003,MHMAIFBA_02211,KGLDIDPM_02261,CFOCILDN_00811
dcuB,dcuB,Anaerobic C4-dicarboxylate transporter DcuB,MFCJNMFM_04853,JIEPOILB_04857,MHMAIFBA_04814,KGLDIDPM_04857,CFOCILDN_04769
pmbA,pmbA,Metalloprotease PmbA,MFCJNMFM_04598,JIEPOILB_04602,MHMAIFBA_04607,KGLDIDPM_04602,CFOCILDN_02951
citS,citS,Citrate/sodium symporter,MFCJNMFM_04296,JIEPOILB_04300,MHMAIFBA_04347,KGLDIDPM_04300,CFOCILDN_01101
astB_1,astB_1,N-succinylarginine dihydrolase,MFCJNMFM_02859,JIEPOILB_02401,MHMAIFBA_02764,KGLDIDPM_02861,CFOCILDN_00215
tssK1_3,tssK1_3,Type VI secretion system baseplate component TssK1,MFCJNMFM_02078,JIEPOILB_03183,MHMAIFBA_02012,KGLDIDPM_02081,CFOCILDN_02379
gudD,gudD,Glucarate dehydratase,MFCJNMFM_01049,JIEPOILB_01049,MHMAIFBA_01046,KGLDIDPM_01048,CFOCILDN_01398
gudX,gudX,Glucarate dehydratase-related protein,MFCJNMFM_01048,JIEPOILB_01048,MHMAIFBA_01045,KGLDIDPM_01047,CFOCILDN_01399
licC_6,licC_6,Lichenan permease IIC component,MFCJNMFM_04365,JIEPOILB_04369,MHMAIFBA_04416,KGLDIDPM_04369,CFOCILDN_01034
nqrA,nqrA,Na(+)-translocating NADH-quinone reductase subunit A,MFCJNMFM_04090,JIEPOILB_04094,MHMAIFBA_04140,KGLDIDPM_04094,CFOCILDN_04019
rarA,rarA,Replication-associated recombination protein A,MFCJNMFM_03355,JIEPOILB_03359,MHMAIFBA_03315,KGLDIDPM_03359,CFOCILDN_02000
gdhA_2,gdhA_2,NADP-specific glutamate dehydrogenase,MFCJNMFM_03069,JIEPOILB_02191,MHMAIFBA_03039,KGLDIDPM_03073,CFOCILDN_00005
tssK1_4,tssK1_4,Type VI secretion system baseplate component TssK1,MFCJNMFM_02954,JIEPOILB_02306,MHMAIFBA_02860,KGLDIDPM_02956,CFOCILDN_00120
rcsC_3,rcsC_3,Sensor histidine kinase RcsC,MFCJNMFM_02540,JIEPOILB_02720,MHMAIFBA_02478,KGLDIDPM_02542,CFOCILDN_00534
ydcJ,ydcJ,2-oxoadipate dioxygenase/decarboxylase,MFCJNMFM_02390,JIEPOILB_02871,MHMAIFBA_02339,KGLDIDPM_02392,CFOCILDN_00683
adeQ,adeQ,Adenine permease AdeQ,MFCJNMFM_01735,JIEPOILB_01735,MHMAIFBA_01701,KGLDIDPM_01732,CFOCILDN_03306
group_176,,hypothetical protein,MFCJNMFM_00911,JIEPOILB_00912,MHMAIFBA_00928,KGLDIDPM_00911,CFOCILDN_01531
argG,argG,Argininosuccinate synthase,MFCJNMFM_00594,JIEPOILB_00595,MHMAIFBA_00546,KGLDIDPM_00594,CFOCILDN_01847
wzyE,wzyE,putative ECA polymerase,MFCJNMFM_04926,JIEPOILB_04929,MHMAIFBA_04885,KGLDIDPM_04929,CFOCILDN_04222
chbF,chbF,6-phospho-beta-glucosidase,MFCJNMFM_03045,JIEPOILB_02215,MHMAIFBA_03015,KGLDIDPM_03048,CFOCILDN_00029
glpT_1,glpT_1,Glycerol-3-phosphate transporter,MFCJNMFM_01644,JIEPOILB_01645,MHMAIFBA_01610,KGLDIDPM_01642,CFOCILDN_04090
lysC,lysC,Lysine-sensitive aspartokinase 3,MFCJNMFM_04807,JIEPOILB_04811,MHMAIFBA_04769,KGLDIDPM_04811,CFOCILDN_03588
qseC,qseC,Sensor protein QseC,MFCJNMFM_00739,JIEPOILB_00740,MHMAIFBA_00690,KGLDIDPM_00739,CFOCILDN_01703
accC,accC,Biotin carboxylase,MFCJNMFM_00518,JIEPOILB_00519,MHMAIFBA_00469,KGLDIDPM_00518,CFOCILDN_01923
licC_7,licC_7,Lichenan permease IIC component,MFCJNMFM_04617,JIEPOILB_04621,MHMAIFBA_04588,KGLDIDPM_04621,CFOCILDN_02932
rseP,rseP,Regulator of sigma-E protease RseP,MFCJNMFM_04140,JIEPOILB_04144,MHMAIFBA_04188,KGLDIDPM_04144,CFOCILDN_01257
pcaB,pcaB,3-carboxy-ciscis-muconate cycloisomerase,MFCJNMFM_02812,JIEPOILB_02448,MHMAIFBA_02717,KGLDIDPM_02814,CFOCILDN_00262
gabR_2,gabR_2,HTH-type transcriptional regulatory protein GabR,MFCJNMFM_01188,JIEPOILB_01188,MHMAIFBA_01177,KGLDIDPM_01186,CFOCILDN_03923
gudP_1,gudP_1,putative galactarate/D-glucarate transporter GudP,MFCJNMFM_01047,JIEPOILB_01047,MHMAIFBA_01044,KGLDIDPM_01046,CFOCILDN_01400
pduS,pduS,Cobalamin reductase PduS,MFCJNMFM_00953,JIEPOILB_00954,MHMAIFBA_00970,KGLDIDPM_00953,CFOCILDN_01489
gor,gor,Glutathione reductase,MFCJNMFM_00293,JIEPOILB_00293,MHMAIFBA_00245,KGLDIDPM_00292,CFOCILDN_02767
amiB,amiB,N-acetylmuramoyl-L-alanine amidase AmiB,MFCJNMFM_04532,JIEPOILB_04536,MHMAIFBA_04668,KGLDIDPM_04536,CFOCILDN_03016
rhlE,rhlE,ATP-dependent RNA helicase RhlE,MFCJNMFM_03452,JIEPOILB_03456,MHMAIFBA_03459,KGLDIDPM_03456,CFOCILDN_02139
pabB,pabB,Aminodeoxychorismate synthase component 1,MFCJNMFM_02024,JIEPOILB_03237,MHMAIFBA_01959,KGLDIDPM_02027,CFOCILDN_02325
pssA,pssA,CDP-diacylglycerol--serine O-phosphatidyltransferase PssA,MFCJNMFM_01240,JIEPOILB_01240,MHMAIFBA_01297,KGLDIDPM_01238,CFOCILDN_03215
envZ,envZ,two-component system sensor histidine kinase EnvZ,MFCJNMFM_00386,JIEPOILB_00386,MHMAIFBA_00337,KGLDIDPM_00385,CFOCILDN_04480
pcaK_2,pcaK_2,4-hydroxybenzoate transporter PcaK,MFCJNMFM_00243,JIEPOILB_00243,MHMAIFBA_00193,KGLDIDPM_00242,CFOCILDN_02817
ttuB_3,ttuB_3,Putative tartrate transporter,MFCJNMFM_04411,JIEPOILB_04415,MHMAIFBA_04460,KGLDIDPM_04415,CFOCILDN_00988
creD,creD,Inner membrane protein CreD,MFCJNMFM_04330,JIEPOILB_04334,MHMAIFBA_04381,KGLDIDPM_04334,CFOCILDN_01067
murF,murF,UDP-N-acetylmuramoyl-tripeptide--D-alanyl-D-alanine ligase,MFCJNMFM_04239,JIEPOILB_04243,MHMAIFBA_04290,KGLDIDPM_04243,CFOCILDN_01158
glpT_2,glpT_2,Glycerol-3-phosphate transporter,MFCJNMFM_03498,JIEPOILB_03502,MHMAIFBA_03655,KGLDIDPM_03502,CFOCILDN_04402
chbC,chbC,PTS system NN'-diacetylchitobiose-specific EIIC component,MFCJNMFM_03048,JIEPOILB_02212,MHMAIFBA_03018,KGLDIDPM_03051,CFOCILDN_00026
trpC,trpC,Tryptophan biosynthesis protein TrpCF,MFCJNMFM_03022,JIEPOILB_02238,MHMAIFBA_02988,KGLDIDPM_03025,CFOCILDN_00052
plaP,plaP,Low-affinity putrescine importer PlaP,MFCJNMFM_01807,JIEPOILB_01813,MHMAIFBA_01783,KGLDIDPM_01810,CFOCILDN_04818
pcnB,pcnB,Poly(A) polymerase I,MFCJNMFM_04186,JIEPOILB_04190,MHMAIFBA_04234,KGLDIDPM_04190,CFOCILDN_01211
group_174,,hypothetical protein,MFCJNMFM_02357,JIEPOILB_02904,MHMAIFBA_02306,KGLDIDPM_02359,CFOCILDN_00716
trhP,trhP,tRNA hydroxylation protein P,MFCJNMFM_01759,JIEPOILB_01758,MHMAIFBA_01724,KGLDIDPM_01755,CFOCILDN_03329
eutB_1,eutB_1,Ethanolamine ammonia-lyase large subunit,MFCJNMFM_01429,JIEPOILB_01430,MHMAIFBA_01471,KGLDIDPM_01427,CFOCILDN_03089
mnmE,mnmE,tRNA modification GTPase MnmE,MFCJNMFM_05103,JIEPOILB_05106,MHMAIFBA_05060,KGLDIDPM_05106,CFOCILDN_03756
cimH,cimH,Citrate/malate-proton symporter,MFCJNMFM_04274,JIEPOILB_04278,MHMAIFBA_04325,KGLDIDPM_04278,CFOCILDN_01123
yajR,yajR,Inner membrane transport protein YajR,MFCJNMFM_03924,JIEPOILB_03928,MHMAIFBA_03990,KGLDIDPM_03928,CFOCILDN_02581
pcaK_3,pcaK_3,4-hydroxybenzoate transporter PcaK,MFCJNMFM_03922,JIEPOILB_03926,MHMAIFBA_03988,KGLDIDPM_03926,CFOCILDN_02579
sdaA,sdaA,L-serine dehydratase 1,MFCJNMFM_02022,JIEPOILB_03239,MHMAIFBA_01957,KGLDIDPM_02025,CFOCILDN_02323
oprB,oprB,Porin B,MFCJNMFM_01711,JIEPOILB_01711,MHMAIFBA_01677,KGLDIDPM_01708,CFOCILDN_03282
ffh,ffh,Signal recognition particle protein,MFCJNMFM_01215,JIEPOILB_01215,MHMAIFBA_01271,KGLDIDPM_01213,CFOCILDN_03979
oprM_1,oprM_1,Outer membrane protein OprM,MFCJNMFM_00067,JIEPOILB_00067,MHMAIFBA_00068,KGLDIDPM_00067,CFOCILDN_04382
ulaA_4,ulaA_4,Ascorbate-specific PTS system EIIC component,MFCJNMFM_05026,JIEPOILB_05029,MHMAIFBA_04984,KGLDIDPM_05029,CFOCILDN_03871
mtlK,mtlK,Mannitol 2-dehydrogenase,MFCJNMFM_01747,JIEPOILB_01747,MHMAIFBA_01713,KGLDIDPM_01744,CFOCILDN_03318
ppnN,ppnN,Pyrimidine/purine nucleotide 5'-monophosphate nucleosidase,MFCJNMFM_01041,JIEPOILB_01041,MHMAIFBA_01038,KGLDIDPM_01040,CFOCILDN_01406
sdaB,sdaB,L-serine dehydratase 2,MFCJNMFM_01039,JIEPOILB_01039,MHMAIFBA_01036,KGLDIDPM_01038,CFOCILDN_01408
degQ,degQ,Periplasmic pH-dependent serine endoprotease DegQ,MFCJNMFM_00541,JIEPOILB_00542,MHMAIFBA_00493,KGLDIDPM_00541,CFOCILDN_01900
glmU,glmU,Bifunctional protein GlmU,MFCJNMFM_05086,JIEPOILB_05089,MHMAIFBA_05043,KGLDIDPM_05089,CFOCILDN_03739
sad_2,sad_2,Succinate semialdehyde dehydrogenase [NAD(P)+] Sad,MFCJNMFM_04421,JIEPOILB_04425,MHMAIFBA_04470,KGLDIDPM_04425,CFOCILDN_00978
aroP_2,aroP_2,Aromatic amino acid transport protein AroP,MFCJNMFM_04213,JIEPOILB_04217,MHMAIFBA_04264,KGLDIDPM_04217,CFOCILDN_01184
sacP_2,sacP_2,PTS system sucrose-specific EIIBC component,MFCJNMFM_03788,JIEPOILB_03792,MHMAIFBA_03784,KGLDIDPM_03792,CFOCILDN_02444
purB,purB,Adenylosuccinate lyase,MFCJNMFM_03141,JIEPOILB_02119,MHMAIFBA_03118,KGLDIDPM_03145,CFOCILDN_04266
exuT_3,exuT_3,Hexuronate transporter,MFCJNMFM_02650,JIEPOILB_02610,MHMAIFBA_02584,KGLDIDPM_02652,CFOCILDN_00423
bglC,bglC,Aryl-phospho-beta-D-glucosidase BglC,MFCJNMFM_02376,JIEPOILB_02885,MHMAIFBA_02325,KGLDIDPM_02378,CFOCILDN_00697
ribZ_2,ribZ_2,Riboflavin transporter RibZ,MFCJNMFM_02007,JIEPOILB_03253,MHMAIFBA_01943,KGLDIDPM_02010,CFOCILDN_02309
group_172,,hypothetical protein,MFCJNMFM_01221,JIEPOILB_01221,MHMAIFBA_01277,KGLDIDPM_01219,CFOCILDN_03985
pcaK_1,pcaK_1,4-hydroxybenzoate transporter PcaK,MFCJNMFM_00055,JIEPOILB_00055,MHMAIFBA_00056,KGLDIDPM_00055,CFOCILDN_04394
hemN,hemN,Oxygen-independent coproporphyrinogen III oxidase,MFCJNMFM_05047,JIEPOILB_05050,MHMAIFBA_05005,KGLDIDPM_05050,CFOCILDN_03892
cpxA,cpxA,envelope stress sensor histidine kinase CpxA,MFCJNMFM_05001,JIEPOILB_05004,MHMAIFBA_04959,KGLDIDPM_05004,CFOCILDN_03846
argH,argH,Argininosuccinate lyase,MFCJNMFM_04971,JIEPOILB_04974,MHMAIFBA_04929,KGLDIDPM_04974,CFOCILDN_03816
mpl,mpl,UDP-N-acetylmuramate--L-alanyl-gamma-D-glutamyl-meso-26-diaminoheptandioate ligase,MFCJNMFM_04594,JIEPOILB_04598,MHMAIFBA_04611,KGLDIDPM_04598,CFOCILDN_02955
proY,proY,Proline-specific permease ProY,MFCJNMFM_03962,JIEPOILB_03966,MHMAIFBA_04028,KGLDIDPM_03966,CFOCILDN_02618
dcuC,dcuC,Anaerobic C4-dicarboxylate transporter DcuC,MFCJNMFM_03525,JIEPOILB_03529,MHMAIFBA_03628,KGLDIDPM_03529,CFOCILDN_04429
dbpA_1,dbpA_1,ATP-dependent RNA helicase DbpA,MFCJNMFM_02905,JIEPOILB_02355,MHMAIFBA_02810,KGLDIDPM_02907,CFOCILDN_00169
mdtK,mdtK,Multidrug resistance protein MdtK,MFCJNMFM_02334,JIEPOILB_02927,MHMAIFBA_02283,KGLDIDPM_02336,CFOCILDN_00739
cysG_1,cysG_1,Siroheme synthase,MFCJNMFM_00405,JIEPOILB_00405,MHMAIFBA_00356,KGLDIDPM_00404,CFOCILDN_04499
pheP,pheP,Phenylalanine-specific permease,MFCJNMFM_03757,JIEPOILB_03761,MHMAIFBA_03756,KGLDIDPM_03761,CFOCILDN_03695
bglA_3,bglA_3,Aryl-phospho-beta-D-glucosidase BglA,MFCJNMFM_03433,JIEPOILB_03437,MHMAIFBA_03440,KGLDIDPM_03437,CFOCILDN_02120
menE,menE,2-succinylbenzoate--CoA ligase,MFCJNMFM_01632,JIEPOILB_01633,MHMAIFBA_01597,KGLDIDPM_01630,CFOCILDN_04102
cbiA,cbiA,Cobyrinate ac-diamide synthase,MFCJNMFM_00973,JIEPOILB_00974,MHMAIFBA_00988,KGLDIDPM_00973,CFOCILDN_01471
cds1_1,cds1_1,L-cysteine desulfhydrase Cds1,MFCJNMFM_00770,JIEPOILB_00771,MHMAIFBA_00722,KGLDIDPM_00770,CFOCILDN_01672
trkA,trkA,Trk system potassium uptake protein TrkA,MFCJNMFM_00470,JIEPOILB_00471,MHMAIFBA_00421,KGLDIDPM_00470,CFOCILDN_04831
bcaP,bcaP,Branched-chain amino acid permease BcaP,MFCJNMFM_03997,JIEPOILB_04001,MHMAIFBA_04063,KGLDIDPM_04001,CFOCILDN_02653
aroP_1,aroP_1,Aromatic amino acid transport protein AroP,MFCJNMFM_02911,JIEPOILB_02349,MHMAIFBA_02816,KGLDIDPM_02913,CFOCILDN_00163
oprM_2,oprM_2,Outer membrane protein OprM,MFCJNMFM_02869,JIEPOILB_02391,MHMAIFBA_02774,KGLDIDPM_02871,CFOCILDN_00205
xanP_2,xanP_2,Xanthine permease XanP,MFCJNMFM_02678,JIEPOILB_02582,MHMAIFBA_02612,KGLDIDPM_02680,CFOCILDN_00395
patA,patA,Putrescine aminotransferase,MFCJNMFM_00676,JIEPOILB_00677,MHMAIFBA_00627,KGLDIDPM_00676,CFOCILDN_01765
bglT,bglT,6-phospho-beta-glucosidase BglT,MFCJNMFM_00094,JIEPOILB_00093,MHMAIFBA_00093,KGLDIDPM_00093,CFOCILDN_04356
atpD,atpD,ATP synthase subunit beta,MFCJNMFM_05084,JIEPOILB_05087,MHMAIFBA_05041,KGLDIDPM_05087,CFOCILDN_03737
radA,radA,DNA repair protein RadA,MFCJNMFM_04341,JIEPOILB_04345,MHMAIFBA_04392,KGLDIDPM_04345,CFOCILDN_01056
hutT,hutT,L-histidine transporter HutT,MFCJNMFM_03486,JIEPOILB_03490,MHMAIFBA_03494,KGLDIDPM_03490,CFOCILDN_02173
ydgI,ydgI,Putative arginine/ornithine antiporter,MFCJNMFM_02830,JIEPOILB_02430,MHMAIFBA_02736,KGLDIDPM_02832,CFOCILDN_00244
dat,dat,Diaminobutyrate--2-oxoglutarate aminotransferase,MFCJNMFM_02544,JIEPOILB_02716,MHMAIFBA_02482,KGLDIDPM_02546,CFOCILDN_00530
cbdA,cbdA,2-halobenzoate 12-dioxygenase large subunit,MFCJNMFM_02470,JIEPOILB_02790,MHMAIFBA_02415,KGLDIDPM_02472,CFOCILDN_00604
narU,narU,Nitrate/nitrite transporter NarU,MFCJNMFM_02463,JIEPOILB_02797,MHMAIFBA_02408,KGLDIDPM_02465,CFOCILDN_00611
xylP,xylP,Isoprimeverose transporter,MFCJNMFM_02451,JIEPOILB_02809,MHMAIFBA_02396,KGLDIDPM_02453,CFOCILDN_00623
group_170,,Invasin,MFCJNMFM_02120,JIEPOILB_03141,MHMAIFBA_02072,KGLDIDPM_02123,CFOCILDN_02421
gatC_1,gatC_1,PTS system galactitol-specific EIIC component,MFCJNMFM_00624,JIEPOILB_00625,MHMAIFBA_00576,KGLDIDPM_00624,CFOCILDN_01817
thrP,thrP,Threonine/serine transporter ThrP,MFCJNMFM_04924,JIEPOILB_04927,MHMAIFBA_04883,KGLDIDPM_04927,CFOCILDN_04220
pilB,pilB,Type IV pilus assembly ATPase PilB,MFCJNMFM_04220,JIEPOILB_04224,MHMAIFBA_04271,KGLDIDPM_04224,CFOCILDN_01177
cysS,cysS,Cysteine--tRNA ligase,MFCJNMFM_03823,JIEPOILB_03827,MHMAIFBA_03888,KGLDIDPM_03827,CFOCILDN_02479
eutB_2,eutB_2,Ethanolamine ammonia-lyase large subunit,MFCJNMFM_03998,JIEPOILB_04002,MHMAIFBA_04064,KGLDIDPM_04002,CFOCILDN_02654
pntB,pntB,NAD(P) transhydrogenase subunit beta,MFCJNMFM_02827,JIEPOILB_02433,MHMAIFBA_02733,KGLDIDPM_02829,CFOCILDN_00247
sad_1,sad_1,Succinate semialdehyde dehydrogenase [NAD(P)+] Sad,MFCJNMFM_02712,JIEPOILB_02548,MHMAIFBA_02645,KGLDIDPM_02714,CFOCILDN_00362
narK,narK,Nitrate/nitrite antiporter NarK,MFCJNMFM_02123,JIEPOILB_03138,MHMAIFBA_02075,KGLDIDPM_02126,CFOCILDN_02424
rsmF,rsmF,Ribosomal RNA small subunit methyltransferase F,MFCJNMFM_02000,JIEPOILB_03260,MHMAIFBA_01936,KGLDIDPM_02003,CFOCILDN_02302
pduP,pduP,Propanal dehydrogenase (CoA-propanoylating),MFCJNMFM_00955,JIEPOILB_00956,MHMAIFBA_00972,KGLDIDPM_00955,CFOCILDN_01487
ribZ_1,ribZ_1,Riboflavin transporter RibZ,MFCJNMFM_00855,JIEPOILB_00856,MHMAIFBA_00872,KGLDIDPM_00855,CFOCILDN_01586
selA,selA,L-seryl-tRNA(Sec) selenium transferase,MFCJNMFM_00219,JIEPOILB_00219,MHMAIFBA_00171,KGLDIDPM_00218,CFOCILDN_02839
ulaA_2,ulaA_2,Ascorbate-specific PTS system EIIC component,MFCJNMFM_03953,JIEPOILB_03957,MHMAIFBA_04019,KGLDIDPM_03957,CFOCILDN_02610
puuP,puuP,Putrescine importer PuuP,MFCJNMFM_03259,JIEPOILB_02001,MHMAIFBA_03226,KGLDIDPM_03263,CFOCILDN_03462
tcyP,tcyP,L-cystine transporter TcyP,MFCJNMFM_03041,JIEPOILB_02219,MHMAIFBA_03011,KGLDIDPM_03044,CFOCILDN_00033
pgtP,pgtP,Phosphoglycerate transporter protein,MFCJNMFM_02619,JIEPOILB_02641,MHMAIFBA_02552,KGLDIDPM_02621,CFOCILDN_00455
group_166,,hypothetical protein,MFCJNMFM_02286,JIEPOILB_02975,MHMAIFBA_02237,KGLDIDPM_02288,CFOCILDN_00787
xseA,xseA,Exodeoxyribonuclease 7 large subunit,MFCJNMFM_01372,JIEPOILB_01373,MHMAIFBA_01366,KGLDIDPM_01370,CFOCILDN_03146
xanP_1,xanP_1,Xanthine permease XanP,MFCJNMFM_00097,JIEPOILB_00096,MHMAIFBA_00096,KGLDIDPM_00096,CFOCILDN_04353
uhpT,uhpT,hexose phosphate transporter UhpT,MFCJNMFM_00038,JIEPOILB_00038,MHMAIFBA_00038,KGLDIDPM_00038,CFOCILDN_03796
zraS,zraS,Sensor histidine kinase ZraS,MFCJNMFM_04835,JIEPOILB_04839,MHMAIFBA_04796,KGLDIDPM_04839,CFOCILDN_04787
bglB,bglB,6-phospho-beta-glucosidase BglB,MFCJNMFM_01714,JIEPOILB_01714,MHMAIFBA_01680,KGLDIDPM_01711,CFOCILDN_03285
galP,galP,Galactose-proton symporter,MFCJNMFM_00794,JIEPOILB_00795,MHMAIFBA_00811,KGLDIDPM_00794,CFOCILDN_01648
yicJ_1,yicJ_1,Inner membrane symporter YicJ,MFCJNMFM_00091,JIEPOILB_00090,MHMAIFBA_00090,KGLDIDPM_00090,CFOCILDN_04359
hsrA_2,hsrA_2,putative transport protein HsrA,MFCJNMFM_05062,JIEPOILB_05065,MHMAIFBA_05019,KGLDIDPM_05065,CFOCILDN_03715
lpd,lpd,Dihydrolipoyl dehydrogenase,MFCJNMFM_04047,JIEPOILB_04051,MHMAIFBA_04110,KGLDIDPM_04051,CFOCILDN_04062
ycjX,ycjX,Ras-like GTPase YcjX,MFCJNMFM_02977,JIEPOILB_02283,MHMAIFBA_02943,KGLDIDPM_02979,CFOCILDN_00097
group_165,,hypothetical protein,MFCJNMFM_02408,JIEPOILB_02853,MHMAIFBA_02357,KGLDIDPM_02410,CFOCILDN_00665
group_164,,hypothetical protein,MFCJNMFM_01031,JIEPOILB_01031,MHMAIFBA_01028,KGLDIDPM_01030,CFOCILDN_01416
sthA,sthA,Soluble pyridine nucleotide transhydrogenase,MFCJNMFM_04969,JIEPOILB_04972,MHMAIFBA_04927,KGLDIDPM_04972,CFOCILDN_03814
ulaA_3,ulaA_3,Ascorbate-specific PTS system EIIC component,MFCJNMFM_04551,JIEPOILB_04555,MHMAIFBA_04649,KGLDIDPM_04555,CFOCILDN_02997
leuC,leuC,3-isopropylmalate dehydratase large subunit,MFCJNMFM_04251,JIEPOILB_04255,MHMAIFBA_04302,KGLDIDPM_04255,CFOCILDN_01146
gabP,gabP,Gamma-aminobutyric acid permease,MFCJNMFM_04062,JIEPOILB_04066,MHMAIFBA_04125,KGLDIDPM_04066,CFOCILDN_04047
scrB,scrB,Sucrose-6-phosphate hydrolase,MFCJNMFM_03789,JIEPOILB_03793,MHMAIFBA_03785,KGLDIDPM_03793,CFOCILDN_02445
asnS,asnS,Asparagine--tRNA ligase,MFCJNMFM_03321,JIEPOILB_03325,MHMAIFBA_03281,KGLDIDPM_03325,CFOCILDN_01966
fumC,fumC,Fumarate hydratase class II,MFCJNMFM_02838,JIEPOILB_02422,MHMAIFBA_02743,KGLDIDPM_02840,CFOCILDN_00236
dcm,dcm,DNA-cytosine methyltransferase,MFCJNMFM_01856,JIEPOILB_01862,MHMAIFBA_01858,KGLDIDPM_01859,CFOCILDN_02224
gmuD_2,gmuD_2,6-phospho-beta-glucosidase GmuD,MFCJNMFM_01121,JIEPOILB_01121,MHMAIFBA_01109,KGLDIDPM_01120,CFOCILDN_01327
cycA_2,cycA_2,D-serine/D-alanine/glycine transporter,MFCJNMFM_04565,JIEPOILB_04569,MHMAIFBA_04635,KGLDIDPM_04569,CFOCILDN_02983
chiP,chiP,Chitoporin,MFCJNMFM_03574,JIEPOILB_03578,MHMAIFBA_03580,KGLDIDPM_03578,CFOCILDN_04590
eutA,eutA,Ethanolamine ammonia-lyase reactivase EutA,MFCJNMFM_01428,JIEPOILB_01429,MHMAIFBA_01470,KGLDIDPM_01426,CFOCILDN_03090
eutE,eutE,Acetaldehyde dehydrogenase (acetylating) EutE,MFCJNMFM_01424,JIEPOILB_01425,MHMAIFBA_01466,KGLDIDPM_01422,CFOCILDN_03094
dnaA_1,dnaA_1,Chromosomal replication initiator protein DnaA,MFCJNMFM_00001,JIEPOILB_00001,MHMAIFBA_00001,KGLDIDPM_00001,CFOCILDN_03759
yicJ_3,yicJ_3,Inner membrane symporter YicJ,MFCJNMFM_04214,JIEPOILB_04218,MHMAIFBA_04265,KGLDIDPM_04218,CFOCILDN_01183
cydA_1,cydA_1,Cytochrome bd-I ubiquinol oxidase subunit 1,MFCJNMFM_03125,JIEPOILB_02135,MHMAIFBA_03103,KGLDIDPM_03129,CFOCILDN_04281
niaP,niaP,Niacin transporter NiaP,MFCJNMFM_02523,JIEPOILB_02737,MHMAIFBA_02461,KGLDIDPM_02525,CFOCILDN_00551
gnd,gnd,6-phosphogluconate dehydrogenase decarboxylating,MFCJNMFM_01791,JIEPOILB_01790,MHMAIFBA_01751,KGLDIDPM_01787,CFOCILDN_04794
dmoA,dmoA,Dimethyl-sulfide monooxygenase,MFCJNMFM_01032,JIEPOILB_01032,MHMAIFBA_01029,KGLDIDPM_01031,CFOCILDN_01415
ntrC,ntrC,DNA-binding transcriptional regulator NtrC,MFCJNMFM_05046,JIEPOILB_05049,MHMAIFBA_05004,KGLDIDPM_05049,CFOCILDN_03891
glnA,glnA,Glutamine synthetase,MFCJNMFM_05044,JIEPOILB_05047,MHMAIFBA_05002,KGLDIDPM_05047,CFOCILDN_03889
rocC,rocC,Amino-acid permease RocC,MFCJNMFM_03996,JIEPOILB_04000,MHMAIFBA_04062,KGLDIDPM_04000,CFOCILDN_02652
norG_2,norG_2,HTH-type transcriptional regulator NorG,MFCJNMFM_04435,JIEPOILB_04439,MHMAIFBA_04484,KGLDIDPM_04439,CFOCILDN_00964
lysN_2,lysN_2,2-aminoadipate transaminase,MFCJNMFM_02410,JIEPOILB_02851,MHMAIFBA_02359,KGLDIDPM_02412,CFOCILDN_00663
pykF,pykF,Pyruvate kinase I,MFCJNMFM_02207,JIEPOILB_03054,MHMAIFBA_02160,KGLDIDPM_02210,CFOCILDN_00862
ftsP,ftsP,Cell division protein FtsP,MFCJNMFM_00745,JIEPOILB_00746,MHMAIFBA_00696,KGLDIDPM_00745,CFOCILDN_01697
uxaC,uxaC,Uronate isomerase,MFCJNMFM_00657,JIEPOILB_00658,MHMAIFBA_00608,KGLDIDPM_00657,CFOCILDN_01784
fruA_1,fruA_1,PTS system fructose-specific EIIABC component,MFCJNMFM_00629,JIEPOILB_00630,MHMAIFBA_00581,KGLDIDPM_00629,CFOCILDN_01812
dnaB,dnaB,Replicative DNA helicase DnaB,MFCJNMFM_04778,JIEPOILB_04782,MHMAIFBA_04741,KGLDIDPM_04782,CFOCILDN_03561
phoA,phoA,Alkaline phosphatase,MFCJNMFM_03978,JIEPOILB_03982,MHMAIFBA_04044,KGLDIDPM_03982,CFOCILDN_02634
group_159,,hypothetical protein,MFCJNMFM_02092,JIEPOILB_03169,MHMAIFBA_02044,KGLDIDPM_02095,CFOCILDN_02393
mdtD,mdtD,Putative multidrug resistance protein MdtD,MFCJNMFM_01762,JIEPOILB_01761,MHMAIFBA_01727,KGLDIDPM_01758,CFOCILDN_03332
cysG_2,cysG_2,Siroheme synthase,MFCJNMFM_01064,JIEPOILB_01064,MHMAIFBA_01062,KGLDIDPM_01063,CFOCILDN_01383
group_158,,hypothetical protein,MFCJNMFM_04629,JIEPOILB_04633,MHMAIFBA_04576,KGLDIDPM_04633,CFOCILDN_02920
treB,treB,PTS system trehalose-specific EIIBC component,MFCJNMFM_04619,JIEPOILB_04623,MHMAIFBA_04586,KGLDIDPM_04623,CFOCILDN_02930
group_157,,Isoxanthopterin deaminase,MFCJNMFM_02304,JIEPOILB_02957,MHMAIFBA_02256,KGLDIDPM_02306,CFOCILDN_00769
group_156,,hypothetical protein,MFCJNMFM_02294,JIEPOILB_02967,MHMAIFBA_02246,KGLDIDPM_02296,CFOCILDN_00779
gltX,gltX,Glutamate--tRNA ligase,MFCJNMFM_01464,JIEPOILB_01465,MHMAIFBA_01505,KGLDIDPM_01462,CFOCILDN_04579
fucK,fucK,L-fuculokinase,MFCJNMFM_01023,JIEPOILB_01023,MHMAIFBA_01020,KGLDIDPM_01022,CFOCILDN_01424
yicJ_2,yicJ_2,Inner membrane symporter YicJ,MFCJNMFM_00755,JIEPOILB_00756,MHMAIFBA_00706,KGLDIDPM_00755,CFOCILDN_01687
gltD,gltD,Glutamate synthase [NADPH] small chain,MFCJNMFM_00549,JIEPOILB_00550,MHMAIFBA_00501,KGLDIDPM_00549,CFOCILDN_01892
puuA,puuA,Gamma-glutamylputrescine synthetase PuuA,MFCJNMFM_03261,JIEPOILB_01999,MHMAIFBA_03227,KGLDIDPM_03265,CFOCILDN_03464
paaH,paaH,3-hydroxyadipyl-CoA dehydrogenase,MFCJNMFM_02879,JIEPOILB_02381,MHMAIFBA_02784,KGLDIDPM_02881,CFOCILDN_00195
hsrA_1,hsrA_1,putative transport protein HsrA,MFCJNMFM_01884,JIEPOILB_01890,MHMAIFBA_01886,KGLDIDPM_01887,CFOCILDN_02252
glrK,glrK,Sensor histidine kinase GlrK,MFCJNMFM_01330,JIEPOILB_01331,MHMAIFBA_01324,KGLDIDPM_01328,CFOCILDN_03188
ygcS,ygcS,Inner membrane metabolite transport protein YgcS,MFCJNMFM_01036,JIEPOILB_01036,MHMAIFBA_01033,KGLDIDPM_01035,CFOCILDN_01411
araE,araE,Arabinose-proton symporter,MFCJNMFM_00907,JIEPOILB_00908,MHMAIFBA_00924,KGLDIDPM_00907,CFOCILDN_01535
dhaM,dhaM,PEP-dependent dihydroxyacetone kinase phosphoryl donor subunit DhaM,MFCJNMFM_00680,JIEPOILB_00681,MHMAIFBA_00631,KGLDIDPM_00680,CFOCILDN_01761
creC,creC,Sensor protein CreC,MFCJNMFM_04331,JIEPOILB_04335,MHMAIFBA_04382,KGLDIDPM_04335,CFOCILDN_01066
lpdA,lpdA,Dihydrolipoyl dehydrogenase,MFCJNMFM_04209,JIEPOILB_04213,MHMAIFBA_04260,KGLDIDPM_04213,CFOCILDN_01188
miaB,miaB,tRNA-2-methylthio-N(6)-dimethylallyladenosine synthase,MFCJNMFM_03557,JIEPOILB_03561,MHMAIFBA_03596,KGLDIDPM_03561,CFOCILDN_04461
group_151,,hypothetical protein,MFCJNMFM_02709,JIEPOILB_02551,MHMAIFBA_02642,KGLDIDPM_02711,CFOCILDN_00365
otsA,otsA,Trehalose-6-phosphate synthase,MFCJNMFM_01892,JIEPOILB_01898,MHMAIFBA_01894,KGLDIDPM_01895,CFOCILDN_02260
sbcB,sbcB,Exodeoxyribonuclease I,MFCJNMFM_01812,JIEPOILB_01818,MHMAIFBA_01787,KGLDIDPM_01815,CFOCILDN_02180
bglH_1,bglH_1,Aryl-phospho-beta-D-glucosidase BglH,MFCJNMFM_01138,JIEPOILB_01138,MHMAIFBA_01126,KGLDIDPM_01137,CFOCILDN_01310
norG_1,norG_1,HTH-type transcriptional regulator NorG,MFCJNMFM_03883,JIEPOILB_03887,MHMAIFBA_03949,KGLDIDPM_03887,CFOCILDN_02540
jefA_2,jefA_2,Drug efflux pump JefA,MFCJNMFM_03750,JIEPOILB_03754,MHMAIFBA_03741,KGLDIDPM_03754,CFOCILDN_03688
patD,patD,Gamma-aminobutyraldehyde dehydrogenase,MFCJNMFM_02416,JIEPOILB_02844,MHMAIFBA_02364,KGLDIDPM_02418,CFOCILDN_00658
edcC,edcC,Phenolic acid decarboxylase,MFCJNMFM_01082,JIEPOILB_01082,MHMAIFBA_01080,KGLDIDPM_01081,CFOCILDN_01365
cysN,cysN,Sulfate adenylyltransferase subunit 1,MFCJNMFM_01066,JIEPOILB_01066,MHMAIFBA_01064,KGLDIDPM_01065,CFOCILDN_01381
gmuD_1,gmuD_1,6-phospho-beta-glucosidase GmuD,MFCJNMFM_00922,JIEPOILB_00923,MHMAIFBA_00939,KGLDIDPM_00922,CFOCILDN_01520
alsT,alsT,Amino-acid carrier protein AlsT,MFCJNMFM_04322,JIEPOILB_04326,MHMAIFBA_04373,KGLDIDPM_04326,CFOCILDN_01075
group_148,,hypothetical protein,MFCJNMFM_02993,JIEPOILB_02267,MHMAIFBA_02959,KGLDIDPM_02996,CFOCILDN_00081
cycA_1,cycA_1,D-serine/D-alanine/glycine transporter,MFCJNMFM_02857,JIEPOILB_02403,MHMAIFBA_02762,KGLDIDPM_02859,CFOCILDN_00217
cusS,cusS,Sensor histidine kinase CusS,MFCJNMFM_04467,JIEPOILB_04471,MHMAIFBA_04504,KGLDIDPM_04471,CFOCILDN_04890
degP,degP,Periplasmic serine endoprotease DegP,MFCJNMFM_04153,JIEPOILB_04157,MHMAIFBA_04201,KGLDIDPM_04157,CFOCILDN_01244
ptsG,ptsG,PTS system glucose-specific EIICB component,MFCJNMFM_03182,JIEPOILB_02078,MHMAIFBA_03150,KGLDIDPM_03186,CFOCILDN_03385
ttdT,ttdT,L-tartrate/succinate antiporter,MFCJNMFM_02807,JIEPOILB_02453,MHMAIFBA_02712,KGLDIDPM_02809,CFOCILDN_00267
vdh,vdh,Vanillin dehydrogenase,MFCJNMFM_02421,JIEPOILB_02839,MHMAIFBA_02369,KGLDIDPM_02423,CFOCILDN_00653
group_147,,hypothetical protein,MFCJNMFM_02168,JIEPOILB_03093,MHMAIFBA_02120,KGLDIDPM_02171,CFOCILDN_00901
bglA_2,bglA_2,6-phospho-beta-glucosidase BglA,MFCJNMFM_01390,JIEPOILB_01391,MHMAIFBA_01433,KGLDIDPM_01388,CFOCILDN_03128
bglA_1,bglA_1,6-phospho-beta-glucosidase BglA,MFCJNMFM_00839,JIEPOILB_00840,MHMAIFBA_00856,KGLDIDPM_00839,CFOCILDN_01602
hldE,hldE,Bifunctional protein HldE,MFCJNMFM_00723,JIEPOILB_00724,MHMAIFBA_00674,KGLDIDPM_00723,CFOCILDN_01719
dacB,dacB,D-alanyl-D-alanine carboxypeptidase DacB,MFCJNMFM_00582,JIEPOILB_00583,MHMAIFBA_00534,KGLDIDPM_00582,CFOCILDN_01859
rpoN,rpoN,RNA polymerase sigma-54 factor,MFCJNMFM_00562,JIEPOILB_00563,MHMAIFBA_00514,KGLDIDPM_00562,CFOCILDN_01879
glgA,glgA,Glycogen synthase,MFCJNMFM_00364,JIEPOILB_00364,MHMAIFBA_00315,KGLDIDPM_00363,CFOCILDN_02697
ecoRIIM,ecoRIIM,Type II methyltransferase M.EcoRII,MFCJNMFM_00125,JIEPOILB_00124,MHMAIFBA_05265,KGLDIDPM_00124,CFOCILDN_04921
murP,murP,PTS system N-acetylmuramic acid-specific EIIBC component,MFCJNMFM_00064,JIEPOILB_00064,MHMAIFBA_00065,KGLDIDPM_00064,CFOCILDN_04385
aspA,aspA,Aspartate ammonia-lyase,MFCJNMFM_04493,JIEPOILB_04497,MHMAIFBA_04705,KGLDIDPM_04497,CFOCILDN_03053
yeeO,yeeO,putative FMN/FAD exporter YeeO,MFCJNMFM_01835,JIEPOILB_01841,MHMAIFBA_01836,KGLDIDPM_01838,CFOCILDN_02203
mgtE_2,mgtE_2,Magnesium transporter MgtE,MFCJNMFM_01660,JIEPOILB_01660,MHMAIFBA_01625,KGLDIDPM_01657,CFOCILDN_03231
xylE,xylE,D-xylose-proton symporter,MFCJNMFM_01339,JIEPOILB_01340,MHMAIFBA_01333,KGLDIDPM_01337,CFOCILDN_03179
sacA,sacA,Sucrose-6-phosphate hydrolase,MFCJNMFM_00910,JIEPOILB_00911,MHMAIFBA_00927,KGLDIDPM_00910,CFOCILDN_01532
dan,dan,D-aminoacylase,MFCJNMFM_04392,JIEPOILB_04396,MHMAIFBA_04447,KGLDIDPM_04396,CFOCILDN_01007
aldA,aldA,Lactaldehyde dehydrogenase,MFCJNMFM_02854,JIEPOILB_02406,MHMAIFBA_02759,KGLDIDPM_02856,CFOCILDN_00220
group_144,,putative protein,MFCJNMFM_02050,JIEPOILB_03211,MHMAIFBA_01985,KGLDIDPM_02053,CFOCILDN_02351
opmQ,opmQ,Pyoverdine export outer membrane protein OpmQ,MFCJNMFM_01715,JIEPOILB_01715,MHMAIFBA_01681,KGLDIDPM_01712,CFOCILDN_03286
phrB,phrB,Deoxyribodipyrimidine photo-lyase,MFCJNMFM_03590,JIEPOILB_03594,MHMAIFBA_03565,KGLDIDPM_03594,CFOCILDN_04606
group_143,,hypothetical protein,MFCJNMFM_03377,JIEPOILB_03381,MHMAIFBA_03337,KGLDIDPM_03381,CFOCILDN_02022
selO,selO,Protein nucleotidyltransferase SelO,MFCJNMFM_02174,JIEPOILB_03087,MHMAIFBA_02126,KGLDIDPM_02177,CFOCILDN_00895
pykA,pykA,Pyruvate kinase II,MFCJNMFM_01981,JIEPOILB_03279,MHMAIFBA_01917,KGLDIDPM_01984,CFOCILDN_02283
sacP_1,sacP_1,PTS system sucrose-specific EIIBC component,MFCJNMFM_01139,JIEPOILB_01139,MHMAIFBA_01127,KGLDIDPM_01138,CFOCILDN_01309
iolT,iolT,Major myo-inositol transporter IolT,MFCJNMFM_02659,JIEPOILB_02601,MHMAIFBA_02593,KGLDIDPM_02661,CFOCILDN_00414
tldD,tldD,Metalloprotease TldD,MFCJNMFM_00530,JIEPOILB_00531,MHMAIFBA_00482,KGLDIDPM_00530,CFOCILDN_01911
viaA,viaA,Regulatory protein ViaA,MFCJNMFM_05071,JIEPOILB_05074,MHMAIFBA_05028,KGLDIDPM_05074,CFOCILDN_03724
group_142,,hypothetical protein,MFCJNMFM_04892,JIEPOILB_04895,MHMAIFBA_04851,KGLDIDPM_04895,CFOCILDN_04188
gabD_2,gabD_2,Succinate-semialdehyde dehydrogenase [NADP(+)] GabD,MFCJNMFM_04060,JIEPOILB_04064,MHMAIFBA_04123,KGLDIDPM_04064,CFOCILDN_04049
thiI,thiI,tRNA sulfurtransferase,MFCJNMFM_03929,JIEPOILB_03933,MHMAIFBA_03995,KGLDIDPM_03933,CFOCILDN_02586
gabD_1,gabD_1,Succinate-semialdehyde dehydrogenase [NADP(+)] GabD,MFCJNMFM_03270,JIEPOILB_01990,MHMAIFBA_03236,KGLDIDPM_03274,CFOCILDN_03473
norV,norV,Anaerobic nitric oxide reductase flavorubredoxin,MFCJNMFM_01145,JIEPOILB_01145,MHMAIFBA_01133,KGLDIDPM_01144,CFOCILDN_01303
cusC_1,cusC_1,Cation efflux system protein CusC,MFCJNMFM_00870,JIEPOILB_00871,MHMAIFBA_00886,KGLDIDPM_00870,CFOCILDN_01571
trkH,trkH,Trk system potassium uptake protein TrkH,MFCJNMFM_04877,JIEPOILB_04880,MHMAIFBA_04836,KGLDIDPM_04880,CFOCILDN_04173
gabR_4,gabR_4,HTH-type transcriptional regulatory protein GabR,MFCJNMFM_03866,JIEPOILB_03870,MHMAIFBA_03932,KGLDIDPM_03870,CFOCILDN_02523
uxaB,uxaB,Altronate oxidoreductase,MFCJNMFM_02707,JIEPOILB_02553,MHMAIFBA_02640,KGLDIDPM_02709,CFOCILDN_00367
panF,panF,Sodium/pantothenate symporter,MFCJNMFM_00516,JIEPOILB_00517,MHMAIFBA_00467,KGLDIDPM_00516,CFOCILDN_01925
uidB,uidB,Glucuronide carrier protein,MFCJNMFM_04694,JIEPOILB_04698,MHMAIFBA_04524,KGLDIDPM_04698,CFOCILDN_04672
ansP2,ansP2,L-asparagine permease 2,MFCJNMFM_02434,JIEPOILB_02826,MHMAIFBA_02382,KGLDIDPM_02436,CFOCILDN_00640
amn,amn,AMP nucleosidase,MFCJNMFM_01837,JIEPOILB_01843,MHMAIFBA_01838,KGLDIDPM_01840,CFOCILDN_02205
xylB_1,xylB_1,Xylulose kinase,MFCJNMFM_00230,JIEPOILB_00230,MHMAIFBA_00182,KGLDIDPM_00229,CFOCILDN_02828
pepD,pepD,Cytosol non-specific dipeptidase,MFCJNMFM_04080,JIEPOILB_04084,MHMAIFBA_04130,KGLDIDPM_04084,CFOCILDN_04029
nuoN,nuoN,NADH-quinone oxidoreductase subunit N,MFCJNMFM_01624,JIEPOILB_01625,MHMAIFBA_01589,KGLDIDPM_01622,CFOCILDN_04110
clsA,clsA,Cardiolipin synthase A,MFCJNMFM_02148,JIEPOILB_03113,MHMAIFBA_02100,KGLDIDPM_02151,CFOCILDN_00921
tauR,tauR,HTH-type transcriptional regulator TauR,MFCJNMFM_03725,JIEPOILB_03729,MHMAIFBA_03714,KGLDIDPM_03729,CFOCILDN_03664
por_2,por_2,Polyol:NADP oxidoreductase,MFCJNMFM_02768,JIEPOILB_02492,MHMAIFBA_02671,KGLDIDPM_02770,CFOCILDN_00306
bepA_2,bepA_2,Beta-barrel assembly-enhancing protease,MFCJNMFM_01397,JIEPOILB_01398,MHMAIFBA_01439,KGLDIDPM_01395,CFOCILDN_03121
rhaB,rhaB,L-Rhamnulokinase,MFCJNMFM_05007,JIEPOILB_05010,MHMAIFBA_04965,KGLDIDPM_05010,CFOCILDN_03852
hpcC,hpcC,5-carboxymethyl-2-hydroxymuconate semialdehyde dehydrogenase,MFCJNMFM_04406,JIEPOILB_04410,MHMAIFBA_04455,KGLDIDPM_04410,CFOCILDN_00993
astD_1,astD_1,N-succinylglutamate 5-semialdehyde dehydrogenase,MFCJNMFM_02860,JIEPOILB_02400,MHMAIFBA_02765,KGLDIDPM_02862,CFOCILDN_00214
por_1,por_1,Polyol:NADP oxidoreductase,MFCJNMFM_01686,JIEPOILB_01686,MHMAIFBA_01651,KGLDIDPM_01683,CFOCILDN_03257
guaB,guaB,Inosine-5'-monophosphate dehydrogenase,MFCJNMFM_01373,JIEPOILB_01374,MHMAIFBA_01367,KGLDIDPM_01371,CFOCILDN_03145
lysP,lysP,Lysine-specific permease LysP,MFCJNMFM_01697,JIEPOILB_01697,MHMAIFBA_01662,KGLDIDPM_01694,CFOCILDN_03268
betB_1,betB_1,NAD/NADP-dependent betaine aldehyde dehydrogenase,MFCJNMFM_00811,JIEPOILB_00812,MHMAIFBA_00828,KGLDIDPM_00811,CFOCILDN_01631
rng,rng,Ribonuclease G,MFCJNMFM_00528,JIEPOILB_00529,MHMAIFBA_00479,KGLDIDPM_00528,CFOCILDN_01913
betB_2,betB_2,Betaine aldehyde dehydrogenase,MFCJNMFM_03711,JIEPOILB_03715,MHMAIFBA_03700,KGLDIDPM_03715,CFOCILDN_03650
modF,modF,ABC transporter ATP-binding protein ModF,MFCJNMFM_03646,JIEPOILB_03650,MHMAIFBA_03518,KGLDIDPM_03650,CFOCILDN_04693
sasA_2,sasA_2,Adaptive-response sensory-kinase SasA,MFCJNMFM_03388,JIEPOILB_03392,MHMAIFBA_03348,KGLDIDPM_03392,CFOCILDN_02032
ddc,ddc,L-24-diaminobutyrate decarboxylase,MFCJNMFM_02543,JIEPOILB_02717,MHMAIFBA_02481,KGLDIDPM_02545,CFOCILDN_00531
dtpB,dtpB,Dipeptide and tripeptide permease B,MFCJNMFM_00298,JIEPOILB_00298,MHMAIFBA_00250,KGLDIDPM_00297,CFOCILDN_02762
ilvC,ilvC,Ketol-acid reductoisomerase (NADP(+)),MFCJNMFM_04947,JIEPOILB_04950,MHMAIFBA_04907,KGLDIDPM_04950,CFOCILDN_04243
ubiD,ubiD,3-octaprenyl-4-hydroxybenzoate carboxy-lyase,MFCJNMFM_04883,JIEPOILB_04886,MHMAIFBA_04842,KGLDIDPM_04886,CFOCILDN_04179
murC,murC,UDP-N-acetylmuramate--L-alanine ligase,MFCJNMFM_04234,JIEPOILB_04238,MHMAIFBA_04285,KGLDIDPM_04238,CFOCILDN_01163
ampG,ampG,Anhydromuropeptide permease,MFCJNMFM_03909,JIEPOILB_03913,MHMAIFBA_03975,KGLDIDPM_03913,CFOCILDN_02566
dtpC,dtpC,Dipeptide and tripeptide permease C,MFCJNMFM_03802,JIEPOILB_03806,MHMAIFBA_03798,KGLDIDPM_03806,CFOCILDN_02458
zwf,zwf,Glucose-6-phosphate 1-dehydrogenase,MFCJNMFM_01983,JIEPOILB_03277,MHMAIFBA_01919,KGLDIDPM_01986,CFOCILDN_02285
dtpD,dtpD,Dipeptide permease D,MFCJNMFM_03591,JIEPOILB_03595,MHMAIFBA_03564,KGLDIDPM_03595,CFOCILDN_04607
astD_2,astD_2,N-succinylglutamate 5-semialdehyde dehydrogenase,MFCJNMFM_03056,JIEPOILB_02204,MHMAIFBA_03026,KGLDIDPM_03059,CFOCILDN_00018
baeS,baeS,two-component system sensor histidine kinase BaeS,MFCJNMFM_01761,JIEPOILB_01760,MHMAIFBA_01726,KGLDIDPM_01757,CFOCILDN_03331
der,der,GTPase Der,MFCJNMFM_01369,JIEPOILB_01370,MHMAIFBA_01363,KGLDIDPM_01367,CFOCILDN_03149
mglA_3,mglA_3,Galactose/methyl galactoside import ATP-binding protein MglA,MFCJNMFM_03793,JIEPOILB_03797,MHMAIFBA_03789,KGLDIDPM_03797,CFOCILDN_02449
feaB_2,feaB_2,Phenylacetaldehyde dehydrogenase,MFCJNMFM_03760,JIEPOILB_03764,MHMAIFBA_03759,KGLDIDPM_03764,CFOCILDN_03698
opuE,opuE,Osmoregulated proline transporter OpuE,MFCJNMFM_04390,JIEPOILB_04394,MHMAIFBA_04445,KGLDIDPM_04394,CFOCILDN_01009
murE,murE,UDP-N-acetylmuramoyl-L-alanyl-D-glutamate--26-diaminopimelate ligase,MFCJNMFM_04240,JIEPOILB_04244,MHMAIFBA_04291,KGLDIDPM_04244,CFOCILDN_01157
puuC,puuC,NADP/NAD-dependent aldehyde dehydrogenase PuuC,MFCJNMFM_03264,JIEPOILB_01996,MHMAIFBA_03230,KGLDIDPM_03268,CFOCILDN_03467
group_133,,Thermostable carboxypeptidase 1,MFCJNMFM_02784,JIEPOILB_02476,MHMAIFBA_02688,KGLDIDPM_02786,CFOCILDN_00290
sufB,sufB,Iron-sulfur cluster assembly protein SufB,MFCJNMFM_02200,JIEPOILB_03061,MHMAIFBA_02153,KGLDIDPM_02203,CFOCILDN_00869
amyA,amyA,Cytoplasmic alpha-amylase,MFCJNMFM_01865,JIEPOILB_01871,MHMAIFBA_01867,KGLDIDPM_01868,CFOCILDN_02233
uxaA,uxaA,Altronate dehydratase,MFCJNMFM_00658,JIEPOILB_00659,MHMAIFBA_00609,KGLDIDPM_00658,CFOCILDN_01783
nusA,nusA,Transcription termination/antitermination protein NusA,MFCJNMFM_00597,JIEPOILB_00598,MHMAIFBA_00549,KGLDIDPM_00597,CFOCILDN_01844
outE,outE,Type II secretion system protein E,MFCJNMFM_04170,JIEPOILB_04174,MHMAIFBA_04218,KGLDIDPM_04174,CFOCILDN_01227
mdtP,mdtP,Multidrug transporter protein MdtP,MFCJNMFM_00073,JIEPOILB_00073,MHMAIFBA_00073,KGLDIDPM_00073,CFOCILDN_04376
lyx_1,lyx_1,L-xylulose/3-keto-L-gulonate kinase,MFCJNMFM_03505,JIEPOILB_03509,MHMAIFBA_03648,KGLDIDPM_03509,CFOCILDN_04409
pucI,pucI,Allantoin permease,MFCJNMFM_02555,JIEPOILB_02705,MHMAIFBA_02494,KGLDIDPM_02557,CFOCILDN_00519
pitA,pitA,Low-affinity inorganic phosphate transporter PitA,MFCJNMFM_00301,JIEPOILB_00301,MHMAIFBA_00253,KGLDIDPM_00300,CFOCILDN_02759
ravA,ravA,Regulatory ATPase RavA,MFCJNMFM_05070,JIEPOILB_05073,MHMAIFBA_05027,KGLDIDPM_05073,CFOCILDN_03723
steT,steT,Serine/threonine exchanger SteT,MFCJNMFM_03764,JIEPOILB_03768,MHMAIFBA_03762,KGLDIDPM_03768,CFOCILDN_03702
feaB_1,feaB_1,Phenylacetaldehyde dehydrogenase,MFCJNMFM_02891,JIEPOILB_02369,MHMAIFBA_02796,KGLDIDPM_02893,CFOCILDN_00183
smvA,smvA,Methyl viologen resistance protein SmvA,MFCJNMFM_02465,JIEPOILB_02795,MHMAIFBA_02410,KGLDIDPM_02467,CFOCILDN_00609
group_131,,hypothetical protein,MFCJNMFM_04640,JIEPOILB_04644,MHMAIFBA_04565,KGLDIDPM_04644,CFOCILDN_02909
ytfR,ytfR,Galactofuranose transporter ATP-binding protein YtfR,MFCJNMFM_04590,JIEPOILB_04594,MHMAIFBA_04615,KGLDIDPM_04594,CFOCILDN_02959
yjeM,yjeM,Inner membrane transporter YjeM,MFCJNMFM_04520,JIEPOILB_04524,MHMAIFBA_04680,KGLDIDPM_04524,CFOCILDN_03026
araA,araA,L-arabinose isomerase,MFCJNMFM_04268,JIEPOILB_04272,MHMAIFBA_04319,KGLDIDPM_04272,CFOCILDN_01129
mglA_2,mglA_2,Galactose/methyl galactoside import ATP-binding protein MglA,MFCJNMFM_03673,JIEPOILB_03677,MHMAIFBA_03662,KGLDIDPM_03677,CFOCILDN_03612
yhjJ,yhjJ,Protein YhjJ,MFCJNMFM_00282,JIEPOILB_00282,MHMAIFBA_00234,KGLDIDPM_00281,CFOCILDN_02778
uhpB,uhpB,Signal transduction histidine-protein kinase/phosphatase UhpB,MFCJNMFM_00036,JIEPOILB_00036,MHMAIFBA_00036,KGLDIDPM_00036,CFOCILDN_03794
rbsA_4,rbsA_4,Ribose import ATP-binding protein RbsA,MFCJNMFM_05067,JIEPOILB_05070,MHMAIFBA_05024,KGLDIDPM_05070,CFOCILDN_03720
bauC,bauC,Malonate-semialdehyde dehydrogenase,MFCJNMFM_04642,JIEPOILB_04646,MHMAIFBA_04563,KGLDIDPM_04646,CFOCILDN_02907
xylB_5,xylB_5,Xylulose kinase,MFCJNMFM_02637,JIEPOILB_02623,MHMAIFBA_02571,KGLDIDPM_02639,CFOCILDN_00436
pnbA,pnbA,Para-nitrobenzyl esterase,MFCJNMFM_02391,JIEPOILB_02870,MHMAIFBA_02340,KGLDIDPM_02393,CFOCILDN_00682
dtpA,dtpA,Dipeptide and tripeptide permease A,MFCJNMFM_02365,JIEPOILB_02896,MHMAIFBA_02314,KGLDIDPM_02367,CFOCILDN_00708
gppA,gppA,Guanosine-5'-triphosphate3'-diphosphate pyrophosphatase,MFCJNMFM_04940,JIEPOILB_04943,MHMAIFBA_04899,KGLDIDPM_04943,CFOCILDN_04236
putP,putP,Sodium/proline symporter,MFCJNMFM_03239,JIEPOILB_02021,MHMAIFBA_03207,KGLDIDPM_03243,CFOCILDN_03442
lpdC,lpdC,Gallate decarboxylase,MFCJNMFM_03119,JIEPOILB_02141,MHMAIFBA_03097,KGLDIDPM_03123,CFOCILDN_04287
glpD,glpD,Aerobic glycerol-3-phosphate dehydrogenase,MFCJNMFM_00368,JIEPOILB_00368,MHMAIFBA_00319,KGLDIDPM_00367,CFOCILDN_02693
rbsA_3,rbsA_3,Ribose import ATP-binding protein RbsA,MFCJNMFM_05011,JIEPOILB_05014,MHMAIFBA_04969,KGLDIDPM_05014,CFOCILDN_03856
pepA,pepA,Cytosol aminopeptidase,MFCJNMFM_04637,JIEPOILB_04641,MHMAIFBA_04568,KGLDIDPM_04641,CFOCILDN_02912
nnr,nnr,Bifunctional NAD(P)H-hydrate repair enzyme Nnr,MFCJNMFM_04530,JIEPOILB_04534,MHMAIFBA_04670,KGLDIDPM_04534,CFOCILDN_03018
clcA,clcA,H(+)/Cl(-) exchange transporter ClcA,MFCJNMFM_04159,JIEPOILB_04163,MHMAIFBA_04207,KGLDIDPM_04163,CFOCILDN_01238
glpK,glpK,Glycerol kinase,MFCJNMFM_00099,JIEPOILB_00098,MHMAIFBA_00098,KGLDIDPM_00098,CFOCILDN_04351
dgt,dgt,Deoxyguanosinetriphosphate triphosphohydrolase,MFCJNMFM_04154,JIEPOILB_04158,MHMAIFBA_04202,KGLDIDPM_04158,CFOCILDN_01243
araG,araG,Arabinose import ATP-binding protein AraG,MFCJNMFM_01889,JIEPOILB_01895,MHMAIFBA_01891,KGLDIDPM_01892,CFOCILDN_02257
lysU,lysU,Lysine--tRNA ligase heat inducible,MFCJNMFM_03801,JIEPOILB_03805,MHMAIFBA_03797,KGLDIDPM_03805,CFOCILDN_02457
scrY_3,scrY_3,Sucrose porin,MFCJNMFM_03787,JIEPOILB_03791,MHMAIFBA_03783,KGLDIDPM_03791,CFOCILDN_02443
purF,purF,Amidophosphoribosyltransferase,MFCJNMFM_01589,JIEPOILB_01590,MHMAIFBA_01554,KGLDIDPM_01587,CFOCILDN_04145
lysS,lysS,Lysine--tRNA ligase,MFCJNMFM_00851,JIEPOILB_00852,MHMAIFBA_00868,KGLDIDPM_00851,CFOCILDN_01590
comM,comM,Competence protein ComM,MFCJNMFM_04954,JIEPOILB_04957,MHMAIFBA_04914,KGLDIDPM_04957,CFOCILDN_04250
aplK,aplK,Apulose kinase,MFCJNMFM_03698,JIEPOILB_03702,MHMAIFBA_03687,KGLDIDPM_03702,CFOCILDN_03637
mglA_1,mglA_1,Galactose/methyl galactoside import ATP-binding protein MglA,MFCJNMFM_01704,JIEPOILB_01704,MHMAIFBA_01669,KGLDIDPM_01701,CFOCILDN_03275
exaC,exaC,Acetaldehyde dehydrogenase,MFCJNMFM_01201,JIEPOILB_01201,MHMAIFBA_01189,KGLDIDPM_01199,CFOCILDN_03935
cobQ,cobQ,Cobyric acid synthase,MFCJNMFM_00989,JIEPOILB_00990,MHMAIFBA_01004,KGLDIDPM_00989,CFOCILDN_01455
group_128,,Beta-xylosidase,MFCJNMFM_00756,JIEPOILB_00757,MHMAIFBA_00707,KGLDIDPM_00756,CFOCILDN_01686
gabR_1,gabR_1,HTH-type transcriptional regulatory protein GabR,MFCJNMFM_00333,JIEPOILB_00333,MHMAIFBA_00285,KGLDIDPM_00332,CFOCILDN_02727
ftsY,ftsY,Signal recognition particle receptor FtsY,MFCJNMFM_00329,JIEPOILB_00329,MHMAIFBA_00281,KGLDIDPM_00328,CFOCILDN_02731
citF,citF,Citrate lyase alpha chain,MFCJNMFM_04292,JIEPOILB_04296,MHMAIFBA_04343,KGLDIDPM_04296,CFOCILDN_01105
hutH,hutH,Histidine ammonia-lyase,MFCJNMFM_03487,JIEPOILB_03491,MHMAIFBA_03495,KGLDIDPM_03491,CFOCILDN_02174
ydgA,ydgA,Protein YdgA,MFCJNMFM_02841,JIEPOILB_02419,MHMAIFBA_02746,KGLDIDPM_02843,CFOCILDN_00233
abgT,abgT,p-aminobenzoyl-glutamate transport protein,MFCJNMFM_02821,JIEPOILB_02439,MHMAIFBA_02727,KGLDIDPM_02823,CFOCILDN_00253
pntA,pntA,NAD(P) transhydrogenase subunit alpha,MFCJNMFM_02828,JIEPOILB_02432,MHMAIFBA_02734,KGLDIDPM_02830,CFOCILDN_00246
nuoM,nuoM,NADH-quinone oxidoreductase subunit M,MFCJNMFM_01623,JIEPOILB_01624,MHMAIFBA_01588,KGLDIDPM_01621,CFOCILDN_04111
group_125,,hypothetical protein,MFCJNMFM_04850,JIEPOILB_04854,MHMAIFBA_04811,KGLDIDPM_04854,CFOCILDN_04772
group_124,,hypothetical protein,MFCJNMFM_02958,JIEPOILB_02302,MHMAIFBA_02923,KGLDIDPM_02960,CFOCILDN_00116
malP_5,malP_5,PTS system maltose-specific EIICB component,MFCJNMFM_02657,JIEPOILB_02603,MHMAIFBA_02591,KGLDIDPM_02659,CFOCILDN_00416
stp,stp,Multidrug resistance protein Stp,MFCJNMFM_02309,JIEPOILB_02952,MHMAIFBA_02259,KGLDIDPM_02311,CFOCILDN_00764
group_123,,hypothetical protein,MFCJNMFM_02042,JIEPOILB_03219,MHMAIFBA_01977,KGLDIDPM_02045,CFOCILDN_02343
ppx,ppx,Exopolyphosphatase,MFCJNMFM_01385,JIEPOILB_01386,MHMAIFBA_01428,KGLDIDPM_01383,CFOCILDN_03133
pdhC,pdhC,Dihydrolipoyllysine-residue acetyltransferase component of pyruvate dehydrogenase complex,MFCJNMFM_04046,JIEPOILB_04050,MHMAIFBA_04109,KGLDIDPM_04050,CFOCILDN_04063
murJ,murJ,putative lipid II flippase MurJ,MFCJNMFM_03201,JIEPOILB_02059,MHMAIFBA_03169,KGLDIDPM_03205,CFOCILDN_03404
ynjC,ynjC,Inner membrane ABC transporter permease protein YnjC,MFCJNMFM_03064,JIEPOILB_02196,MHMAIFBA_03034,KGLDIDPM_03067,CFOCILDN_00010
narH,narH,Respiratory nitrate reductase 1 beta chain,MFCJNMFM_02125,JIEPOILB_03136,MHMAIFBA_02077,KGLDIDPM_02128,CFOCILDN_02426
lyx_2,lyx_2,L-xylulose/3-keto-L-gulonate kinase,MFCJNMFM_04051,JIEPOILB_04055,MHMAIFBA_04114,KGLDIDPM_04055,CFOCILDN_04058
lnt,lnt,Apolipoprotein N-acyltransferase,MFCJNMFM_03553,JIEPOILB_03557,MHMAIFBA_03600,KGLDIDPM_03557,CFOCILDN_04457
emrB,emrB,Multidrug export protein EmrB,MFCJNMFM_01175,JIEPOILB_01175,MHMAIFBA_01164,KGLDIDPM_01173,CFOCILDN_03910
atpA,atpA,ATP synthase subunit alpha,MFCJNMFM_05082,JIEPOILB_05085,MHMAIFBA_05039,KGLDIDPM_05085,CFOCILDN_03735
gsiB,gsiB,Glutathione-binding protein GsiB,MFCJNMFM_03417,JIEPOILB_03421,MHMAIFBA_03424,KGLDIDPM_03421,CFOCILDN_02104
tyrR,tyrR,HTH-type transcriptional regulatory protein TyrR,MFCJNMFM_02973,JIEPOILB_02287,MHMAIFBA_02939,KGLDIDPM_02975,CFOCILDN_00101
xylG_1,xylG_1,Xylose import ATP-binding protein XylG,MFCJNMFM_00227,JIEPOILB_00227,MHMAIFBA_00179,KGLDIDPM_00226,CFOCILDN_02831
ilvA,ilvA,L-threonine dehydratase biosynthetic IlvA,MFCJNMFM_04949,JIEPOILB_04952,MHMAIFBA_04909,KGLDIDPM_04952,CFOCILDN_04245
malF,malF,Maltose/maltodextrin transport system permease protein MalF,MFCJNMFM_04797,JIEPOILB_04801,MHMAIFBA_04758,KGLDIDPM_04801,CFOCILDN_03578
rbsA_1,rbsA_1,Ribose import ATP-binding protein RbsA,MFCJNMFM_03701,JIEPOILB_03705,MHMAIFBA_03690,KGLDIDPM_03705,CFOCILDN_03640
narY,narY,Respiratory nitrate reductase 2 beta chain,MFCJNMFM_02461,JIEPOILB_02799,MHMAIFBA_02406,KGLDIDPM_02463,CFOCILDN_00613
gpmI,gpmI,23-bisphosphoglycerate-independent phosphoglycerate mutase,MFCJNMFM_00201,JIEPOILB_00201,MHMAIFBA_00153,KGLDIDPM_00200,CFOCILDN_02857
xylG_2,xylG_2,Xylose import ATP-binding protein XylG,MFCJNMFM_03510,JIEPOILB_03514,MHMAIFBA_03643,KGLDIDPM_03514,CFOCILDN_04414
norR_2,norR_2,Anaerobic nitric oxide reductase transcription regulator NorR,MFCJNMFM_01146,JIEPOILB_01146,MHMAIFBA_01134,KGLDIDPM_01145,CFOCILDN_01302
mdoG,mdoG,Glucans biosynthesis protein G,MFCJNMFM_03218,JIEPOILB_02042,MHMAIFBA_03187,KGLDIDPM_03222,CFOCILDN_03421
group_120,,Peptide transporter YePEPT,MFCJNMFM_00868,JIEPOILB_00869,MHMAIFBA_00884,KGLDIDPM_00868,CFOCILDN_01573
bcsE,bcsE,Cyclic di-GMP binding protein BcsE,MFCJNMFM_00273,JIEPOILB_00273,MHMAIFBA_00225,KGLDIDPM_00272,CFOCILDN_02787
yfkN,yfkN,Trifunctional nucleotide phosphoesterase protein YfkN,MFCJNMFM_04984,JIEPOILB_04987,MHMAIFBA_04942,KGLDIDPM_04987,CFOCILDN_03829
fcs,fcs,Feruloyl-CoA synthase,MFCJNMFM_02644,JIEPOILB_02616,MHMAIFBA_02578,KGLDIDPM_02646,CFOCILDN_00429
gshA,gshA,Glutamate--cysteine ligase,MFCJNMFM_01171,JIEPOILB_01171,MHMAIFBA_01160,KGLDIDPM_01169,CFOCILDN_03906
pdeB,pdeB,putative cyclic di-GMP phosphodiesterase PdeB,MFCJNMFM_03879,JIEPOILB_03883,MHMAIFBA_03945,KGLDIDPM_03883,CFOCILDN_02536
group_118,,hypothetical protein,MFCJNMFM_02020,JIEPOILB_03241,MHMAIFBA_01955,KGLDIDPM_02023,CFOCILDN_02321
malP_2,malP_2,PTS system maltose-specific EIICB component,MFCJNMFM_00095,JIEPOILB_00094,MHMAIFBA_00094,KGLDIDPM_00094,CFOCILDN_04355
hpaB,hpaB,4-hydroxyphenylacetate 3-monooxygenase oxygenase component,MFCJNMFM_04413,JIEPOILB_04417,MHMAIFBA_04462,KGLDIDPM_04417,CFOCILDN_00986
trpE,trpE,Anthranilate synthase component 1,MFCJNMFM_03020,JIEPOILB_02240,MHMAIFBA_02986,KGLDIDPM_03023,CFOCILDN_00054
yagG_1,yagG_1,Putative glycoside/cation symporter YagG,MFCJNMFM_01886,JIEPOILB_01892,MHMAIFBA_01888,KGLDIDPM_01889,CFOCILDN_02254
pdeN,pdeN,putative cyclic di-GMP phosphodiesterase PdeN,MFCJNMFM_01682,JIEPOILB_01682,MHMAIFBA_01647,KGLDIDPM_01679,CFOCILDN_03253
ade,ade,Adenine deaminase,MFCJNMFM_04628,JIEPOILB_04632,MHMAIFBA_04577,KGLDIDPM_04632,CFOCILDN_02921
ahpF,ahpF,Alkyl hydroperoxide reductase subunit F,MFCJNMFM_03521,JIEPOILB_03525,MHMAIFBA_03632,KGLDIDPM_03525,CFOCILDN_04425
ddpA_2,ddpA_2,putative DD-dipeptide-binding periplasmic protein DdpA,MFCJNMFM_03714,JIEPOILB_03718,MHMAIFBA_03703,KGLDIDPM_03718,CFOCILDN_03653
cydA_2,cydA_2,Cytochrome bd-I ubiquinol oxidase subunit 1,MFCJNMFM_03609,JIEPOILB_03613,MHMAIFBA_03546,KGLDIDPM_03613,CFOCILDN_04625
group_117,,hypothetical protein,MFCJNMFM_02452,JIEPOILB_02808,MHMAIFBA_02397,KGLDIDPM_02454,CFOCILDN_00622
nikA,nikA,Nickel-binding periplasmic protein,MFCJNMFM_00309,JIEPOILB_00309,MHMAIFBA_00261,KGLDIDPM_00308,CFOCILDN_02751
leuA_2,leuA_2,2-isopropylmalate synthase,MFCJNMFM_04249,JIEPOILB_04253,MHMAIFBA_04300,KGLDIDPM_04253,CFOCILDN_01148
garD,garD,Galactarate dehydratase (L-threo-forming),MFCJNMFM_00634,JIEPOILB_00635,MHMAIFBA_00586,KGLDIDPM_00634,CFOCILDN_01807
pdeD,pdeD,putative cyclic di-GMP phosphodiesterase PdeD,MFCJNMFM_02021,JIEPOILB_03240,MHMAIFBA_01956,KGLDIDPM_02024,CFOCILDN_02322
guaA,guaA,GMP synthase [glutamine-hydrolyzing],MFCJNMFM_01374,JIEPOILB_01375,MHMAIFBA_01368,KGLDIDPM_01372,CFOCILDN_03144
mltF_2,mltF_2,Membrane-bound lytic murein transglycosylase F,MFCJNMFM_04770,JIEPOILB_04774,MHMAIFBA_04732,KGLDIDPM_04774,CFOCILDN_03553
opgE,opgE,Phosphoethanolamine transferase OpgE,MFCJNMFM_03437,JIEPOILB_03441,MHMAIFBA_03444,KGLDIDPM_03441,CFOCILDN_02124
glpE_2,glpE_2,Thiosulfate sulfurtransferase GlpE,MFCJNMFM_02226,JIEPOILB_03035,MHMAIFBA_02179,KGLDIDPM_02229,CFOCILDN_00843
yagG_2,yagG_2,Putative glycoside/cation symporter YagG,MFCJNMFM_01894,JIEPOILB_01900,MHMAIFBA_01896,KGLDIDPM_01897,CFOCILDN_02262
group_114,,hypothetical protein,MFCJNMFM_01776,JIEPOILB_01775,MHMAIFBA_01741,KGLDIDPM_01772,CFOCILDN_03346
purH,purH,Bifunctional purine biosynthesis protein PurH,MFCJNMFM_04832,JIEPOILB_04836,MHMAIFBA_04793,KGLDIDPM_04836,CFOCILDN_04790
prfC,prfC,Peptide chain release factor RF3,MFCJNMFM_04354,JIEPOILB_04358,MHMAIFBA_04405,KGLDIDPM_04358,CFOCILDN_01043
cadC,cadC,Transcriptional activator CadC,MFCJNMFM_03805,JIEPOILB_03809,MHMAIFBA_03801,KGLDIDPM_03809,CFOCILDN_02461
yejF,yejF,putative ABC transporter ATP-binding protein YejF,MFCJNMFM_01678,JIEPOILB_01678,MHMAIFBA_01643,KGLDIDPM_01675,CFOCILDN_03249
ybiT,ybiT,putative ATP-binding protein YbiT,MFCJNMFM_03429,JIEPOILB_03433,MHMAIFBA_03436,KGLDIDPM_03433,CFOCILDN_02116
malX,malX,PTS system maltose-specific EIICB component,MFCJNMFM_02843,JIEPOILB_02417,MHMAIFBA_02748,KGLDIDPM_02845,CFOCILDN_00231
carA_1,carA_1,Caffeate CoA-transferase,MFCJNMFM_02645,JIEPOILB_02615,MHMAIFBA_02579,KGLDIDPM_02647,CFOCILDN_00428
trpGD,trpGD,Bifunctional protein TrpGD,MFCJNMFM_03021,JIEPOILB_02239,MHMAIFBA_02987,KGLDIDPM_03024,CFOCILDN_00053
cueO,cueO,Multicopper oxidase CueO,MFCJNMFM_04198,JIEPOILB_04202,MHMAIFBA_04246,KGLDIDPM_04202,CFOCILDN_01199
dppA_2,dppA_2,Dipeptide-binding protein,MFCJNMFM_02422,JIEPOILB_02838,MHMAIFBA_02370,KGLDIDPM_02424,CFOCILDN_00652
lsrK,lsrK,Autoinducer-2 kinase,MFCJNMFM_00668,JIEPOILB_00669,MHMAIFBA_00619,KGLDIDPM_00668,CFOCILDN_01773
aceB,aceB,Malate synthase A,MFCJNMFM_04824,JIEPOILB_04828,MHMAIFBA_04786,KGLDIDPM_04828,CFOCILDN_03605
pdeC_1,pdeC_1,putative cyclic di-GMP phosphodiesterase PdeC,MFCJNMFM_04756,JIEPOILB_04760,MHMAIFBA_04718,KGLDIDPM_04760,CFOCILDN_03539
group_111,,hypothetical protein,MFCJNMFM_04206,JIEPOILB_04210,MHMAIFBA_04257,KGLDIDPM_04210,CFOCILDN_01191
entE,entE,Enterobactin synthase component E,MFCJNMFM_03683,JIEPOILB_03687,MHMAIFBA_03672,KGLDIDPM_03687,CFOCILDN_03622
caiT,caiT,L-carnitine/gamma-butyrobetaine antiporter,MFCJNMFM_03268,JIEPOILB_01992,MHMAIFBA_03234,KGLDIDPM_03272,CFOCILDN_03471
group_110,,hypothetical protein,MFCJNMFM_02586,JIEPOILB_02674,MHMAIFBA_02534,KGLDIDPM_02588,CFOCILDN_00488
araB_1,araB_1,Ribulokinase,MFCJNMFM_01743,JIEPOILB_01743,MHMAIFBA_01709,KGLDIDPM_01740,CFOCILDN_03314
group_108,,hypothetical protein,MFCJNMFM_00707,JIEPOILB_00708,MHMAIFBA_00658,KGLDIDPM_00707,CFOCILDN_01734
dppA_1,dppA_1,Dipeptide-binding protein,MFCJNMFM_00259,JIEPOILB_00259,MHMAIFBA_00211,KGLDIDPM_00258,CFOCILDN_02801
thiP,thiP,Thiamine transport system permease protein ThiP,MFCJNMFM_04263,JIEPOILB_04267,MHMAIFBA_04314,KGLDIDPM_04267,CFOCILDN_01134
mppA,mppA,Periplasmic murein peptide-binding protein MppA,MFCJNMFM_02968,JIEPOILB_02292,MHMAIFBA_02934,KGLDIDPM_02970,CFOCILDN_00106
group_107,,hypothetical protein,MFCJNMFM_02809,JIEPOILB_02451,MHMAIFBA_02714,KGLDIDPM_02811,CFOCILDN_00265
dcuS,dcuS,Sensor histidine kinase DcuS,MFCJNMFM_02803,JIEPOILB_02457,MHMAIFBA_02708,KGLDIDPM_02805,CFOCILDN_00271
gsiA_1,gsiA_1,Glutathione import ATP-binding protein GsiA,MFCJNMFM_02484,JIEPOILB_02776,MHMAIFBA_02428,KGLDIDPM_02486,CFOCILDN_00590
scrY_2,scrY_2,Sucrose porin,MFCJNMFM_02450,JIEPOILB_02810,MHMAIFBA_02395,KGLDIDPM_02452,CFOCILDN_00624
mltF_1,mltF_1,Membrane-bound lytic murein transglycosylase F,MFCJNMFM_01328,JIEPOILB_01329,MHMAIFBA_01322,KGLDIDPM_01326,CFOCILDN_03190
nadB,nadB,L-aspartate oxidase,MFCJNMFM_01249,JIEPOILB_01249,MHMAIFBA_01306,KGLDIDPM_01247,CFOCILDN_03206
ettA_1,ettA_1,Energy-dependent translational throttle protein EttA,MFCJNMFM_00240,JIEPOILB_00240,MHMAIFBA_00190,KGLDIDPM_00239,CFOCILDN_02820
group_105,,hypothetical protein,MFCJNMFM_02487,JIEPOILB_02773,MHMAIFBA_02431,KGLDIDPM_02489,CFOCILDN_00587
menH_3,menH_3,2-succinyl-6-hydroxy-24-cyclohexadiene-1-carboxylate synthase,MFCJNMFM_01839,JIEPOILB_01845,MHMAIFBA_01840,KGLDIDPM_01842,CFOCILDN_02207
glpA,glpA,Anaerobic glycerol-3-phosphate dehydrogenase subunit A,MFCJNMFM_01643,JIEPOILB_01644,MHMAIFBA_01609,KGLDIDPM_01641,CFOCILDN_04091
pckA_1,pckA_1,Phosphoenolpyruvate carboxykinase (ATP),MFCJNMFM_00387,JIEPOILB_00387,MHMAIFBA_00338,KGLDIDPM_00386,CFOCILDN_04481
malP_1,malP_1,PTS system maltose-specific EIICB component,MFCJNMFM_00020,JIEPOILB_00020,MHMAIFBA_00020,KGLDIDPM_00020,CFOCILDN_03778
citA_1,citA_1,Sensor histidine kinase CitA,MFCJNMFM_04275,JIEPOILB_04279,MHMAIFBA_04326,KGLDIDPM_04279,CFOCILDN_01122
treS,treS,Trehalose synthase/amylase TreS,MFCJNMFM_02502,JIEPOILB_02758,MHMAIFBA_02446,KGLDIDPM_02504,CFOCILDN_00572
dmdB,dmdB,3-methylmercaptopropionyl-CoA ligase,MFCJNMFM_03153,JIEPOILB_02107,MHMAIFBA_03130,KGLDIDPM_03157,CFOCILDN_04254
group_102,,hypothetical protein,MFCJNMFM_04819,JIEPOILB_04823,MHMAIFBA_04781,KGLDIDPM_04823,CFOCILDN_03600
bglH_3,bglH_3,Cryptic outer membrane porin BglH,MFCJNMFM_05093,JIEPOILB_05096,MHMAIFBA_05050,KGLDIDPM_05096,CFOCILDN_03746
oppA_1,oppA_1,Periplasmic oligopeptide-binding protein OppA,MFCJNMFM_02141,JIEPOILB_03120,MHMAIFBA_02093,KGLDIDPM_02144,CFOCILDN_00928
group_101,,hypothetical protein,MFCJNMFM_01843,JIEPOILB_01849,MHMAIFBA_01844,KGLDIDPM_01846,CFOCILDN_02211
mqo_1,mqo_1,Malate:quinone oxidoreductase,MFCJNMFM_01662,JIEPOILB_01662,MHMAIFBA_01627,KGLDIDPM_01659,CFOCILDN_03233
aidB,aidB,Putative acyl-CoA dehydrogenase AidB,MFCJNMFM_04545,JIEPOILB_04549,MHMAIFBA_04655,KGLDIDPM_04549,CFOCILDN_03003
pyrG_1,pyrG_1,CTP synthase,MFCJNMFM_01055,JIEPOILB_01055,MHMAIFBA_01053,KGLDIDPM_01054,CFOCILDN_01392
ubiB,ubiB,putative protein kinase UbiB,MFCJNMFM_04889,JIEPOILB_04892,MHMAIFBA_04848,KGLDIDPM_04892,CFOCILDN_04185
pgm,pgm,Phosphoglucomutase,MFCJNMFM_03582,JIEPOILB_03586,MHMAIFBA_03573,KGLDIDPM_03586,CFOCILDN_04598
eptA,eptA,Phosphoethanolamine transferase EptA,MFCJNMFM_03474,JIEPOILB_03478,MHMAIFBA_03482,KGLDIDPM_03478,CFOCILDN_02161
pqiB,pqiB,Intermembrane transport protein PqiB,MFCJNMFM_03302,JIEPOILB_03306,MHMAIFBA_03262,KGLDIDPM_03306,CFOCILDN_01947
ilvB_2,ilvB_2,Acetolactate synthase isozyme 1 large subunit,MFCJNMFM_00812,JIEPOILB_00813,MHMAIFBA_00829,KGLDIDPM_00812,CFOCILDN_01630
ecpD,ecpD,Fimbria adhesin EcpD,MFCJNMFM_04011,JIEPOILB_04015,MHMAIFBA_04077,KGLDIDPM_04015,CFOCILDN_02667
sapA,sapA,Peptide transport periplasmic protein SapA,MFCJNMFM_02988,JIEPOILB_02272,MHMAIFBA_02954,KGLDIDPM_02991,CFOCILDN_00086
pckA_2,pckA_2,Phosphoenolpyruvate carboxykinase (ATP),MFCJNMFM_02068,JIEPOILB_03193,MHMAIFBA_02002,KGLDIDPM_02071,CFOCILDN_02369
yojI,yojI,ABC transporter ATP-binding/permease protein YojI,MFCJNMFM_01659,JIEPOILB_01659,MHMAIFBA_01624,KGLDIDPM_01656,CFOCILDN_03230
yidC,yidC,Membrane protein insertase YidC,MFCJNMFM_05104,JIEPOILB_05107,MHMAIFBA_05061,KGLDIDPM_05107,CFOCILDN_03757
ilvG,ilvG,Acetolactate synthase isozyme 2 large subunit,MFCJNMFM_04953,JIEPOILB_04956,MHMAIFBA_04913,KGLDIDPM_04956,CFOCILDN_04249
groEL,groEL,Chaperonin GroEL,MFCJNMFM_04497,JIEPOILB_04501,MHMAIFBA_04701,KGLDIDPM_04501,CFOCILDN_03049
fumA,fumA,Fumarate hydratase class I aerobic,MFCJNMFM_02839,JIEPOILB_02421,MHMAIFBA_02744,KGLDIDPM_02841,CFOCILDN_00235
mqo_2,mqo_2,Malate:quinone oxidoreductase,MFCJNMFM_02800,JIEPOILB_02460,MHMAIFBA_02705,KGLDIDPM_02802,CFOCILDN_00274
pgi,pgi,Glucose-6-phosphate isomerase,MFCJNMFM_04806,JIEPOILB_04810,MHMAIFBA_04768,KGLDIDPM_04810,CFOCILDN_03587
dhaK_1,dhaK_1,Dihydroxyacetone kinase,MFCJNMFM_00679,JIEPOILB_00680,MHMAIFBA_00630,KGLDIDPM_00679,CFOCILDN_01762
ushA,ushA,Protein UshA,MFCJNMFM_03843,JIEPOILB_03847,MHMAIFBA_03909,KGLDIDPM_03847,CFOCILDN_02500
oppA_2,oppA_2,Periplasmic oligopeptide-binding protein OppA,MFCJNMFM_03275,JIEPOILB_01985,MHMAIFBA_03242,KGLDIDPM_03279,CFOCILDN_03478
group_99,,hypothetical protein,MFCJNMFM_02867,JIEPOILB_02393,MHMAIFBA_02772,KGLDIDPM_02869,CFOCILDN_00207
fumB_1,fumB_1,Fumarate hydratase class I anaerobic,MFCJNMFM_02808,JIEPOILB_02452,MHMAIFBA_02713,KGLDIDPM_02810,CFOCILDN_00266
dauA_1,dauA_1,C4-dicarboxylic acid transporter DauA,MFCJNMFM_02099,JIEPOILB_03162,MHMAIFBA_02051,KGLDIDPM_02102,CFOCILDN_02400
treF,treF,Cytoplasmic trehalase,MFCJNMFM_00290,JIEPOILB_00290,MHMAIFBA_00242,KGLDIDPM_00289,CFOCILDN_02770
treC,treC,Trehalose-6-phosphate hydrolase,MFCJNMFM_04618,JIEPOILB_04622,MHMAIFBA_04587,KGLDIDPM_04622,CFOCILDN_02931
sgrR_2,sgrR_2,HTH-type transcriptional regulator SgrR,MFCJNMFM_04261,JIEPOILB_04265,MHMAIFBA_04312,KGLDIDPM_04265,CFOCILDN_01136
madA,madA,Acetyl-S-ACP:malonate ACP transferase,MFCJNMFM_02791,JIEPOILB_02469,MHMAIFBA_02696,KGLDIDPM_02793,CFOCILDN_00283
group_98,,putative signaling protein,MFCJNMFM_02664,JIEPOILB_02596,MHMAIFBA_02598,KGLDIDPM_02666,CFOCILDN_00409
group_97,,hypothetical protein,MFCJNMFM_02457,JIEPOILB_02803,MHMAIFBA_02402,KGLDIDPM_02459,CFOCILDN_00617
arnT,arnT,Undecaprenyl phosphate-alpha-4-amino-4-deoxy-L-arabinose arabinosyl transferase,MFCJNMFM_00316,JIEPOILB_00316,MHMAIFBA_00268,KGLDIDPM_00315,CFOCILDN_02744
lldP,lldP,L-lactate permease,MFCJNMFM_00210,JIEPOILB_00210,MHMAIFBA_00162,KGLDIDPM_00209,CFOCILDN_02848
group_95,,hypothetical protein,MFCJNMFM_03369,JIEPOILB_03373,MHMAIFBA_03329,KGLDIDPM_03373,CFOCILDN_02014
ipdC,ipdC,Indole-3-pyruvate decarboxylase,MFCJNMFM_01474,JIEPOILB_01475,MHMAIFBA_01515,KGLDIDPM_01472,CFOCILDN_04570
recN,recN,DNA repair protein RecN,MFCJNMFM_01210,JIEPOILB_01210,MHMAIFBA_01266,KGLDIDPM_01208,CFOCILDN_03974
aspT_1,aspT_1,Aspartate/alanine antiporter,MFCJNMFM_00018,JIEPOILB_00018,MHMAIFBA_00018,KGLDIDPM_00018,CFOCILDN_03776
betA,betA,Oxygen-dependent choline dehydrogenase,MFCJNMFM_03712,JIEPOILB_03716,MHMAIFBA_03701,KGLDIDPM_03716,CFOCILDN_03651
asnB,asnB,Asparagine synthetase B [glutamine-hydrolyzing],MFCJNMFM_03566,JIEPOILB_03570,MHMAIFBA_03588,KGLDIDPM_03570,CFOCILDN_04582
pduC,pduC,Propanediol dehydratase large subunit,MFCJNMFM_00966,JIEPOILB_00967,MHMAIFBA_00983,KGLDIDPM_00966,CFOCILDN_01476
ettA_2,ettA_2,Energy-dependent translational throttle protein EttA,MFCJNMFM_04339,JIEPOILB_04343,MHMAIFBA_04390,KGLDIDPM_04343,CFOCILDN_01058
glnS,glnS,Glutamine--tRNA ligase,MFCJNMFM_03572,JIEPOILB_03576,MHMAIFBA_03582,KGLDIDPM_03576,CFOCILDN_04588
dhaB,dhaB,Glycerol dehydratase large subunit,MFCJNMFM_00689,JIEPOILB_00690,MHMAIFBA_00640,KGLDIDPM_00689,CFOCILDN_01752
cdiB,cdiB,Outer membrane transporter CdiB,MFCJNMFM_03548,JIEPOILB_03552,MHMAIFBA_03605,KGLDIDPM_03552,CFOCILDN_04452
menD,menD,2-succinyl-5-enolpyruvyl-6-hydroxy-3-cyclohexene-1-carboxylate synthase,MFCJNMFM_01628,JIEPOILB_01629,MHMAIFBA_01593,KGLDIDPM_01626,CFOCILDN_04106
rpsA,rpsA,Small ribosomal subunit protein bS1,MFCJNMFM_03341,JIEPOILB_03345,MHMAIFBA_03301,KGLDIDPM_03345,CFOCILDN_01986
eptB,eptB,Kdo(2)-lipid A phosphoethanolamine 7''-transferase,MFCJNMFM_00256,JIEPOILB_00256,MHMAIFBA_00206,KGLDIDPM_00255,CFOCILDN_02804
chcC2_1,chcC2_1,4-oxocyclohex-2-ene-1-carboxylate 5-dehydrogenase,MFCJNMFM_03918,JIEPOILB_03922,MHMAIFBA_03984,KGLDIDPM_03922,CFOCILDN_02575
ybaL,ybaL,Putative cation/proton antiporter YbaL,MFCJNMFM_03845,JIEPOILB_03849,MHMAIFBA_03911,KGLDIDPM_03849,CFOCILDN_02502
leuA_1,leuA_1,2-isopropylmalate synthase,MFCJNMFM_01174,JIEPOILB_01174,MHMAIFBA_01163,KGLDIDPM_01172,CFOCILDN_03909
ligB,ligB,DNA ligase B,MFCJNMFM_00115,JIEPOILB_00114,MHMAIFBA_00114,KGLDIDPM_00114,CFOCILDN_04335
xynB,xynB,Beta-xylosidase,MFCJNMFM_04693,JIEPOILB_04697,MHMAIFBA_04525,KGLDIDPM_04697,CFOCILDN_04671
kdpA,kdpA,Potassium-transporting ATPase potassium-binding subunit,MFCJNMFM_03588,JIEPOILB_03592,MHMAIFBA_03567,KGLDIDPM_03592,CFOCILDN_04604
budB,budB,Acetolactate synthase catabolic,MFCJNMFM_02282,JIEPOILB_02979,MHMAIFBA_02233,KGLDIDPM_02284,CFOCILDN_00791
dgcQ,dgcQ,putative diguanylate cyclase DgcQ,MFCJNMFM_01860,JIEPOILB_01866,MHMAIFBA_01862,KGLDIDPM_01863,CFOCILDN_02228
bcsG,bcsG,Cellulose biosynthesis protein BcsG,MFCJNMFM_00271,JIEPOILB_00271,MHMAIFBA_00223,KGLDIDPM_00270,CFOCILDN_02789
aspT_2,aspT_2,Aspartate/alanine antiporter,MFCJNMFM_03402,JIEPOILB_03406,MHMAIFBA_03363,KGLDIDPM_03406,CFOCILDN_02046
hcp,hcp,Hydroxylamine reductase,MFCJNMFM_03372,JIEPOILB_03376,MHMAIFBA_03332,KGLDIDPM_03376,CFOCILDN_02017
hutU,hutU,Urocanate hydratase,MFCJNMFM_03488,JIEPOILB_03492,MHMAIFBA_03496,KGLDIDPM_03492,CFOCILDN_02175
ilvB_1,ilvB_1,Acetolactate synthase isozyme 1 large subunit,MFCJNMFM_00033,JIEPOILB_00033,MHMAIFBA_00033,KGLDIDPM_00033,CFOCILDN_03791
fruA_2,fruA_2,PTS system fructose-specific EIIB'BC component,MFCJNMFM_01693,JIEPOILB_01693,MHMAIFBA_01658,KGLDIDPM_01690,CFOCILDN_03264
chcC2_2,chcC2_2,4-oxocyclohex-2-ene-1-carboxylate 5-dehydrogenase,MFCJNMFM_03920,JIEPOILB_03924,MHMAIFBA_03986,KGLDIDPM_03924,CFOCILDN_02577
maeA,maeA,NAD-dependent malic enzyme,MFCJNMFM_02493,JIEPOILB_02767,MHMAIFBA_02437,KGLDIDPM_02495,CFOCILDN_00581
ypdA,ypdA,Sensor histidine kinase YpdA,MFCJNMFM_01478,JIEPOILB_01479,MHMAIFBA_01519,KGLDIDPM_01476,CFOCILDN_04566
sgrR_1,sgrR_1,HTH-type transcriptional regulator SgrR,MFCJNMFM_03897,JIEPOILB_03901,MHMAIFBA_03963,KGLDIDPM_03901,CFOCILDN_02554
group_91,,hypothetical protein,MFCJNMFM_00169,JIEPOILB_00169,MHMAIFBA_00120,KGLDIDPM_00168,CFOCILDN_02890
appA,appA,Oligopeptide-binding protein AppA,MFCJNMFM_02317,JIEPOILB_02944,MHMAIFBA_02267,KGLDIDPM_02319,CFOCILDN_00756
ompA_1,ompA_1,Outer membrane protein A,MFCJNMFM_02952,JIEPOILB_02308,MHMAIFBA_02858,KGLDIDPM_02954,CFOCILDN_00122
araB_2,araB_2,Ribulokinase,MFCJNMFM_04267,JIEPOILB_04271,MHMAIFBA_04318,KGLDIDPM_04271,CFOCILDN_01130
hycE,hycE,Formate hydrogenlyase subunit 5,MFCJNMFM_01132,JIEPOILB_01132,MHMAIFBA_01120,KGLDIDPM_01131,CFOCILDN_01316
group_90,,2-hydroxyacyl-CoA lyase,MFCJNMFM_01105,JIEPOILB_01105,MHMAIFBA_01093,KGLDIDPM_01104,CFOCILDN_01343
cysI,cysI,Sulfite reductase [NADPH] hemoprotein beta-component,MFCJNMFM_01061,JIEPOILB_01061,MHMAIFBA_01059,KGLDIDPM_01060,CFOCILDN_01386
citA_2,citA_2,Sensor histidine kinase CitA,MFCJNMFM_04300,JIEPOILB_04304,MHMAIFBA_04351,KGLDIDPM_04304,CFOCILDN_01097
yheS_2,yheS_2,putative ATP-binding protein YheS,MFCJNMFM_02491,JIEPOILB_02769,MHMAIFBA_02435,KGLDIDPM_02493,CFOCILDN_00583
group_89,,hypothetical protein,MFCJNMFM_00096,JIEPOILB_00095,MHMAIFBA_00095,KGLDIDPM_00095,CFOCILDN_04354
proS_1,proS_1,Proline--tRNA ligase,MFCJNMFM_04121,JIEPOILB_04125,MHMAIFBA_04169,KGLDIDPM_04125,CFOCILDN_01276
group_88,,hypothetical protein,MFCJNMFM_03990,JIEPOILB_03994,MHMAIFBA_04056,KGLDIDPM_03994,CFOCILDN_02646
poxB,poxB,Pyruvate dehydrogenase [ubiquinone],MFCJNMFM_03375,JIEPOILB_03379,MHMAIFBA_03335,KGLDIDPM_03379,CFOCILDN_02020
fadD,fadD,Long-chain-fatty-acid--CoA ligase,MFCJNMFM_02030,JIEPOILB_03231,MHMAIFBA_01965,KGLDIDPM_02033,CFOCILDN_02331
cydC,cydC,Glutathione/L-cysteine transport system ATP-binding/permease protein CydC,MFCJNMFM_03361,JIEPOILB_03365,MHMAIFBA_03321,KGLDIDPM_03365,CFOCILDN_02006
ilvI,ilvI,Acetolactate synthase isozyme 3 large subunit,MFCJNMFM_04247,JIEPOILB_04251,MHMAIFBA_04298,KGLDIDPM_04251,CFOCILDN_01150
group_86,,hypothetical protein,MFCJNMFM_03152,JIEPOILB_02108,MHMAIFBA_03129,KGLDIDPM_03156,CFOCILDN_04255
btsS,btsS,Sensor histidine kinase BtsS,MFCJNMFM_01727,JIEPOILB_01727,MHMAIFBA_01693,KGLDIDPM_01724,CFOCILDN_03298
ptsI,ptsI,phosphoenolpyruvate--protein phosphotransferase PtsI,MFCJNMFM_01451,JIEPOILB_01452,MHMAIFBA_01492,KGLDIDPM_01449,CFOCILDN_03068
tamA,tamA,Translocation and assembly module subunit TamA,MFCJNMFM_04580,JIEPOILB_04584,MHMAIFBA_04623,KGLDIDPM_04584,CFOCILDN_02968
atsA,atsA,Arylsulfatase,MFCJNMFM_03772,JIEPOILB_03776,MHMAIFBA_03768,KGLDIDPM_03776,CFOCILDN_03710
cvrA,cvrA,K(+)/H(+) antiporter NhaP2,MFCJNMFM_02045,JIEPOILB_03216,MHMAIFBA_01980,KGLDIDPM_02048,CFOCILDN_02346
argS,argS,Arginine--tRNA ligase,MFCJNMFM_01896,JIEPOILB_01902,MHMAIFBA_01898,KGLDIDPM_01899,CFOCILDN_02264
recJ,recJ,Single-stranded-DNA-specific exonuclease RecJ,MFCJNMFM_00849,JIEPOILB_00850,MHMAIFBA_00866,KGLDIDPM_00849,CFOCILDN_01592
nfdA_1,nfdA_1,N-substituted formamide deformylase,MFCJNMFM_02430,JIEPOILB_02830,MHMAIFBA_02378,KGLDIDPM_02432,CFOCILDN_00644
ybhF_2,ybhF_2,putative multidrug ABC transporter ATP-binding protein YbhF,MFCJNMFM_03460,JIEPOILB_03464,MHMAIFBA_03467,KGLDIDPM_03464,CFOCILDN_02147
treA,treA,Periplasmic trehalase,MFCJNMFM_02049,JIEPOILB_03212,MHMAIFBA_01984,KGLDIDPM_02052,CFOCILDN_02350
ftsI_1,ftsI_1,Peptidoglycan DD-transpeptidase FtsI,MFCJNMFM_02013,JIEPOILB_03248,MHMAIFBA_01948,KGLDIDPM_02016,CFOCILDN_02314
dld,dld,Quinone-dependent D-lactate dehydrogenase,MFCJNMFM_01720,JIEPOILB_01720,MHMAIFBA_01686,KGLDIDPM_01717,CFOCILDN_03291
dnaG,dnaG,DNA primase,MFCJNMFM_00704,JIEPOILB_00705,MHMAIFBA_00655,KGLDIDPM_00704,CFOCILDN_01737
ggt,ggt,Glutathione hydrolase proenzyme,MFCJNMFM_00352,JIEPOILB_00352,MHMAIFBA_00303,KGLDIDPM_00351,CFOCILDN_02709
msbA,msbA,ATP-dependent lipid A-core flippase,MFCJNMFM_03338,JIEPOILB_03342,MHMAIFBA_03298,KGLDIDPM_03342,CFOCILDN_01983
tssF1_4,tssF1_4,Type VI secretion system component TssF1,MFCJNMFM_02934,JIEPOILB_02326,MHMAIFBA_02839,KGLDIDPM_02936,CFOCILDN_00140
lon_1,lon_1,Lon protease,MFCJNMFM_03299,JIEPOILB_03303,MHMAIFBA_03259,KGLDIDPM_03303,CFOCILDN_01944
radD,radD,Putative DNA repair helicase RadD,MFCJNMFM_01674,JIEPOILB_01674,MHMAIFBA_01639,KGLDIDPM_01671,CFOCILDN_03245
group_81,,Mono(2-hydroxyethyl) terephthalate hydrolase,MFCJNMFM_04767,JIEPOILB_04771,MHMAIFBA_04729,KGLDIDPM_04771,CFOCILDN_03550
ycaO,ycaO,Ribosomal protein S12 methylthiotransferase accessory factor YcaO,MFCJNMFM_03346,JIEPOILB_03350,MHMAIFBA_03306,KGLDIDPM_03350,CFOCILDN_01991
yejM,yejM,Inner membrane protein YejM,MFCJNMFM_01666,JIEPOILB_01666,MHMAIFBA_01631,KGLDIDPM_01663,CFOCILDN_03237
tssF1_3,tssF1_3,Type VI secretion system component TssF1,MFCJNMFM_02088,JIEPOILB_03173,MHMAIFBA_02040,KGLDIDPM_02091,CFOCILDN_02389
ftsI_2,ftsI_2,penicillin-binding protein PBP3 FtsI,MFCJNMFM_04241,JIEPOILB_04245,MHMAIFBA_04292,KGLDIDPM_04245,CFOCILDN_01156
sdhA,sdhA,Succinate dehydrogenase flavoprotein subunit,MFCJNMFM_03603,JIEPOILB_03607,MHMAIFBA_03552,KGLDIDPM_03607,CFOCILDN_04619
cydD,cydD,Glutathione/L-cysteine transport system ATP-binding/permease protein CydD,MFCJNMFM_03360,JIEPOILB_03364,MHMAIFBA_03320,KGLDIDPM_03364,CFOCILDN_02005
group_79,,hypothetical protein,MFCJNMFM_02253,JIEPOILB_03008,MHMAIFBA_02206,KGLDIDPM_02256,CFOCILDN_00816
smdA,smdA,multidrug efflux ABC transporter permease/ATP-binding subunit SmdA,MFCJNMFM_03893,JIEPOILB_03897,MHMAIFBA_03959,KGLDIDPM_03897,CFOCILDN_02550
fucI,fucI,L-fucose isomerase,MFCJNMFM_01024,JIEPOILB_01024,MHMAIFBA_01021,KGLDIDPM_01023,CFOCILDN_01423
smdB,smdB,multidrug efflux ABC transporter permease/ATP-binding subunit SmdB,MFCJNMFM_03892,JIEPOILB_03896,MHMAIFBA_03958,KGLDIDPM_03896,CFOCILDN_02549
narX,narX,Nitrate/nitrite sensor protein NarX,MFCJNMFM_02122,JIEPOILB_03139,MHMAIFBA_02074,KGLDIDPM_02125,CFOCILDN_02423
aceK,aceK,Isocitrate dehydrogenase kinase/phosphatase,MFCJNMFM_04822,JIEPOILB_04826,MHMAIFBA_04784,KGLDIDPM_04826,CFOCILDN_03603
group_77,,hypothetical protein,MFCJNMFM_03117,JIEPOILB_02143,MHMAIFBA_03095,KGLDIDPM_03121,CFOCILDN_04289
group_76,,Gluconate 2-dehydrogenase flavoprotein,MFCJNMFM_02257,JIEPOILB_03004,MHMAIFBA_02210,KGLDIDPM_02260,CFOCILDN_00812
aspS,aspS,Aspartate--tRNA ligase,MFCJNMFM_01970,JIEPOILB_03290,MHMAIFBA_01906,KGLDIDPM_01973,CFOCILDN_02272
group_75,,hypothetical protein,MFCJNMFM_01826,JIEPOILB_01832,MHMAIFBA_01802,KGLDIDPM_01829,CFOCILDN_02194
acoR,acoR,Acetoin dehydrogenase operon transcriptional activator AcoR,MFCJNMFM_01200,JIEPOILB_01200,MHMAIFBA_01188,KGLDIDPM_01198,CFOCILDN_03934
frdA,frdA,Fumarate reductase flavoprotein subunit,MFCJNMFM_04518,JIEPOILB_04522,MHMAIFBA_04682,KGLDIDPM_04522,CFOCILDN_03028
cdiA,cdiA,tRNA nuclease CdiA,MFCJNMFM_03547,JIEPOILB_03551,MHMAIFBA_03606,KGLDIDPM_03551,CFOCILDN_04451
dsbD_2,dsbD_2,Thiol:disulfide interchange protein DsbD,MFCJNMFM_04490,JIEPOILB_04494,MHMAIFBA_04708,KGLDIDPM_04494,CFOCILDN_03056
cysJ,cysJ,Sulfite reductase [NADPH] flavoprotein alpha-component,MFCJNMFM_01060,JIEPOILB_01060,MHMAIFBA_01058,KGLDIDPM_01059,CFOCILDN_01387
lepA,lepA,Elongation factor 4,MFCJNMFM_01317,JIEPOILB_01318,MHMAIFBA_01311,KGLDIDPM_01315,CFOCILDN_03201
yejA,yejA,putative protein YejA,MFCJNMFM_01681,JIEPOILB_01681,MHMAIFBA_01646,KGLDIDPM_01678,CFOCILDN_03252
kefC_1,kefC_1,Glutathione-regulated potassium-efflux system protein KefC,MFCJNMFM_00424,JIEPOILB_00424,MHMAIFBA_00375,KGLDIDPM_00423,CFOCILDN_04518
nuoC,nuoC,NADH-quinone oxidoreductase subunit C/D,MFCJNMFM_01614,JIEPOILB_01615,MHMAIFBA_01579,KGLDIDPM_01612,CFOCILDN_04120
edd,edd,Phosphogluconate dehydratase,MFCJNMFM_01984,JIEPOILB_03276,MHMAIFBA_01920,KGLDIDPM_01987,CFOCILDN_02286
ade2,ade2,Adenine deaminase 2,MFCJNMFM_01736,JIEPOILB_01736,MHMAIFBA_01702,KGLDIDPM_01733,CFOCILDN_03307
secD,secD,Protein translocase subunit SecD,MFCJNMFM_03945,JIEPOILB_03949,MHMAIFBA_04011,KGLDIDPM_03949,CFOCILDN_02602
malZ,malZ,Maltodextrin glucosidase,MFCJNMFM_03961,JIEPOILB_03965,MHMAIFBA_04027,KGLDIDPM_03965,CFOCILDN_02617
bipA,bipA,Large ribosomal subunit assembly factor BipA,MFCJNMFM_05043,JIEPOILB_05046,MHMAIFBA_05001,KGLDIDPM_05046,CFOCILDN_03888
ddrA,ddrA,Diol dehydratase-reactivating factor large subunit,MFCJNMFM_00692,JIEPOILB_00693,MHMAIFBA_00643,KGLDIDPM_00692,CFOCILDN_01749
recQ,recQ,ATP-dependent DNA helicase RecQ,MFCJNMFM_04903,JIEPOILB_04906,MHMAIFBA_04862,KGLDIDPM_04906,CFOCILDN_04199
hycC,hycC,Formate hydrogenlyase subunit 3,MFCJNMFM_01130,JIEPOILB_01130,MHMAIFBA_01118,KGLDIDPM_01129,CFOCILDN_01318
glmS_3,glmS_3,Glutamine--fructose-6-phosphate aminotransferase [isomerizing],MFCJNMFM_05087,JIEPOILB_05090,MHMAIFBA_05044,KGLDIDPM_05090,CFOCILDN_03740
uvrC,uvrC,UvrABC system protein C,MFCJNMFM_01873,JIEPOILB_01879,MHMAIFBA_01875,KGLDIDPM_01876,CFOCILDN_02241
group_73,,hypothetical protein,MFCJNMFM_01608,JIEPOILB_01609,MHMAIFBA_01573,KGLDIDPM_01606,CFOCILDN_04126
pduG,pduG,Propanediol dehydratase-reactivating factor large subunit,MFCJNMFM_00963,JIEPOILB_00964,MHMAIFBA_00980,KGLDIDPM_00963,CFOCILDN_01479
btuB,btuB,Vitamin B12 transporter BtuB,MFCJNMFM_04965,JIEPOILB_04968,MHMAIFBA_04923,KGLDIDPM_04968,CFOCILDN_03810
nuoL,nuoL,NADH-quinone oxidoreductase subunit L,MFCJNMFM_01622,JIEPOILB_01623,MHMAIFBA_01587,KGLDIDPM_01620,CFOCILDN_04112
rpoD,rpoD,RNA polymerase sigma factor RpoD,MFCJNMFM_00703,JIEPOILB_00704,MHMAIFBA_00654,KGLDIDPM_00703,CFOCILDN_01738
selB,selB,Selenocysteine-specific elongation factor,MFCJNMFM_00220,JIEPOILB_00220,MHMAIFBA_00172,KGLDIDPM_00219,CFOCILDN_02838
mdoD,mdoD,Glucans biosynthesis protein D,MFCJNMFM_02393,JIEPOILB_02868,MHMAIFBA_02342,KGLDIDPM_02395,CFOCILDN_00680
recD,recD,RecBCD enzyme subunit RecD,MFCJNMFM_00943,JIEPOILB_00944,MHMAIFBA_00960,KGLDIDPM_00943,CFOCILDN_01499
group_71,,hypothetical protein,MFCJNMFM_01775,JIEPOILB_01774,MHMAIFBA_01740,KGLDIDPM_01771,CFOCILDN_03345
ilvD,ilvD,Dihydroxy-acid dehydratase,MFCJNMFM_04950,JIEPOILB_04953,MHMAIFBA_04910,KGLDIDPM_04953,CFOCILDN_04246
hscA,hscA,Chaperone protein HscA,MFCJNMFM_01353,JIEPOILB_01354,MHMAIFBA_01347,KGLDIDPM_01351,CFOCILDN_03165
sppA,sppA,Protease 4,MFCJNMFM_03077,JIEPOILB_02183,MHMAIFBA_03047,KGLDIDPM_03081,CFOCILDN_04329
quiC1,quiC1,3-dehydroshikimate dehydratase,MFCJNMFM_02210,JIEPOILB_03051,MHMAIFBA_02163,KGLDIDPM_02213,CFOCILDN_00859
sasA_1,sasA_1,Adaptive-response sensory-kinase SasA,MFCJNMFM_01770,JIEPOILB_01769,MHMAIFBA_01735,KGLDIDPM_01766,CFOCILDN_03340
mutL,mutL,DNA mismatch repair protein MutL,MFCJNMFM_04533,JIEPOILB_04537,MHMAIFBA_04667,KGLDIDPM_04537,CFOCILDN_03015
gsiA_2,gsiA_2,Glutathione import ATP-binding protein GsiA,MFCJNMFM_03418,JIEPOILB_03422,MHMAIFBA_03425,KGLDIDPM_03422,CFOCILDN_02105
dxs,dxs,1-deoxy-D-xylulose-5-phosphate synthase,MFCJNMFM_03932,JIEPOILB_03936,MHMAIFBA_03998,KGLDIDPM_03936,CFOCILDN_02589
bglF_1,bglF_1,PTS system beta-glucoside-specific EIIBCA component,MFCJNMFM_01713,JIEPOILB_01713,MHMAIFBA_01679,KGLDIDPM_01710,CFOCILDN_03284
kefC_2,kefC_2,Glutathione-regulated potassium-efflux system protein KefC,MFCJNMFM_04285,JIEPOILB_04289,MHMAIFBA_04336,KGLDIDPM_04289,CFOCILDN_01112
kup,kup,Low affinity potassium transport system protein Kup,MFCJNMFM_05069,JIEPOILB_05072,MHMAIFBA_05026,KGLDIDPM_05072,CFOCILDN_03722
nfdA_2,nfdA_2,N-substituted formamide deformylase,MFCJNMFM_03956,JIEPOILB_03960,MHMAIFBA_04022,KGLDIDPM_03960,CFOCILDN_02613
group_69,,Endo-4-O-sulfatase,MFCJNMFM_01379,JIEPOILB_01380,MHMAIFBA_01422,KGLDIDPM_01377,CFOCILDN_03139
ppiD,ppiD,Periplasmic chaperone PpiD,MFCJNMFM_03901,JIEPOILB_03905,MHMAIFBA_03967,KGLDIDPM_03905,CFOCILDN_02558
htpG,htpG,Chaperone protein HtpG,MFCJNMFM_03849,JIEPOILB_03853,MHMAIFBA_03915,KGLDIDPM_03853,CFOCILDN_02506
mnmG,mnmG,tRNA uridine 5-carboxymethylaminomethyl modification enzyme MnmG,MFCJNMFM_05075,JIEPOILB_05078,MHMAIFBA_05032,KGLDIDPM_05078,CFOCILDN_03728
thiC,thiC,Phosphomethylpyrimidine synthase,MFCJNMFM_04844,JIEPOILB_04848,MHMAIFBA_04805,KGLDIDPM_04848,CFOCILDN_04778
parE,parE,DNA topoisomerase IV subunit B ParE,MFCJNMFM_00736,JIEPOILB_00737,MHMAIFBA_00687,KGLDIDPM_00736,CFOCILDN_01706
aceF,aceF,Dihydrolipoyllysine-residue acetyltransferase component of pyruvate dehydrogenase complex,MFCJNMFM_04210,JIEPOILB_04214,MHMAIFBA_04261,KGLDIDPM_04214,CFOCILDN_01187
mdrA,mdrA,peptidoglycan DD-transpeptidase MrdA,MFCJNMFM_03538,JIEPOILB_03542,MHMAIFBA_03615,KGLDIDPM_03542,CFOCILDN_04442
yheS_1,yheS_1,putative ATP-binding protein YheS,MFCJNMFM_00422,JIEPOILB_00422,MHMAIFBA_00373,KGLDIDPM_00421,CFOCILDN_04516
dnaX,dnaX,DNA polymerase III subunit tau,MFCJNMFM_03852,JIEPOILB_03856,MHMAIFBA_03918,KGLDIDPM_03856,CFOCILDN_02509
uup_2,uup_2,ATP-binding protein Uup,MFCJNMFM_03304,JIEPOILB_03308,MHMAIFBA_03264,KGLDIDPM_03308,CFOCILDN_01949
mtlA,mtlA,PTS system mannitol-specific EIICBA component,MFCJNMFM_00215,JIEPOILB_00215,MHMAIFBA_00167,KGLDIDPM_00214,CFOCILDN_02843
licR,licR,putative licABCH operon regulator,MFCJNMFM_04609,JIEPOILB_04613,MHMAIFBA_04596,KGLDIDPM_04613,CFOCILDN_02940
mrdA,mrdA,Peptidoglycan DD-transpeptidase MrdA,MFCJNMFM_02530,JIEPOILB_02730,MHMAIFBA_02468,KGLDIDPM_02532,CFOCILDN_00544
yoaA,yoaA,ATP-dependent DNA helicase YoaA,MFCJNMFM_02027,JIEPOILB_03234,MHMAIFBA_01962,KGLDIDPM_02030,CFOCILDN_02328
iolC,iolC,5-dehydro-2-deoxygluconokinase,MFCJNMFM_04645,JIEPOILB_04649,MHMAIFBA_04559,KGLDIDPM_04649,CFOCILDN_02904
dnaK_2,dnaK_2,Chaperone protein DnaK,MFCJNMFM_04315,JIEPOILB_04319,MHMAIFBA_04366,KGLDIDPM_04319,CFOCILDN_01082
dhaR,dhaR,PTS-dependent dihydroxyacetone kinase operon regulatory protein,MFCJNMFM_00684,JIEPOILB_00685,MHMAIFBA_00635,KGLDIDPM_00684,CFOCILDN_01757
thrS,thrS,Threonine--tRNA ligase,MFCJNMFM_02158,JIEPOILB_03103,MHMAIFBA_02110,KGLDIDPM_02161,CFOCILDN_00911
deaD,deaD,ATP-dependent RNA helicase DeaD,MFCJNMFM_00604,JIEPOILB_00605,MHMAIFBA_00556,KGLDIDPM_00604,CFOCILDN_01837
yeaG,yeaG,Serine/threonine kinase YeaG,MFCJNMFM_03088,JIEPOILB_02172,MHMAIFBA_03066,KGLDIDPM_03092,CFOCILDN_04318
rnb,rnb,Exoribonuclease 2,MFCJNMFM_02997,JIEPOILB_02263,MHMAIFBA_02963,KGLDIDPM_03000,CFOCILDN_00077
slt,slt,Soluble lytic murein transglycosylase,MFCJNMFM_04338,JIEPOILB_04342,MHMAIFBA_04389,KGLDIDPM_04342,CFOCILDN_01059
mdtO,mdtO,Multidrug resistance protein MdtO,MFCJNMFM_00871,JIEPOILB_00872,MHMAIFBA_00887,KGLDIDPM_00871,CFOCILDN_01570
iolD,iolD,3D-(35/4)-trihydroxycyclohexane-12-dione hydrolase,MFCJNMFM_04646,JIEPOILB_04650,MHMAIFBA_04558,KGLDIDPM_04650,CFOCILDN_02903
macB,macB,Macrolide export ATP-binding/permease protein MacB,MFCJNMFM_03367,JIEPOILB_03371,MHMAIFBA_03327,KGLDIDPM_03371,CFOCILDN_02012
csrD,csrD,RNase E specificity factor CsrD,MFCJNMFM_00523,JIEPOILB_00524,MHMAIFBA_00474,KGLDIDPM_00523,CFOCILDN_01918
cpdB,cpdB,2'3'-cyclic-nucleotide 2'-phosphodiesterase/3'-nucleotidase,MFCJNMFM_04571,JIEPOILB_04575,MHMAIFBA_04629,KGLDIDPM_04575,CFOCILDN_02977
norR_1,norR_1,Anaerobic nitric oxide reductase transcription regulator NorR,MFCJNMFM_01029,JIEPOILB_01029,MHMAIFBA_01026,KGLDIDPM_01028,CFOCILDN_01418
ftsH_1,ftsH_1,ATP-dependent zinc metalloprotease FtsH,MFCJNMFM_00586,JIEPOILB_00587,MHMAIFBA_00538,KGLDIDPM_00586,CFOCILDN_01855
topB_1,topB_1,DNA topoisomerase 3,MFCJNMFM_03071,JIEPOILB_02189,MHMAIFBA_03041,KGLDIDPM_03075,CFOCILDN_00003
ccmF,ccmF,Cytochrome c-type biogenesis protein CcmF,MFCJNMFM_02264,JIEPOILB_02997,MHMAIFBA_02217,KGLDIDPM_02267,CFOCILDN_00805
nagE,nagE,PTS system N-acetylglucosamine-specific EIICBA component,MFCJNMFM_03571,JIEPOILB_03575,MHMAIFBA_03583,KGLDIDPM_03575,CFOCILDN_04587
rlhA,rlhA,23S rRNA 5-hydroxycytidine synthase,MFCJNMFM_02403,JIEPOILB_02858,MHMAIFBA_02352,KGLDIDPM_02405,CFOCILDN_00670
aaeB_1,aaeB_1,p-hydroxybenzoic acid efflux pump subunit AaeB,MFCJNMFM_00534,JIEPOILB_00535,MHMAIFBA_00486,KGLDIDPM_00534,CFOCILDN_01907
etpD,etpD,variant type II secretion system secretin EtpD,MFCJNMFM_04169,JIEPOILB_04173,MHMAIFBA_04217,KGLDIDPM_04173,CFOCILDN_01228
cirA,cirA,catecholate siderophore receptor CirA,MFCJNMFM_01698,JIEPOILB_01698,MHMAIFBA_01663,KGLDIDPM_01695,CFOCILDN_03269
speA,speA,Biosynthetic arginine decarboxylase,MFCJNMFM_00796,JIEPOILB_00797,MHMAIFBA_00813,KGLDIDPM_00796,CFOCILDN_01646
glgX,glgX,Glycogen debranching enzyme,MFCJNMFM_00362,JIEPOILB_00362,MHMAIFBA_00313,KGLDIDPM_00361,CFOCILDN_02699
fhuB,fhuB,Iron(3+)-hydroxamate import system permease protein FhuB,MFCJNMFM_04161,JIEPOILB_04165,MHMAIFBA_04209,KGLDIDPM_04165,CFOCILDN_01236
aegA_3,aegA_3,Putative oxidoreductase AegA,MFCJNMFM_01411,JIEPOILB_01412,MHMAIFBA_01453,KGLDIDPM_01409,CFOCILDN_03107
arnA,arnA,Bifunctional polymyxin resistance protein ArnA,MFCJNMFM_00314,JIEPOILB_00314,MHMAIFBA_00266,KGLDIDPM_00313,CFOCILDN_02746
mnmC,mnmC,tRNA 5-methylaminomethyl-2-thiouridine biosynthesis bifunctional protein MnmC,MFCJNMFM_01577,JIEPOILB_01578,MHMAIFBA_01542,KGLDIDPM_01575,CFOCILDN_04157
cyoB,cyoB,Cytochrome bo(3) ubiquinol oxidase subunit 1,MFCJNMFM_03911,JIEPOILB_03915,MHMAIFBA_03977,KGLDIDPM_03915,CFOCILDN_02568
pgtB,pgtB,Phosphoglycerate transport system sensor protein PgtB,MFCJNMFM_02621,JIEPOILB_02639,MHMAIFBA_02554,KGLDIDPM_02623,CFOCILDN_00453
tktB,tktB,Transketolase 2,MFCJNMFM_01414,JIEPOILB_01415,MHMAIFBA_01456,KGLDIDPM_01412,CFOCILDN_03104
tmcA,tmcA,tRNA(Met) cytidine acetyltransferase TmcA,MFCJNMFM_01405,JIEPOILB_01406,MHMAIFBA_01447,KGLDIDPM_01403,CFOCILDN_03113
pdeK,pdeK,putative cyclic di-GMP phosphodiesterase PdeK,MFCJNMFM_00280,JIEPOILB_00280,MHMAIFBA_00232,KGLDIDPM_00279,CFOCILDN_02780
dsbD_1,dsbD_1,Thiol:disulfide interchange protein DsbD,MFCJNMFM_00837,JIEPOILB_00838,MHMAIFBA_00854,KGLDIDPM_00837,CFOCILDN_01604
ligA,ligA,DNA ligase,MFCJNMFM_01456,JIEPOILB_01457,MHMAIFBA_01497,KGLDIDPM_01454,CFOCILDN_03063
rep,rep,ATP-dependent DNA helicase Rep,MFCJNMFM_04944,JIEPOILB_04947,MHMAIFBA_04904,KGLDIDPM_04947,CFOCILDN_04240
uvrB,uvrB,UvrABC system protein B,MFCJNMFM_03478,JIEPOILB_03482,MHMAIFBA_03486,KGLDIDPM_03482,CFOCILDN_02165
fadH,fadH,24-dienoyl-CoA reductase [(2E)-enoyl-CoA-producing],MFCJNMFM_00667,JIEPOILB_00668,MHMAIFBA_00618,KGLDIDPM_00667,CFOCILDN_01774
aaeB_2,aaeB_2,p-hydroxybenzoic acid efflux pump subunit AaeB,MFCJNMFM_02353,JIEPOILB_02908,MHMAIFBA_02302,KGLDIDPM_02355,CFOCILDN_00720
ptrB,ptrB,Protease 2,MFCJNMFM_01989,JIEPOILB_03271,MHMAIFBA_01925,KGLDIDPM_01992,CFOCILDN_02291
group_61,,NADH oxidase,MFCJNMFM_04253,JIEPOILB_04257,MHMAIFBA_04304,KGLDIDPM_04257,CFOCILDN_01144
betT,betT,High-affinity choline transport protein,MFCJNMFM_03709,JIEPOILB_03713,MHMAIFBA_03698,KGLDIDPM_03713,CFOCILDN_03648
malS,malS,Periplasmic alpha-amylase,MFCJNMFM_00223,JIEPOILB_00223,MHMAIFBA_00175,KGLDIDPM_00222,CFOCILDN_02835
metG,metG,Methionine--tRNA ligase,MFCJNMFM_01730,JIEPOILB_01730,MHMAIFBA_01696,KGLDIDPM_01727,CFOCILDN_03301
prlC,prlC,Oligopeptidase A,MFCJNMFM_00296,JIEPOILB_00296,MHMAIFBA_00248,KGLDIDPM_00295,CFOCILDN_02764
paaZ,paaZ,Bifunctional protein PaaZ,MFCJNMFM_02887,JIEPOILB_02373,MHMAIFBA_02792,KGLDIDPM_02889,CFOCILDN_00187
dcp,dcp,Dipeptidyl carboxypeptidase,MFCJNMFM_02764,JIEPOILB_02496,MHMAIFBA_02667,KGLDIDPM_02766,CFOCILDN_00310
kdpB,kdpB,Potassium-transporting ATPase ATP-binding subunit,MFCJNMFM_03587,JIEPOILB_03591,MHMAIFBA_03568,KGLDIDPM_03591,CFOCILDN_04603
prc,prc,Tail-specific protease,MFCJNMFM_02005,JIEPOILB_03255,MHMAIFBA_01941,KGLDIDPM_02008,CFOCILDN_02307
group_60,,hypothetical protein,MFCJNMFM_00284,JIEPOILB_00284,MHMAIFBA_00236,KGLDIDPM_00283,CFOCILDN_02776
helD,helD,DNA helicase IV,MFCJNMFM_03292,JIEPOILB_03296,MHMAIFBA_03252,KGLDIDPM_03296,CFOCILDN_01937
bglY,bglY,Beta-galactosidase BglY,MFCJNMFM_03873,JIEPOILB_03877,MHMAIFBA_03939,KGLDIDPM_03877,CFOCILDN_02530
ppk,ppk,Polyphosphate kinase,MFCJNMFM_01386,JIEPOILB_01387,MHMAIFBA_01429,KGLDIDPM_01384,CFOCILDN_03132
glyS,glyS,Glycine--tRNA ligase beta subunit,MFCJNMFM_00236,JIEPOILB_00236,MHMAIFBA_00188,KGLDIDPM_00235,CFOCILDN_02822
cntO,cntO,Metal-pseudopaline receptor CntO,MFCJNMFM_02235,JIEPOILB_03026,MHMAIFBA_02188,KGLDIDPM_02238,CFOCILDN_00834
fhlA,fhlA,Formate hydrogenlyase transcriptional activator,MFCJNMFM_01122,JIEPOILB_01122,MHMAIFBA_01110,KGLDIDPM_01121,CFOCILDN_01326
group_59,,hypothetical protein,MFCJNMFM_00416,JIEPOILB_00416,MHMAIFBA_00367,KGLDIDPM_00415,CFOCILDN_04510
recG,recG,ATP-dependent DNA helicase RecG,MFCJNMFM_00110,JIEPOILB_00109,MHMAIFBA_00109,KGLDIDPM_00109,CFOCILDN_04340
group_58,,hypothetical protein,MFCJNMFM_04488,JIEPOILB_04492,MHMAIFBA_04710,KGLDIDPM_04492,CFOCILDN_03058
malQ,malQ,4-alpha-glucanotransferase,MFCJNMFM_00374,JIEPOILB_00374,MHMAIFBA_00325,KGLDIDPM_00373,CFOCILDN_02687
fusA1_2,fusA1_2,elongation factor G FusA1,MFCJNMFM_01809,JIEPOILB_01815,MHMAIFBA_01785,KGLDIDPM_01812,CFOCILDN_04820
cstA,cstA,Peptide transporter CstA,MFCJNMFM_03679,JIEPOILB_03683,MHMAIFBA_03668,KGLDIDPM_03683,CFOCILDN_03618
rlmL,rlmL,Ribosomal RNA large subunit methyltransferase K/L,MFCJNMFM_03305,JIEPOILB_03309,MHMAIFBA_03265,KGLDIDPM_03309,CFOCILDN_01950
pqqU,pqqU,Pyrroloquinoline quinone transporter,MFCJNMFM_02431,JIEPOILB_02829,MHMAIFBA_02379,KGLDIDPM_02433,CFOCILDN_00643
fusA1_1,fusA1_1,elongation factor G FusA1,MFCJNMFM_00435,JIEPOILB_00435,MHMAIFBA_00386,KGLDIDPM_00434,CFOCILDN_04529
lpoA,lpoA,Penicillin-binding protein activator LpoA,MFCJNMFM_00619,JIEPOILB_00620,MHMAIFBA_00571,KGLDIDPM_00619,CFOCILDN_01822
fhuA_1,fhuA_1,Ferrichrome outer membrane transporter/phage receptor,MFCJNMFM_02048,JIEPOILB_03213,MHMAIFBA_01983,KGLDIDPM_02051,CFOCILDN_02349
spoT,spoT,Bifunctional (p)ppGpp synthase/hydrolase SpoT,MFCJNMFM_00112,JIEPOILB_00111,MHMAIFBA_00111,KGLDIDPM_00111,CFOCILDN_04338
rafA,rafA,Alpha-galactosidase,MFCJNMFM_05017,JIEPOILB_05020,MHMAIFBA_04975,KGLDIDPM_05020,CFOCILDN_03862
igaA,igaA,Intracellular growth attenuator protein IgaA,MFCJNMFM_00391,JIEPOILB_00391,MHMAIFBA_00342,KGLDIDPM_00390,CFOCILDN_04485
yccS,yccS,Inner membrane protein YccS,MFCJNMFM_03294,JIEPOILB_03298,MHMAIFBA_03254,KGLDIDPM_03298,CFOCILDN_01939
pnp,pnp,Polyribonucleotide nucleotidyltransferase,MFCJNMFM_00602,JIEPOILB_00603,MHMAIFBA_00554,KGLDIDPM_00602,CFOCILDN_01839
nrdD,nrdD,Anaerobic ribonucleoside-triphosphate reductase,MFCJNMFM_04613,JIEPOILB_04617,MHMAIFBA_04592,KGLDIDPM_04617,CFOCILDN_02936
speC,speC,Constitutive ornithine decarboxylase,MFCJNMFM_00773,JIEPOILB_00774,MHMAIFBA_00790,KGLDIDPM_00773,CFOCILDN_01669
nrdE,nrdE,Ribonucleoside-diphosphate reductase 2 subunit alpha,MFCJNMFM_01184,JIEPOILB_01184,MHMAIFBA_01173,KGLDIDPM_01182,CFOCILDN_03919
cadA,cadA,Inducible lysine decarboxylase,MFCJNMFM_03803,JIEPOILB_03807,MHMAIFBA_03799,KGLDIDPM_03807,CFOCILDN_02459
pta,pta,Phosphate acetyltransferase,MFCJNMFM_01603,JIEPOILB_01604,MHMAIFBA_01568,KGLDIDPM_01601,CFOCILDN_04131
btsT,btsT,Pyruvate/proton symporter BtsT,MFCJNMFM_04417,JIEPOILB_04421,MHMAIFBA_04466,KGLDIDPM_04421,CFOCILDN_00982
fdhF_1,fdhF_1,Formate dehydrogenase H,MFCJNMFM_02250,JIEPOILB_03011,MHMAIFBA_02203,KGLDIDPM_02253,CFOCILDN_00819
aas,aas,Bifunctional protein Aas,MFCJNMFM_00926,JIEPOILB_00927,MHMAIFBA_00943,KGLDIDPM_00926,CFOCILDN_01516
uvrD,uvrD,DNA helicase II,MFCJNMFM_04908,JIEPOILB_04911,MHMAIFBA_04867,KGLDIDPM_04911,CFOCILDN_04204
dinG,dinG,ATP-dependent DNA helicase DinG,MFCJNMFM_03451,JIEPOILB_03455,MHMAIFBA_03458,KGLDIDPM_03455,CFOCILDN_02138
katG,katG,Catalase-peroxidase,MFCJNMFM_02526,JIEPOILB_02734,MHMAIFBA_02464,KGLDIDPM_02528,CFOCILDN_00548
iroN,iroN,siderophore salmochelin receptor IroN,MFCJNMFM_03035,JIEPOILB_02225,MHMAIFBA_03005,KGLDIDPM_03038,CFOCILDN_00039
group_54,,hypothetical protein,MFCJNMFM_00746,JIEPOILB_00747,MHMAIFBA_00697,KGLDIDPM_00746,CFOCILDN_01696
glgB,glgB,14-alpha-glucan branching enzyme GlgB,MFCJNMFM_00361,JIEPOILB_00361,MHMAIFBA_00312,KGLDIDPM_00360,CFOCILDN_02700
ldcC,ldcC,Constitutive lysine decarboxylase,MFCJNMFM_04130,JIEPOILB_04134,MHMAIFBA_04178,KGLDIDPM_04134,CFOCILDN_01267
fadB,fadB,Fatty acid oxidation complex subunit alpha,MFCJNMFM_04880,JIEPOILB_04883,MHMAIFBA_04839,KGLDIDPM_04883,CFOCILDN_04176
iutA,iutA,ferric aerobactin receptor IutA,MFCJNMFM_03173,JIEPOILB_02087,MHMAIFBA_03141,KGLDIDPM_03177,CFOCILDN_03376
group_53,,hypothetical protein,MFCJNMFM_01120,JIEPOILB_01120,MHMAIFBA_01108,KGLDIDPM_01119,CFOCILDN_01328
priA,priA,Replication restart protein PriA,MFCJNMFM_04990,JIEPOILB_04993,MHMAIFBA_04948,KGLDIDPM_04993,CFOCILDN_03835
ybiO,ybiO,Moderate conductance mechanosensitive channel YbiO,MFCJNMFM_03444,JIEPOILB_03448,MHMAIFBA_03451,KGLDIDPM_03448,CFOCILDN_02131
fcuA,fcuA,Ferrichrome receptor FcuA,MFCJNMFM_03758,JIEPOILB_03762,MHMAIFBA_03757,KGLDIDPM_03762,CFOCILDN_03696
zntA,zntA,Zinc/cadmium/lead-transporting P-type ATPase,MFCJNMFM_00324,JIEPOILB_00324,MHMAIFBA_00276,KGLDIDPM_00323,CFOCILDN_02736
pdeA,pdeA,putative cyclic di-GMP phosphodiesterase PdeA,MFCJNMFM_01469,JIEPOILB_01470,MHMAIFBA_01510,KGLDIDPM_01467,CFOCILDN_04575
fepA_1,fepA_1,Ferrienterobactin receptor,MFCJNMFM_03693,JIEPOILB_03697,MHMAIFBA_03682,KGLDIDPM_03697,CFOCILDN_03632
pdeF,pdeF,Cyclic di-GMP phosphodiesterase PdeF,MFCJNMFM_01384,JIEPOILB_01385,MHMAIFBA_01427,KGLDIDPM_01382,CFOCILDN_03134
hypF,hypF,Carbamoyltransferase HypF,MFCJNMFM_01142,JIEPOILB_01142,MHMAIFBA_01130,KGLDIDPM_01141,CFOCILDN_01306
relA,relA,GTP pyrophosphokinase,MFCJNMFM_01053,JIEPOILB_01053,MHMAIFBA_01051,KGLDIDPM_01052,CFOCILDN_01394
ptsP,ptsP,Phosphoenolpyruvate-dependent phosphotransferase system,MFCJNMFM_00933,JIEPOILB_00934,MHMAIFBA_00950,KGLDIDPM_00933,CFOCILDN_01509
fepA_2,fepA_2,Ferrienterobactin receptor,MFCJNMFM_04769,JIEPOILB_04773,MHMAIFBA_04731,KGLDIDPM_04773,CFOCILDN_03552
katE,katE,Catalase HPII,MFCJNMFM_03043,JIEPOILB_02217,MHMAIFBA_03013,KGLDIDPM_03046,CFOCILDN_00031
parC,parC,DNA topoisomerase IV subunit A ParC,MFCJNMFM_00743,JIEPOILB_00744,MHMAIFBA_00694,KGLDIDPM_00743,CFOCILDN_01699
metE,metE,5-methyltetrahydropteroyltriglutamate--homocysteine methyltransferase,MFCJNMFM_04895,JIEPOILB_04898,MHMAIFBA_04854,KGLDIDPM_04898,CFOCILDN_04191
group_52,,hypothetical protein,MFCJNMFM_03339,JIEPOILB_03343,MHMAIFBA_03299,KGLDIDPM_03343,CFOCILDN_01984
maoA,maoA,Primary amine oxidase,MFCJNMFM_02888,JIEPOILB_02372,MHMAIFBA_02793,KGLDIDPM_02890,CFOCILDN_00186
clpA,clpA,ATP-dependent Clp protease ATP-binding subunit ClpA,MFCJNMFM_03364,JIEPOILB_03368,MHMAIFBA_03324,KGLDIDPM_03368,CFOCILDN_02009
maeB,maeB,NADP-dependent malic enzyme,MFCJNMFM_01416,JIEPOILB_01417,MHMAIFBA_01458,KGLDIDPM_01414,CFOCILDN_03102
pflB,pflB,Formate acetyltransferase 1,MFCJNMFM_03348,JIEPOILB_03352,MHMAIFBA_03308,KGLDIDPM_03352,CFOCILDN_01993
fiu,fiu,Catecholate siderophore receptor Fiu,MFCJNMFM_03029,JIEPOILB_02231,MHMAIFBA_02999,KGLDIDPM_03032,CFOCILDN_00045
group_50,,hypothetical protein,MFCJNMFM_02532,JIEPOILB_02728,MHMAIFBA_02470,KGLDIDPM_02534,CFOCILDN_00542
nrdA,nrdA,Ribonucleoside-diphosphate reductase 1 subunit alpha,MFCJNMFM_01648,JIEPOILB_01649,MHMAIFBA_01614,KGLDIDPM_01646,CFOCILDN_03220
mdoB,mdoB,Phosphoglycerol transferase I,MFCJNMFM_04376,JIEPOILB_04380,MHMAIFBA_04427,KGLDIDPM_04380,CFOCILDN_01023
group_49,,Beta-xylosidase,MFCJNMFM_01721,JIEPOILB_01721,MHMAIFBA_01687,KGLDIDPM_01718,CFOCILDN_03292
tdcE,tdcE,PFL-like enzyme TdcE,MFCJNMFM_02061,JIEPOILB_03200,MHMAIFBA_01995,KGLDIDPM_02064,CFOCILDN_02362
ydeP,ydeP,Protein YdeP,MFCJNMFM_02514,JIEPOILB_02746,MHMAIFBA_02459,KGLDIDPM_02516,CFOCILDN_00560
dmsA_2,dmsA_2,Dimethyl sulfoxide/trimethylamine N-oxide reductase,MFCJNMFM_03512,JIEPOILB_03516,MHMAIFBA_03641,KGLDIDPM_03516,CFOCILDN_04416
yicI,yicI,Alpha-xylosidase,MFCJNMFM_00092,JIEPOILB_00091,MHMAIFBA_00091,KGLDIDPM_00091,CFOCILDN_04358
rhaR_2,rhaR_2,HTH-type transcriptional activator RhaR,MFCJNMFM_02985,JIEPOILB_02275,MHMAIFBA_02951,KGLDIDPM_02988,CFOCILDN_00089
pbpC,pbpC,Penicillin-binding protein 1C,MFCJNMFM_01361,JIEPOILB_01362,MHMAIFBA_01355,KGLDIDPM_01359,CFOCILDN_03157
bcsB_2,bcsB_2,Cyclic di-GMP-binding protein,MFCJNMFM_00277,JIEPOILB_00277,MHMAIFBA_00229,KGLDIDPM_00276,CFOCILDN_02783
yhgF,yhgF,Protein YhgF,MFCJNMFM_00383,JIEPOILB_00383,MHMAIFBA_00334,KGLDIDPM_00382,CFOCILDN_04477
bisC,bisC,Biotin sulfoxide reductase,MFCJNMFM_00251,JIEPOILB_00251,MHMAIFBA_00201,KGLDIDPM_00250,CFOCILDN_02809
arcB,arcB,Aerobic respiration control sensor protein ArcB,MFCJNMFM_00555,JIEPOILB_00556,MHMAIFBA_00507,KGLDIDPM_00555,CFOCILDN_01886
lptD,lptD,LPS-assembly protein LptD,MFCJNMFM_04278,JIEPOILB_04282,MHMAIFBA_04329,KGLDIDPM_04282,CFOCILDN_01119
lon_2,lon_2,Lon protease,MFCJNMFM_03903,JIEPOILB_03907,MHMAIFBA_03969,KGLDIDPM_03907,CFOCILDN_02560
polB,polB,DNA polymerase II,MFCJNMFM_04270,JIEPOILB_04274,MHMAIFBA_04321,KGLDIDPM_04274,CFOCILDN_01127
group_45,,hypothetical protein,MFCJNMFM_03428,JIEPOILB_03432,MHMAIFBA_03435,KGLDIDPM_03432,CFOCILDN_02115
group_44,,hypothetical protein,MFCJNMFM_01103,JIEPOILB_01103,MHMAIFBA_01091,KGLDIDPM_01102,CFOCILDN_01345
quiA,quiA,Quinate/shikimate dehydrogenase (quinone),MFCJNMFM_02386,JIEPOILB_02875,MHMAIFBA_02335,KGLDIDPM_02388,CFOCILDN_00687
ppsA,ppsA,Phosphoenolpyruvate synthase,MFCJNMFM_02178,JIEPOILB_03083,MHMAIFBA_02130,KGLDIDPM_02181,CFOCILDN_00891
pheT,pheT,Phenylalanine--tRNA ligase beta subunit,MFCJNMFM_02163,JIEPOILB_03098,MHMAIFBA_02115,KGLDIDPM_02166,CFOCILDN_00906
gcd,gcd,Quinoprotein glucose dehydrogenase,MFCJNMFM_04197,JIEPOILB_04201,MHMAIFBA_04245,KGLDIDPM_04201,CFOCILDN_01200
malP_4,malP_4,Maltodextrin phosphorylase,MFCJNMFM_00373,JIEPOILB_00373,MHMAIFBA_00324,KGLDIDPM_00372,CFOCILDN_02688
fdnG_2,fdnG_2,Formate dehydrogenase nitrate-inducible major subunit,MFCJNMFM_02476,JIEPOILB_02784,MHMAIFBA_02420,KGLDIDPM_02478,CFOCILDN_00598
fdoG_2,fdoG_2,Formate dehydrogenase-O major subunit,MFCJNMFM_05032,JIEPOILB_05035,MHMAIFBA_04990,KGLDIDPM_05035,CFOCILDN_03877
group_41,,hypothetical protein,MFCJNMFM_03831,JIEPOILB_03835,MHMAIFBA_03896,KGLDIDPM_03835,CFOCILDN_02487
gyrB,gyrB,DNA topoisomerase (ATP-hydrolyzing) subunit B GyrB,MFCJNMFM_00004,JIEPOILB_00004,MHMAIFBA_00004,KGLDIDPM_00004,CFOCILDN_03762
plsB,plsB,Glycerol-3-phosphate acyltransferase,MFCJNMFM_04788,JIEPOILB_04792,MHMAIFBA_04751,KGLDIDPM_04792,CFOCILDN_03571
bamA_2,bamA_2,Outer membrane protein assembly factor BamA,MFCJNMFM_04766,JIEPOILB_04770,MHMAIFBA_04728,KGLDIDPM_04770,CFOCILDN_03549
hrpB,hrpB,ATP-dependent RNA helicase HrpB,MFCJNMFM_04181,JIEPOILB_04185,MHMAIFBA_04229,KGLDIDPM_04185,CFOCILDN_01216
bamA_1,bamA_1,Outer membrane protein assembly factor BamA,MFCJNMFM_04139,JIEPOILB_04143,MHMAIFBA_04187,KGLDIDPM_04143,CFOCILDN_01258
metL,metL,Bifunctional aspartokinase/homoserine dehydrogenase 2,MFCJNMFM_04986,JIEPOILB_04989,MHMAIFBA_04944,KGLDIDPM_04989,CFOCILDN_03831
rnr,rnr,Ribonuclease R,MFCJNMFM_04543,JIEPOILB_04547,MHMAIFBA_04657,KGLDIDPM_04547,CFOCILDN_03005
ybiW,ybiW,putative dehydratase YbiW,MFCJNMFM_03423,JIEPOILB_03427,MHMAIFBA_03430,KGLDIDPM_03427,CFOCILDN_02110
htrE_2,htrE_2,Outer membrane usher protein HtrE,MFCJNMFM_03810,JIEPOILB_03814,MHMAIFBA_03806,KGLDIDPM_03814,CFOCILDN_02466
bcsB_1,bcsB_1,Cyclic di-GMP-binding protein,MFCJNMFM_00267,JIEPOILB_00267,MHMAIFBA_00219,KGLDIDPM_00266,CFOCILDN_02793
dmsA_1,dmsA_1,Dimethyl sulfoxide reductase DmsA,MFCJNMFM_03353,JIEPOILB_03357,MHMAIFBA_03313,KGLDIDPM_03357,CFOCILDN_01998
fadE,fadE,Acyl-coenzyme A dehydrogenase,MFCJNMFM_04094,JIEPOILB_04098,MHMAIFBA_04144,KGLDIDPM_04098,CFOCILDN_04015
malP_3,malP_3,Maltodextrin phosphorylase,MFCJNMFM_00365,JIEPOILB_00365,MHMAIFBA_00316,KGLDIDPM_00364,CFOCILDN_02696
thrA,thrA,Bifunctional aspartokinase/homoserine dehydrogenase 1,MFCJNMFM_04327,JIEPOILB_04331,MHMAIFBA_04378,KGLDIDPM_04331,CFOCILDN_01070
htrE_1,htrE_1,Outer membrane usher protein HtrE,MFCJNMFM_00893,JIEPOILB_00894,MHMAIFBA_00908,KGLDIDPM_00893,CFOCILDN_01549
copA,copA,Copper-exporting P-type ATPase,MFCJNMFM_03840,JIEPOILB_03844,MHMAIFBA_03906,KGLDIDPM_03844,CFOCILDN_02497
group_35,fimD_1,Outer membrane usher protein FimD,MFCJNMFM_02671,JIEPOILB_02589,MHMAIFBA_02605,KGLDIDPM_02673,CFOCILDN_00402
ecpC,ecpC,putative outer membrane usher protein EcpC,MFCJNMFM_04012,JIEPOILB_04016,MHMAIFBA_04078,KGLDIDPM_04016,CFOCILDN_02668
mdoH,mdoH,Glucans biosynthesis glucosyltransferase H,MFCJNMFM_03217,JIEPOILB_02043,MHMAIFBA_03186,KGLDIDPM_03221,CFOCILDN_03420
nasD,nasD,Nitrite reductase [NAD(P)H],MFCJNMFM_00407,JIEPOILB_00407,MHMAIFBA_00358,KGLDIDPM_00406,CFOCILDN_04501
mrcB,mrcB,Penicillin-binding protein 1B,MFCJNMFM_04165,JIEPOILB_04169,MHMAIFBA_04213,KGLDIDPM_04169,CFOCILDN_01232
mrcA,mrcA,Penicillin-binding protein 1A,MFCJNMFM_00393,JIEPOILB_00393,MHMAIFBA_00344,KGLDIDPM_00392,CFOCILDN_04487
clpB,clpB,Chaperone protein ClpB,MFCJNMFM_01233,JIEPOILB_01233,MHMAIFBA_01289,KGLDIDPM_01231,CFOCILDN_03997
leuS,leuS,Leucine--tRNA ligase,MFCJNMFM_03545,JIEPOILB_03549,MHMAIFBA_03608,KGLDIDPM_03549,CFOCILDN_04449
acnB,acnB,Aconitate hydratase B,MFCJNMFM_04205,JIEPOILB_04209,MHMAIFBA_04256,KGLDIDPM_04209,CFOCILDN_01192
topA_2,topA_2,DNA topoisomerase 1,MFCJNMFM_03010,JIEPOILB_02250,MHMAIFBA_02976,KGLDIDPM_03013,CFOCILDN_00064
nasA,nasA,Nitrate reductase,MFCJNMFM_02119,JIEPOILB_03142,MHMAIFBA_02071,KGLDIDPM_02122,CFOCILDN_02420
sfaF,sfaF,S/F1C fimbrial biogenesis usher protein SfaF/FocD,MFCJNMFM_00880,JIEPOILB_00881,MHMAIFBA_00896,KGLDIDPM_00880,CFOCILDN_01561
pepN,pepN,Aminopeptidase N,MFCJNMFM_03314,JIEPOILB_03318,MHMAIFBA_03274,KGLDIDPM_03318,CFOCILDN_01959
bcsA,bcsA,Cellulose synthase catalytic subunit [UDP-forming],MFCJNMFM_00276,JIEPOILB_00276,MHMAIFBA_00228,KGLDIDPM_00275,CFOCILDN_02784
alaS,alaS,Alanine--tRNA ligase,MFCJNMFM_01162,JIEPOILB_01162,MHMAIFBA_01150,KGLDIDPM_01161,CFOCILDN_01286
cyaA,cyaA,adenylate cyclase CyaA,MFCJNMFM_04915,JIEPOILB_04918,MHMAIFBA_04874,KGLDIDPM_04918,CFOCILDN_04211
letB,letB,Lipophilic envelope-spanning tunnel protein B,MFCJNMFM_02001,JIEPOILB_03259,MHMAIFBA_01937,KGLDIDPM_02004,CFOCILDN_02303
gyrA,gyrA,DNA gyrase subunit A GyrA,MFCJNMFM_01650,JIEPOILB_01651,MHMAIFBA_01616,KGLDIDPM_01648,CFOCILDN_03222
ydbH,ydbH,putative phospholipid transport protein YdbH,MFCJNMFM_02895,JIEPOILB_02365,MHMAIFBA_02800,KGLDIDPM_02897,CFOCILDN_00179
ppc,ppc,Phosphoenolpyruvate carboxylase,MFCJNMFM_04975,JIEPOILB_04978,MHMAIFBA_04933,KGLDIDPM_04978,CFOCILDN_03820
clpV1,clpV1,AAA+ ATPase ClpV1,MFCJNMFM_02950,JIEPOILB_02310,MHMAIFBA_02856,KGLDIDPM_02952,CFOCILDN_00124
rcsD,rcsD,Phosphotransferase RcsD,MFCJNMFM_01653,JIEPOILB_01654,MHMAIFBA_01619,KGLDIDPM_01651,CFOCILDN_03225
pat_1,pat_1,Peptidyl-lysine N-acetyltransferase Pat,MFCJNMFM_01241,JIEPOILB_01241,MHMAIFBA_01298,KGLDIDPM_01239,CFOCILDN_03214
aceE,aceE,Pyruvate dehydrogenase E1 component,MFCJNMFM_04211,JIEPOILB_04215,MHMAIFBA_04262,KGLDIDPM_04215,CFOCILDN_01186
glnD,glnD,Bifunctional uridylyltransferase/uridylyl-removing enzyme,MFCJNMFM_04149,JIEPOILB_04153,MHMAIFBA_04197,KGLDIDPM_04153,CFOCILDN_01248
acnA,acnA,Aconitate hydratase A,MFCJNMFM_03007,JIEPOILB_02253,MHMAIFBA_02973,KGLDIDPM_03010,CFOCILDN_00067
adhE_1,adhE_1,Bifunctional aldehyde-alcohol dehydrogenase AdhE,MFCJNMFM_02139,JIEPOILB_03122,MHMAIFBA_02091,KGLDIDPM_02142,CFOCILDN_00930
kdpD,kdpD,Sensor protein KdpD,MFCJNMFM_03585,JIEPOILB_03589,MHMAIFBA_03570,KGLDIDPM_03589,CFOCILDN_04601
infB,infB,Translation initiation factor IF-2,MFCJNMFM_00598,JIEPOILB_00599,MHMAIFBA_00550,KGLDIDPM_00598,CFOCILDN_01843
secA,secA,Protein translocase subunit SecA,MFCJNMFM_04227,JIEPOILB_04231,MHMAIFBA_04278,KGLDIDPM_04231,CFOCILDN_01170
malT_1,malT_1,HTH-type transcriptional regulator MalT,MFCJNMFM_00372,JIEPOILB_00372,MHMAIFBA_00323,KGLDIDPM_00371,CFOCILDN_02689
mgtA,mgtA,Magnesium-transporting ATPase P-type 1,MFCJNMFM_04621,JIEPOILB_04625,MHMAIFBA_04584,KGLDIDPM_04625,CFOCILDN_02928
ctpF_2,ctpF_2,putative cation-transporting ATPase F,MFCJNMFM_03732,JIEPOILB_03736,MHMAIFBA_03723,KGLDIDPM_03736,CFOCILDN_03671
nuoG,nuoG,NADH-quinone oxidoreductase subunit G,MFCJNMFM_01617,JIEPOILB_01618,MHMAIFBA_01582,KGLDIDPM_01615,CFOCILDN_04117
norR_3,norR_3,Anaerobic nitric oxide reductase transcription regulator NorR,MFCJNMFM_03747,JIEPOILB_03751,MHMAIFBA_03738,KGLDIDPM_03751,CFOCILDN_03685
rbbA,rbbA,Ribosome-associated ATPase,MFCJNMFM_04457,JIEPOILB_04461,MHMAIFBA_04494,KGLDIDPM_04461,CFOCILDN_00942
norR_4,norR_4,Anaerobic nitric oxide reductase transcription regulator NorR,MFCJNMFM_04384,JIEPOILB_04388,MHMAIFBA_04435,KGLDIDPM_04388,CFOCILDN_01015
group_23,,NADH:fumarate oxidoreductase,MFCJNMFM_02806,JIEPOILB_02454,MHMAIFBA_02711,KGLDIDPM_02808,CFOCILDN_00268
polA,polA,DNA polymerase I,MFCJNMFM_05050,JIEPOILB_05053,MHMAIFBA_05008,KGLDIDPM_05053,CFOCILDN_03895
sucA,sucA,2-oxoglutarate dehydrogenase E1 component,MFCJNMFM_03605,JIEPOILB_03609,MHMAIFBA_03550,KGLDIDPM_03609,CFOCILDN_04621
uvrA,uvrA,UvrABC system protein A,MFCJNMFM_04772,JIEPOILB_04776,MHMAIFBA_04734,KGLDIDPM_04776,CFOCILDN_03555
glnE,glnE,Bifunctional glutamine synthetase adenylyltransferase/adenylyl-removing enzyme,MFCJNMFM_00722,JIEPOILB_00723,MHMAIFBA_00673,KGLDIDPM_00722,CFOCILDN_01720
rcsC_2,rcsC_2,Sensor histidine kinase RcsC,MFCJNMFM_01651,JIEPOILB_01652,MHMAIFBA_01617,KGLDIDPM_01649,CFOCILDN_03223
ileS,ileS,Isoleucine--tRNA ligase,MFCJNMFM_04309,JIEPOILB_04313,MHMAIFBA_04360,KGLDIDPM_04313,CFOCILDN_01088
valS,valS,Valine--tRNA ligase,MFCJNMFM_04635,JIEPOILB_04639,MHMAIFBA_04570,KGLDIDPM_04639,CFOCILDN_02914
gcvP,gcvP,Glycine dehydrogenase (decarboxylating),MFCJNMFM_00833,JIEPOILB_00834,MHMAIFBA_00850,KGLDIDPM_00833,CFOCILDN_01608
ptrA,ptrA,Protease 3,MFCJNMFM_00941,JIEPOILB_00942,MHMAIFBA_00958,KGLDIDPM_00941,CFOCILDN_01501
rapA,rapA,RNA polymerase-associated protein RapA,MFCJNMFM_04271,JIEPOILB_04275,MHMAIFBA_04322,KGLDIDPM_04275,CFOCILDN_01126
ydiJ,ydiJ,D-2-hydroxyglutarate dehydrogenase,MFCJNMFM_02180,JIEPOILB_03081,MHMAIFBA_02132,KGLDIDPM_02183,CFOCILDN_00889
mdtC,mdtC,Multidrug resistance protein MdtC,MFCJNMFM_01763,JIEPOILB_01762,MHMAIFBA_01728,KGLDIDPM_01759,CFOCILDN_03333
bepG,bepG,multidrug efflux RND transporter permease subunit BepG,MFCJNMFM_03730,JIEPOILB_03734,MHMAIFBA_03721,KGLDIDPM_03734,CFOCILDN_03669
acrD,acrD,putative aminoglycoside efflux pump,MFCJNMFM_02194,JIEPOILB_03067,MHMAIFBA_02147,KGLDIDPM_02197,CFOCILDN_00875
adeE,adeE,multidrug efflux RND transporter permease subunit AdeE,MFCJNMFM_00068,JIEPOILB_00068,MHMAIFBA_00069,KGLDIDPM_00068,CFOCILDN_04381
acrF,acrF,multidrug efflux RND transporter permease subunit AcrF,MFCJNMFM_00487,JIEPOILB_00488,MHMAIFBA_00438,KGLDIDPM_00487,CFOCILDN_01931
acrB_1,acrB_1,multidrug efflux RND transporter permease subunit AcrB,MFCJNMFM_01410,JIEPOILB_01411,MHMAIFBA_01452,KGLDIDPM_01408,CFOCILDN_03108
tmexD1,tmexD1,multidrug efflux RND transporter permease subunit TMexD1,MFCJNMFM_02278,JIEPOILB_02983,MHMAIFBA_02229,KGLDIDPM_02281,CFOCILDN_00794
mdtB,mdtB,Multidrug resistance protein MdtB,MFCJNMFM_01764,JIEPOILB_01763,MHMAIFBA_01729,KGLDIDPM_01760,CFOCILDN_03334
sbcC,sbcC,Nuclease SbcCD subunit C,MFCJNMFM_03967,JIEPOILB_03971,MHMAIFBA_04033,KGLDIDPM_03971,CFOCILDN_02623
acrB_2,acrB_2,multidrug efflux RND transporter permease subunit AcrB,MFCJNMFM_03861,JIEPOILB_03865,MHMAIFBA_03927,KGLDIDPM_03865,CFOCILDN_02518
silA_1,silA_1,Cu(+)/Ag(+) efflux RND transporter permease subunit SilA,MFCJNMFM_04472,JIEPOILB_04476,MHMAIFBA_04509,KGLDIDPM_04476,CFOCILDN_04895
carB,carB,Carbamoyl phosphate synthase large chain,MFCJNMFM_04288,JIEPOILB_04292,MHMAIFBA_04339,KGLDIDPM_04292,CFOCILDN_01109
rne,rne,Ribonuclease E,MFCJNMFM_03198,JIEPOILB_02062,MHMAIFBA_03166,KGLDIDPM_03202,CFOCILDN_03401
rcsC_1,rcsC_1,Sensor histidine kinase RcsC,MFCJNMFM_00697,JIEPOILB_00698,MHMAIFBA_00648,KGLDIDPM_00697,CFOCILDN_01744
group_11,,hypothetical protein,MFCJNMFM_01338,JIEPOILB_01339,MHMAIFBA_01332,KGLDIDPM_01336,CFOCILDN_03180
pulA,pulA,Pullulanase,MFCJNMFM_04167,JIEPOILB_04171,MHMAIFBA_04215,KGLDIDPM_04171,CFOCILDN_01230
mscM,mscM,Miniconductance mechanosensitive channel MscM,MFCJNMFM_04521,JIEPOILB_04525,MHMAIFBA_04679,KGLDIDPM_04525,CFOCILDN_03025
mscK,mscK,Mechanosensitive channel MscK,MFCJNMFM_03858,JIEPOILB_03862,MHMAIFBA_03924,KGLDIDPM_03862,CFOCILDN_02515
recC,recC,RecBCD enzyme subunit RecC,MFCJNMFM_00940,JIEPOILB_00941,MHMAIFBA_00957,KGLDIDPM_00940,CFOCILDN_01502
mfd,mfd,Transcription-repair-coupling factor,MFCJNMFM_03169,JIEPOILB_02091,MHMAIFBA_03137,KGLDIDPM_03173,CFOCILDN_03372
bcsC,bcsC,Cellulose synthase operon protein C,MFCJNMFM_00279,JIEPOILB_00279,MHMAIFBA_00231,KGLDIDPM_00278,CFOCILDN_02781
dnaE,dnaE,DNA polymerase III subunit alpha,MFCJNMFM_04132,JIEPOILB_04136,MHMAIFBA_04180,KGLDIDPM_04136,CFOCILDN_01265
nifJ,nifJ,Pyruvate-flavodoxin oxidoreductase,MFCJNMFM_02900,JIEPOILB_02360,MHMAIFBA_02805,KGLDIDPM_02902,CFOCILDN_00174
recB,recB,RecBCD enzyme subunit RecB,MFCJNMFM_00942,JIEPOILB_00943,MHMAIFBA_00959,KGLDIDPM_00942,CFOCILDN_01500
metH,metH,Methionine synthase,MFCJNMFM_04820,JIEPOILB_04824,MHMAIFBA_04782,KGLDIDPM_04824,CFOCILDN_03601
narZ,narZ,Respiratory nitrate reductase 2 alpha chain,MFCJNMFM_02462,JIEPOILB_02798,MHMAIFBA_02407,KGLDIDPM_02464,CFOCILDN_00612
narG,narG,Respiratory nitrate reductase 1 alpha chain,MFCJNMFM_02124,JIEPOILB_03137,MHMAIFBA_02076,KGLDIDPM_02127,CFOCILDN_02425
tamB,tamB,Translocation and assembly module subunit TamB,MFCJNMFM_04581,JIEPOILB_04585,MHMAIFBA_04622,KGLDIDPM_04585,CFOCILDN_02967
entF,entF,Enterobactin synthase component F,MFCJNMFM_03690,JIEPOILB_03694,MHMAIFBA_03679,KGLDIDPM_03694,CFOCILDN_03629
purL,purL,Phosphoribosylformylglycinamidine synthase,MFCJNMFM_01329,JIEPOILB_01330,MHMAIFBA_01323,KGLDIDPM_01327,CFOCILDN_03189
hrpA,hrpA,ATP-dependent RNA helicase HrpA,MFCJNMFM_02871,JIEPOILB_02389,MHMAIFBA_02776,KGLDIDPM_02873,CFOCILDN_00203
putA,putA,Bifunctional protein PutA,MFCJNMFM_03240,JIEPOILB_02020,MHMAIFBA_03208,KGLDIDPM_03244,CFOCILDN_03443
rpoB,rpoB,DNA-directed RNA polymerase subunit beta RpoB,MFCJNMFM_04855,JIEPOILB_04859,MHMAIFBA_04816,KGLDIDPM_04859,CFOCILDN_04767
bepA_1,bepA_1,Beta-barrel assembly-enhancing protease,MFCJNMFM_00268,JIEPOILB_00268,MHMAIFBA_00220,KGLDIDPM_00267,CFOCILDN_02792
norW_2,norW_2,Nitric oxide reductase FlRd-NAD(+) reductase,MFCJNMFM_02118,JIEPOILB_03143,MHMAIFBA_02070,KGLDIDPM_02121,CFOCILDN_02419
rpoC,rpoC,DNA-directed RNA polymerase subunit beta',MFCJNMFM_04854,JIEPOILB_04858,MHMAIFBA_04815,KGLDIDPM_04858,CFOCILDN_04768
group_1,,hypothetical protein,MFCJNMFM_03357,JIEPOILB_03361,MHMAIFBA_03317,KGLDIDPM_03361,CFOCILDN_02002
mukB,mukB,Chromosome partition protein MukB,MFCJNMFM_03328,JIEPOILB_03332,MHMAIFBA_03288,KGLDIDPM_03332,CFOCILDN_01973
gltB,gltB,Glutamate synthase [NADPH] large chain,MFCJNMFM_00550,JIEPOILB_00551,MHMAIFBA_00502,KGLDIDPM_00550,CFOCILDN_01891
yfhM,yfhM,Alpha-2-macroglobulin,MFCJNMFM_01360,JIEPOILB_01361,MHMAIFBA_01354,KGLDIDPM_01358,CFOCILDN_03158
ylpA,ylpA;,Lipoprotein YlpA;hypothetical protein,MFCJNMFM_05426,JIEPOILB_05425,MHMAIFBA_05192,KGLDIDPM_05424,
traS,traS,Protein TraS,MFCJNMFM_05425,JIEPOILB_05424,MHMAIFBA_05191,KGLDIDPM_05423,
group_2042,,hypothetical protein,MFCJNMFM_05424,JIEPOILB_05423,MHMAIFBA_05190,KGLDIDPM_05422,
group_2039,,hypothetical protein,MFCJNMFM_05423,JIEPOILB_05422,MHMAIFBA_05189,KGLDIDPM_05421,
traV,traV,Protein TraV,MFCJNMFM_05404,JIEPOILB_05403,MHMAIFBA_05170,KGLDIDPM_05402,
group_2035,,hypothetical protein,MFCJNMFM_05405,JIEPOILB_05404,MHMAIFBA_05172,KGLDIDPM_05403,
group_2030,,hypothetical protein,MFCJNMFM_05406,JIEPOILB_05405,MHMAIFBA_05173,KGLDIDPM_05404,
flmA,flmA,Stable plasmid inheritance protein,MFCJNMFM_05387,JIEPOILB_05386,MHMAIFBA_05152,KGLDIDPM_05385,
group_2023,,hypothetical protein,MFCJNMFM_01912,JIEPOILB_01918,MHMAIFBA_03875,KGLDIDPM_01915,
group_2019,,hypothetical protein,MFCJNMFM_05411,JIEPOILB_05410,MHMAIFBA_05178,KGLDIDPM_05409,
group_2018,,hypothetical protein,MFCJNMFM_05407,JIEPOILB_05406,MHMAIFBA_05174,KGLDIDPM_05405,
group_2016,,Tn3 family transposase ISPa38;Tn3 family transposase TnAs2,MFCJNMFM_05243,JIEPOILB_05239,MHMAIFBA_05296,KGLDIDPM_05240,
group_2009,,hypothetical protein,MFCJNMFM_05421,JIEPOILB_05420,MHMAIFBA_05187,KGLDIDPM_05419,
group_2008,,hypothetical protein,MFCJNMFM_01956,JIEPOILB_01962,MHMAIFBA_03833,KGLDIDPM_01959,
group_2003,,hypothetical protein,MFCJNMFM_05388,JIEPOILB_05387,MHMAIFBA_05153,KGLDIDPM_05386,
group_2002,,hypothetical protein,MFCJNMFM_01929,JIEPOILB_01935,MHMAIFBA_03861,KGLDIDPM_01932,
group_1994,,hypothetical protein,MFCJNMFM_05413,JIEPOILB_05412,MHMAIFBA_05179,KGLDIDPM_05411,
group_1992,,hypothetical protein,MFCJNMFM_01908,JIEPOILB_01914,MHMAIFBA_03879,KGLDIDPM_01911,
higA~~~higA_2,higA;higA_2,Antitoxin HigA,MFCJNMFM_05394,JIEPOILB_05393,MHMAIFBA_05159,KGLDIDPM_05392,
group_1988,,hypothetical protein,MFCJNMFM_01911,JIEPOILB_01917,MHMAIFBA_03876,KGLDIDPM_01914,
group_1978,,hypothetical protein,MFCJNMFM_01203,JIEPOILB_01203,,KGLDIDPM_01201,CFOCILDN_03967
tssC1_1~~~tssC1,tssC1_1;tssC1,Type VI secretion system sheath protein TssC1,MFCJNMFM_01486,JIEPOILB_01487,,KGLDIDPM_01484,CFOCILDN_04558
cusR_2,;cusR_2,hypothetical protein;Transcriptional regulatory protein CusR,MFCJNMFM_05347;MFCJNMFM_05518,JIEPOILB_05511;JIEPOILB_05347,MHMAIFBA_05132,KGLDIDPM_05510,
group_1975,,hypothetical protein,MFCJNMFM_03288,JIEPOILB_01972,,KGLDIDPM_03292,CFOCILDN_03491
group_1968,,hypothetical protein,MFCJNMFM_01964,JIEPOILB_01970,MHMAIFBA_03822,KGLDIDPM_01967,
group_1967,,hypothetical protein,MFCJNMFM_05410,JIEPOILB_05409,MHMAIFBA_05177,KGLDIDPM_05408,
group_1966,,hypothetical protein,MFCJNMFM_05408,JIEPOILB_05407,MHMAIFBA_05175,KGLDIDPM_05406,
group_1965,,IS110 family transposase IS5075;IS110 family transposase IS4321L,MFCJNMFM_05225,JIEPOILB_00335,MHMAIFBA_05071,KGLDIDPM_05222,
group_1963,,IS3 family transposase ISKpn1,MFCJNMFM_04697,JIEPOILB_04701,MHMAIFBA_00210,KGLDIDPM_04701,
umuC_1~~~umuC_2,umuC_1;umuC_2,Protein UmuC,MFCJNMFM_00163,JIEPOILB_00163;JIEPOILB_00162,,KGLDIDPM_00162,CFOCILDN_04876
intA_2~~~intA_4,intA_2;intA_4,Prophage integrase IntA,MFCJNMFM_04660,JIEPOILB_04664,,KGLDIDPM_04664,CFOCILDN_04639
group_1958,,hypothetical protein,MFCJNMFM_00165,JIEPOILB_00165,,KGLDIDPM_00164,CFOCILDN_04874
group_1956,,IS3 family transposase ISEcl1,MFCJNMFM_05353,JIEPOILB_05353,MHMAIFBA_05138,KGLDIDPM_05352,
group_1955,,hypothetical protein;ISL3 family transposase ISKpn25,MFCJNMFM_05350,JIEPOILB_05350,MHMAIFBA_05135,KGLDIDPM_05349,
group_1954,,IS6 family transposase IS26,MFCJNMFM_05452,JIEPOILB_05451,MHMAIFBA_05072,KGLDIDPM_05450,
group_1950,,hypothetical protein,MFCJNMFM_01003;MFCJNMFM_01004,JIEPOILB_01004,,KGLDIDPM_01003,CFOCILDN_01441
group_1946,,hypothetical protein,MFCJNMFM_03289,JIEPOILB_03293,,KGLDIDPM_03293,4_refound_20_pseudo
group_1944,,hypothetical protein,MFCJNMFM_01554,JIEPOILB_01555,,KGLDIDPM_01552,CFOCILDN_04723
group_1943,,ISNCY family transposase ISLad2,MFCJNMFM_05477,JIEPOILB_05470,MHMAIFBA_05091,KGLDIDPM_05469,
group_1941,,IS3 family transposase ISKpn1,MFCJNMFM_03075,JIEPOILB_02185,MHMAIFBA_03044,KGLDIDPM_03079,
group_1940,,hypothetical protein,MFCJNMFM_05400,JIEPOILB_05399,MHMAIFBA_05165,KGLDIDPM_05398,
traN,traN,Mating pair stabilization protein TraN,MFCJNMFM_05415,JIEPOILB_05414,MHMAIFBA_05181,KGLDIDPM_05413,
group_1936,,IS3 family transposase ISKpn1,MFCJNMFM_03074,JIEPOILB_02186,MHMAIFBA_03045,KGLDIDPM_03078,
rfbD,rfbD,UDP-galactopyranose mutase,,JIEPOILB_01796,MHMAIFBA_01766,KGLDIDPM_01793,CFOCILDN_04801
group_1929,,IS3 family transposase ISKpn1,MFCJNMFM_04485,JIEPOILB_04489,MHMAIFBA_00209,KGLDIDPM_04489,
group_1928,,hypothetical protein,MFCJNMFM_05365,JIEPOILB_05365,MHMAIFBA_05150,KGLDIDPM_05364,
group_1922,,hypothetical protein,MFCJNMFM_01788,JIEPOILB_01787,,KGLDIDPM_01784,4_refound_18_pseudo
group_1919,,hypothetical protein,MFCJNMFM_04041,JIEPOILB_04045,,KGLDIDPM_04045,CFOCILDN_04068
group_1918,,IS5 family transposase IS903;hypothetical protein,MFCJNMFM_02411,JIEPOILB_02850;JIEPOILB_02849,MHMAIFBA_02547,KGLDIDPM_02413,
group_1895,,IS3 family transposase ISKpn1,MFCJNMFM_04486,JIEPOILB_04490,MHMAIFBA_04712,KGLDIDPM_04490,
group_1894,,IS110 family transposase IS4321L,MFCJNMFM_05244,JIEPOILB_05240,MHMAIFBA_05295,KGLDIDPM_05241,
group_1893,,hypothetical protein,MFCJNMFM_02086,JIEPOILB_03175,,KGLDIDPM_02089,CFOCILDN_02387
group_1891,,hypothetical protein,MFCJNMFM_05485,JIEPOILB_05478,MHMAIFBA_05099,KGLDIDPM_05477,
group_1890,,IS1182 family transposase ISKpn6,MFCJNMFM_05223,JIEPOILB_05219,MHMAIFBA_05241,KGLDIDPM_05220,
group_1889,bla_3,Carbapenem-hydrolyzing beta-lactamase KPC,MFCJNMFM_05222,JIEPOILB_05218,MHMAIFBA_05242,KGLDIDPM_05219,
group_1887,,Putative transposase for insertion sequence element IS5376,MFCJNMFM_05220,JIEPOILB_05216,MHMAIFBA_05244,KGLDIDPM_05217,
group_1886,,Tn3 family transposase ISPsy42,MFCJNMFM_05219,JIEPOILB_05215,MHMAIFBA_05245,KGLDIDPM_05216,
group_1881,,IS21 family transposase ISKpn7,MFCJNMFM_05221,JIEPOILB_05217,MHMAIFBA_05243,KGLDIDPM_05218,
oadB_1,oadB_1,Oxaloacetate decarboxylase beta chain,MFCJNMFM_03639,JIEPOILB_03643,,KGLDIDPM_03643,CFOCILDN_04686
oadA,oadA,Oxaloacetate decarboxylase alpha chain,MFCJNMFM_03638,JIEPOILB_03642,,KGLDIDPM_03642,CFOCILDN_04685
group_1875,,IS3 family transposase ISKpn1,MFCJNMFM_03493,JIEPOILB_03497,MHMAIFBA_03720,KGLDIDPM_03497,
group_1873,,IS3 family transposase ISKpn1,MFCJNMFM_03494,JIEPOILB_03498,MHMAIFBA_03719,KGLDIDPM_03498,
tssB1_1,tssB1_1,Type VI secretion system sheath protein TssB1,MFCJNMFM_01485,JIEPOILB_01486,,KGLDIDPM_01483,CFOCILDN_04559
group_1872,,hypothetical protein,MFCJNMFM_01314,JIEPOILB_01315,MHMAIFBA_03407,KGLDIDPM_01312,
group_1869,,IS5 family transposase ISKpn26,MFCJNMFM_05466,JIEPOILB_05459,MHMAIFBA_04528,KGLDIDPM_05458,
group_1868,,IS5 family transposase ISKpn26,MFCJNMFM_05183,JIEPOILB_05179,MHMAIFBA_04901,KGLDIDPM_05180,
group_1867,,IS5 family transposase ISKpn26,MFCJNMFM_03130,JIEPOILB_02130,MHMAIFBA_02451,KGLDIDPM_03134,
group_1864,,IS5 family transposase ISKpn26,MFCJNMFM_01192,JIEPOILB_01192,MHMAIFBA_05080,KGLDIDPM_01190,
tufA_1,tufA_1,Elongation factor Tu 1,MFCJNMFM_00436,JIEPOILB_00436,MHMAIFBA_00387,KGLDIDPM_00435,
umuD_1,umuD_1,Protein UmuD,MFCJNMFM_00162,JIEPOILB_00161,,KGLDIDPM_00161,CFOCILDN_04877
group_1850,,hypothetical protein,MFCJNMFM_00160,JIEPOILB_00159,,KGLDIDPM_00159,CFOCILDN_04879
group_1848,klcA_1,Antirestriction protein KlcA,MFCJNMFM_00159,JIEPOILB_00158,,KGLDIDPM_00158,CFOCILDN_04880
group_1846,,hypothetical protein,MFCJNMFM_00158,JIEPOILB_00157,,KGLDIDPM_00157,CFOCILDN_04881
group_1844,,hypothetical protein,MFCJNMFM_00157,JIEPOILB_00156,,KGLDIDPM_00156,CFOCILDN_04882
group_1842,,hypothetical protein,MFCJNMFM_00155,JIEPOILB_00154,,KGLDIDPM_00154,CFOCILDN_04884
group_1840,,hypothetical protein,MFCJNMFM_00154,JIEPOILB_00153,,KGLDIDPM_00153,CFOCILDN_04885
group_1839,,IS3 family transposase ISEcl1,MFCJNMFM_05352,JIEPOILB_05352,MHMAIFBA_05137,KGLDIDPM_05351,
group_1831,,IS6 family transposase IS26,MFCJNMFM_00131,JIEPOILB_00130,MHMAIFBA_05269,KGLDIDPM_00130,
lamB_3,lamB_3,Maltoporin,MFCJNMFM_04696,JIEPOILB_04700,MHMAIFBA_04522,KGLDIDPM_04700,
group_1806,,hypothetical protein,MFCJNMFM_01096,JIEPOILB_01096,,KGLDIDPM_01095,CFOCILDN_01351
group_1796,,hypothetical protein,MFCJNMFM_04666,JIEPOILB_04670,,KGLDIDPM_04670,CFOCILDN_04645
group_1789,,hypothetical protein,MFCJNMFM_02759,JIEPOILB_02501,,KGLDIDPM_02761,CFOCILDN_00315
group_1788,,hypothetical protein,MFCJNMFM_05356,JIEPOILB_05356,MHMAIFBA_05141,KGLDIDPM_05355,
group_1787,,hypothetical protein,MFCJNMFM_01501,JIEPOILB_01502,,KGLDIDPM_01499,CFOCILDN_04544
group_1784,,hypothetical protein,MFCJNMFM_03665,JIEPOILB_03669,,KGLDIDPM_03669,CFOCILDN_04712
group_1776,,hypothetical protein,MFCJNMFM_00120,JIEPOILB_00119,,KGLDIDPM_00119,CFOCILDN_02679
group_1771,,hypothetical protein,MFCJNMFM_01523,JIEPOILB_01524,,KGLDIDPM_01521,CFOCILDN_04753
group_1768,,hypothetical protein,MFCJNMFM_05476,JIEPOILB_05469,MHMAIFBA_05090,KGLDIDPM_05468,
group_1767,,hypothetical protein,MFCJNMFM_04683,JIEPOILB_04687,,KGLDIDPM_04687,CFOCILDN_04661
group_1759,,hypothetical protein,MFCJNMFM_04669,JIEPOILB_04673,,KGLDIDPM_04673,4_refound_17
group_1756,,hypothetical protein,MFCJNMFM_03250,JIEPOILB_02010,,KGLDIDPM_03254,CFOCILDN_03453
group_1754,,hypothetical protein,MFCJNMFM_01500,JIEPOILB_01501,,KGLDIDPM_01498,CFOCILDN_04545
group_1746,,hypothetical protein,MFCJNMFM_01088,JIEPOILB_01088,,KGLDIDPM_01087,CFOCILDN_01359
group_1745,,hypothetical protein,MFCJNMFM_00508,JIEPOILB_00509,MHMAIFBA_00459,KGLDIDPM_00508,
group_1737,,hypothetical protein,MFCJNMFM_01542,JIEPOILB_01543,,KGLDIDPM_01540,CFOCILDN_04735
group_1734,,hypothetical protein,MFCJNMFM_01491,JIEPOILB_01492,,KGLDIDPM_01489,CFOCILDN_04553
group_1711,,hypothetical protein,MFCJNMFM_03763,JIEPOILB_03767,,KGLDIDPM_03767,CFOCILDN_03701
group_1707,,IS3 family transposase ISEc15,MFCJNMFM_01377,JIEPOILB_01378,,KGLDIDPM_01375,CFOCILDN_03141
group_1699,,hypothetical protein,MFCJNMFM_00495,JIEPOILB_00496,MHMAIFBA_00446,KGLDIDPM_00495,
group_1689,,hypothetical protein,MFCJNMFM_00512,JIEPOILB_00513,MHMAIFBA_00463,KGLDIDPM_00512,
group_1688,,hypothetical protein,MFCJNMFM_00509,JIEPOILB_00510,MHMAIFBA_00460,KGLDIDPM_00509,
group_1680,,hypothetical protein,MFCJNMFM_05511,JIEPOILB_05504,MHMAIFBA_05125,KGLDIDPM_05503,
group_1679,,hypothetical protein,MFCJNMFM_05471,JIEPOILB_05464,MHMAIFBA_05085,KGLDIDPM_05463,
ymoA,ymoA,Modulating protein YmoA,MFCJNMFM_05482,JIEPOILB_05475,MHMAIFBA_05096,KGLDIDPM_05474,
group_1644,,hypothetical protein,MFCJNMFM_05391,JIEPOILB_05390,MHMAIFBA_05156,KGLDIDPM_05389,
group_1621,,hypothetical protein,MFCJNMFM_02740,JIEPOILB_02520,,KGLDIDPM_02742,CFOCILDN_00334
group_1620,,hypothetical protein,MFCJNMFM_02728,JIEPOILB_02532,,KGLDIDPM_02730,CFOCILDN_00346
group_1608,,hypothetical protein,MFCJNMFM_05392,JIEPOILB_05391,MHMAIFBA_05157,KGLDIDPM_05390,
group_1605,,hypothetical protein,MFCJNMFM_04659,JIEPOILB_04663,,KGLDIDPM_04663,CFOCILDN_04638
group_1597,,hypothetical protein,MFCJNMFM_04661,JIEPOILB_04665,,KGLDIDPM_04665,CFOCILDN_04640
group_1593,,hypothetical protein,MFCJNMFM_00156,JIEPOILB_00155,,KGLDIDPM_00155,CFOCILDN_04883
group_1592,,hypothetical protein,MFCJNMFM_02635,JIEPOILB_02625,,KGLDIDPM_02637,CFOCILDN_00439
group_1584,,hypothetical protein,MFCJNMFM_01553,JIEPOILB_01554,,KGLDIDPM_01551,CFOCILDN_04724
traQ,traQ,Protein TraQ,MFCJNMFM_05420,JIEPOILB_05419,MHMAIFBA_05186,KGLDIDPM_05418,
group_1570,,hypothetical protein,MFCJNMFM_04681,JIEPOILB_04685,,KGLDIDPM_04685,CFOCILDN_04659
group_1556,,hypothetical protein,MFCJNMFM_01527,JIEPOILB_01528,,KGLDIDPM_01525,4_refound_10
oadG_1,oadG_1,Oxaloacetate decarboxylase gamma chain,MFCJNMFM_03637,JIEPOILB_03641,,KGLDIDPM_03641,CFOCILDN_04684
group_1537,,hypothetical protein,MFCJNMFM_00164,JIEPOILB_00164,,KGLDIDPM_00163,CFOCILDN_04875
group_1535,,hypothetical protein,MFCJNMFM_05480,JIEPOILB_05473,MHMAIFBA_05094,KGLDIDPM_05472,
group_1532,,hypothetical protein,MFCJNMFM_01957,JIEPOILB_01963,MHMAIFBA_03832,KGLDIDPM_01960,
group_1529,,hypothetical protein,MFCJNMFM_05481,JIEPOILB_05474,MHMAIFBA_05095,KGLDIDPM_05473,
group_1520,,hypothetical protein,MFCJNMFM_04684,JIEPOILB_04688,,KGLDIDPM_04688,CFOCILDN_04662
group_1519,,hypothetical protein,MFCJNMFM_02746,JIEPOILB_02514,,KGLDIDPM_02748,CFOCILDN_00328
group_1517,,hypothetical protein,MFCJNMFM_00998,JIEPOILB_00999,,KGLDIDPM_00998,CFOCILDN_01446
group_1514,,hypothetical protein,MFCJNMFM_05468,JIEPOILB_05461,MHMAIFBA_05082,KGLDIDPM_05460,
hcnA,hcnA,Hydrogen cyanide synthase subunit HcnA,MFCJNMFM_04401,JIEPOILB_04405,,KGLDIDPM_04405,CFOCILDN_00998
group_1508,,hypothetical protein,MFCJNMFM_01497,JIEPOILB_01498,,KGLDIDPM_01495,CFOCILDN_04548
tacA1,tacA1,Antitoxin TacA1,MFCJNMFM_05479,JIEPOILB_05472,MHMAIFBA_05093,KGLDIDPM_05471,
group_1500,,hypothetical protein,MFCJNMFM_04670,JIEPOILB_04674,,KGLDIDPM_04674,CFOCILDN_04648
ccmL,ccmL,Carboxysome shell vertex protein CcmL,MFCJNMFM_04446,JIEPOILB_04450,,KGLDIDPM_04450,CFOCILDN_00953
group_1498,,hypothetical protein,MFCJNMFM_05486,JIEPOILB_05479,MHMAIFBA_05100,KGLDIDPM_05478,
group_1495,,hypothetical protein,MFCJNMFM_01496,JIEPOILB_01497,,KGLDIDPM_01494,4_refound_8
group_1488,,hypothetical protein,MFCJNMFM_01092,JIEPOILB_01092,,KGLDIDPM_01091,CFOCILDN_01355
group_1480,,hypothetical protein,MFCJNMFM_01538,JIEPOILB_01539,,KGLDIDPM_01536,CFOCILDN_04739
group_1477,,hypothetical protein,MFCJNMFM_00862,JIEPOILB_00863,,KGLDIDPM_00862,CFOCILDN_01579
higA1,higA1,Antitoxin HigA1,MFCJNMFM_05393,JIEPOILB_05392,MHMAIFBA_05158,KGLDIDPM_05391,
pduJ_3,pduJ_3,Bacterial microcompartment shell protein PduJ,MFCJNMFM_04444,JIEPOILB_04448,,KGLDIDPM_04448,CFOCILDN_00955
pduJ_2,pduJ_2,Bacterial microcompartment shell protein PduJ,MFCJNMFM_04442,JIEPOILB_04446,,KGLDIDPM_04446,CFOCILDN_00957
group_1465,,hypothetical protein,MFCJNMFM_04064,JIEPOILB_04068,,KGLDIDPM_04068,CFOCILDN_04045
group_1463,,hypothetical protein,MFCJNMFM_01536,JIEPOILB_01537,,KGLDIDPM_01534,CFOCILDN_04741
group_1459,,Bacterial microcompartment protein homohexamer,MFCJNMFM_04443,JIEPOILB_04447,,KGLDIDPM_04447,CFOCILDN_00956
group_1457,,hypothetical protein,MFCJNMFM_03819,JIEPOILB_03823,,KGLDIDPM_03823,CFOCILDN_02475
group_1452,,hypothetical protein,MFCJNMFM_00492,JIEPOILB_00493,MHMAIFBA_00443,KGLDIDPM_00492,
group_1433,,IS1 family transposase IS1X2,MFCJNMFM_05467,JIEPOILB_05460,MHMAIFBA_05081,KGLDIDPM_05459,
group_1432,,IS1 family transposase IS1X2,MFCJNMFM_05354,JIEPOILB_05354,MHMAIFBA_05139,KGLDIDPM_05353,
group_1431,,IS1 family transposase IS1X2,MFCJNMFM_05351,JIEPOILB_05351,MHMAIFBA_05136,KGLDIDPM_05350,
group_1429,,hypothetical protein,MFCJNMFM_01922,JIEPOILB_01928,MHMAIFBA_03867,KGLDIDPM_01925,
group_1425,,hypothetical protein,MFCJNMFM_02448,JIEPOILB_02812,,KGLDIDPM_02450,CFOCILDN_00626
group_1418,,hypothetical protein,MFCJNMFM_01525,JIEPOILB_01526,,KGLDIDPM_01523,CFOCILDN_04751
group_1416,,hypothetical protein,MFCJNMFM_00506,JIEPOILB_00507,MHMAIFBA_00457,KGLDIDPM_00506,
group_1410,,hypothetical protein,MFCJNMFM_03767,JIEPOILB_03771,,KGLDIDPM_03771,CFOCILDN_03705
group_1405,,IS3 family transposase ISKpn38,MFCJNMFM_05474,JIEPOILB_05467,MHMAIFBA_05088,KGLDIDPM_05466,
cbpM,cbpM,Chaperone modulatory protein CbpM,MFCJNMFM_04708,JIEPOILB_04712,,KGLDIDPM_04712,CFOCILDN_04917
group_1402,,hypothetical protein,MFCJNMFM_01552,JIEPOILB_01553,,KGLDIDPM_01550,CFOCILDN_04725
yjcH,yjcH,Inner membrane protein YjcH,MFCJNMFM_04741,JIEPOILB_04745,,KGLDIDPM_04745,CFOCILDN_03524
manP,manP,PTS system mannose-specific EIIBCA component,MFCJNMFM_02599,JIEPOILB_02661,,KGLDIDPM_02601,CFOCILDN_00475
chbA_3,chbA_3,PTS system NN'-diacetylchitobiose-specific EIIA component,MFCJNMFM_02522,JIEPOILB_02738,,KGLDIDPM_02524,CFOCILDN_00552
group_1379,,hypothetical protein,MFCJNMFM_00496,JIEPOILB_00497,MHMAIFBA_00447,KGLDIDPM_00496,
higB2,higB-2,Toxin HigB-2,MFCJNMFM_02447,JIEPOILB_02813,,KGLDIDPM_02449,CFOCILDN_00627
group_1374,,hypothetical protein,MFCJNMFM_01546,JIEPOILB_01547,,KGLDIDPM_01544,CFOCILDN_04731
group_1373,,IS5 family transposase ISThi1,MFCJNMFM_05453,JIEPOILB_05452,MHMAIFBA_05073,KGLDIDPM_05451,
group_1371,,hypothetical protein,MFCJNMFM_04029,JIEPOILB_04033,,KGLDIDPM_04033,CFOCILDN_04080
group_1365,,hypothetical protein,MFCJNMFM_01562,JIEPOILB_01563,,KGLDIDPM_01560,CFOCILDN_04715
group_1361,,hypothetical protein,MFCJNMFM_00122,JIEPOILB_00121,,KGLDIDPM_00121,CFOCILDN_02677
celA_2,celA_2,PTS system cellobiose-specific EIIB component,MFCJNMFM_02521,JIEPOILB_02739,,KGLDIDPM_02523,CFOCILDN_00553
group_1351,,hypothetical protein,MFCJNMFM_05498,JIEPOILB_05491,MHMAIFBA_05112,KGLDIDPM_05490,
group_1350,,hypothetical protein,MFCJNMFM_05418,JIEPOILB_05417,MHMAIFBA_05184,KGLDIDPM_05416,
soxS,soxS,Regulatory protein SoxS,MFCJNMFM_04755,JIEPOILB_04759,,KGLDIDPM_04759,CFOCILDN_03538
qacC,qacC,Quaternary ammonium compound-resistance protein QacC,MFCJNMFM_04454,JIEPOILB_04458,,KGLDIDPM_04458,CFOCILDN_00945
group_1333,,hypothetical protein,MFCJNMFM_04715,JIEPOILB_04719,,KGLDIDPM_04719,CFOCILDN_03498
group_1329,,hypothetical protein,MFCJNMFM_00505,JIEPOILB_00506,MHMAIFBA_00456,KGLDIDPM_00505,
group_1328,,hypothetical protein,MFCJNMFM_00500,JIEPOILB_00501,MHMAIFBA_00451,KGLDIDPM_00500,
group_1323,,hypothetical protein,MFCJNMFM_01547,JIEPOILB_01548,,KGLDIDPM_01545,CFOCILDN_04730
ykfI,ykfI,Toxin YkfI,MFCJNMFM_04690,JIEPOILB_04694,,KGLDIDPM_04694,CFOCILDN_04668
yfjZ,yfjZ,Antitoxin YfjZ,MFCJNMFM_04689,JIEPOILB_04693,,KGLDIDPM_04693,CFOCILDN_04667
group_1314,,hypothetical protein,MFCJNMFM_01508,JIEPOILB_01509,,KGLDIDPM_01506,CFOCILDN_04537
group_1304,,hypothetical protein,MFCJNMFM_01549,JIEPOILB_01550,,KGLDIDPM_01547,CFOCILDN_04728
group_1302,,hypothetical protein,MFCJNMFM_05487,JIEPOILB_05480,MHMAIFBA_05101,KGLDIDPM_05479,
group_1301,,hypothetical protein,MFCJNMFM_05389,JIEPOILB_05388,MHMAIFBA_05154,KGLDIDPM_05387,
cusF_2,cusF_2,Cation efflux system protein CusF,MFCJNMFM_05516,JIEPOILB_05509,MHMAIFBA_05130,KGLDIDPM_05508,
group_1287,,hypothetical protein,MFCJNMFM_05390,JIEPOILB_05389,MHMAIFBA_05155,KGLDIDPM_05388,
group_1283,,hypothetical protein,MFCJNMFM_00510,JIEPOILB_00511,MHMAIFBA_00461,KGLDIDPM_00510,
arsD_2,arsD_2,Arsenical resistance operon trans-acting repressor ArsD,MFCJNMFM_05495,JIEPOILB_05488,MHMAIFBA_05109,KGLDIDPM_05487,
arsD_1,arsD_1,Arsenical resistance operon trans-acting repressor ArsD,MFCJNMFM_05488,JIEPOILB_05481,MHMAIFBA_05102,KGLDIDPM_05480,
higA_1,higA_1,Antitoxin HigA,MFCJNMFM_03766,JIEPOILB_03770,,KGLDIDPM_03770,CFOCILDN_03704
group_1262,,hypothetical protein,MFCJNMFM_04503,JIEPOILB_04507,,KGLDIDPM_04507,CFOCILDN_03043
group_1257,,hypothetical protein,MFCJNMFM_01551,JIEPOILB_01552,,KGLDIDPM_01549,CFOCILDN_04726
group_1256,,hypothetical protein,MFCJNMFM_00498,JIEPOILB_00499,MHMAIFBA_00449,KGLDIDPM_00498,
group_1255,,hypothetical protein,MFCJNMFM_05483,JIEPOILB_05476,MHMAIFBA_05097,KGLDIDPM_05475,
traA,traA,Pilin,MFCJNMFM_05399,JIEPOILB_05398,MHMAIFBA_05164,KGLDIDPM_05397,
group_1254,,hypothetical protein,MFCJNMFM_04727,JIEPOILB_04731,,KGLDIDPM_04731,CFOCILDN_03510
group_1253,,hypothetical protein,MFCJNMFM_04502,JIEPOILB_04506,,KGLDIDPM_04506,CFOCILDN_03044
group_1248,,hypothetical protein,MFCJNMFM_00497,JIEPOILB_00498,MHMAIFBA_00448,KGLDIDPM_00497,
group_1241,,hypothetical protein,MFCJNMFM_04709,JIEPOILB_04713,,KGLDIDPM_04713,CFOCILDN_03492
group_1237,,hypothetical protein,MFCJNMFM_01002,JIEPOILB_01003,,KGLDIDPM_01002,CFOCILDN_01442
srlB_2,srlB_2,PTS system glucitol/sorbitol-specific EIIA component,MFCJNMFM_03157,JIEPOILB_02103,,KGLDIDPM_03161,CFOCILDN_03360
marA,marA,Multiple antibiotic resistance protein MarA,MFCJNMFM_02727,JIEPOILB_02533,,KGLDIDPM_02729,CFOCILDN_00347
rusA,rusA,Crossover junction endodeoxyribonuclease RusA,MFCJNMFM_01531,JIEPOILB_01532,,KGLDIDPM_01529,CFOCILDN_04746
pcoC,pcoC,Copper resistance protein C,MFCJNMFM_05506,JIEPOILB_05499,MHMAIFBA_05120,KGLDIDPM_05498,
group_1223,,hypothetical protein,MFCJNMFM_01557,JIEPOILB_01558,,KGLDIDPM_01555,CFOCILDN_04720
group_1214,,hypothetical protein,MFCJNMFM_01521,JIEPOILB_01522,,KGLDIDPM_01519,CFOCILDN_04755
pspF_1,pspF_1,Psp operon transcriptional activator,MFCJNMFM_00149,JIEPOILB_00148,,KGLDIDPM_00148,CFOCILDN_04924
group_1188,,hypothetical protein,MFCJNMFM_00999,JIEPOILB_01000,,KGLDIDPM_00999,CFOCILDN_01445
group_1184,,hypothetical protein,MFCJNMFM_01535,JIEPOILB_01536,,KGLDIDPM_01533,CFOCILDN_04742
ccmK,ccmK,Carboxysome shell protein CcmK,MFCJNMFM_04450,JIEPOILB_04454,,KGLDIDPM_04454,CFOCILDN_00949
group_1181,,hypothetical protein,MFCJNMFM_02738,JIEPOILB_02522,,KGLDIDPM_02740,CFOCILDN_00336
aqpZ_2,aqpZ_2,Aquaporin Z,MFCJNMFM_05499,JIEPOILB_05492,MHMAIFBA_05113,KGLDIDPM_05491,
group_1173,,hypothetical protein,MFCJNMFM_04033,JIEPOILB_04037,,KGLDIDPM_04037,CFOCILDN_04076
cidA,cidA,Holin-like protein CidA,MFCJNMFM_04749,JIEPOILB_04753,,KGLDIDPM_04753,CFOCILDN_03532
mdtJ_2,mdtJ_2,Spermidine export protein MdtJ,MFCJNMFM_04453,JIEPOILB_04457,,KGLDIDPM_04457,CFOCILDN_00946
group_1162,,hypothetical protein,MFCJNMFM_04074,JIEPOILB_04078,,KGLDIDPM_04078,CFOCILDN_04035
fdhF_2,fdhF_2,Formate dehydrogenase H,MFCJNMFM_04736,JIEPOILB_04740,,KGLDIDPM_04740,CFOCILDN_03519
arsC_3,arsC_3,Arsenate reductase,MFCJNMFM_05491,JIEPOILB_05484,MHMAIFBA_05105,KGLDIDPM_05483,
group_1138,,hypothetical protein,MFCJNMFM_01534,JIEPOILB_01535,,KGLDIDPM_01532,CFOCILDN_04743
group_1137,,hypothetical protein,MFCJNMFM_01091,JIEPOILB_01091,,KGLDIDPM_01090,CFOCILDN_01356
group_1136,,hypothetical protein,MFCJNMFM_00992,JIEPOILB_00993,,KGLDIDPM_00992,CFOCILDN_01452
group_1130,,hypothetical protein,MFCJNMFM_02606,JIEPOILB_02654,,KGLDIDPM_02608,CFOCILDN_00468
uspG_3,uspG_3,Universal stress protein UP12,MFCJNMFM_03666,JIEPOILB_03670,,KGLDIDPM_03670,CFOCILDN_04713
pcoE,pcoE,putative copper-binding protein PcoE,MFCJNMFM_05502,JIEPOILB_05495,MHMAIFBA_05116,KGLDIDPM_05494,
group_1118,,hypothetical protein,MFCJNMFM_04716,JIEPOILB_04720,,KGLDIDPM_04720,CFOCILDN_03499
group_1110,,hypothetical protein,MFCJNMFM_01094,JIEPOILB_01094,,KGLDIDPM_01093,CFOCILDN_01353
group_1108,,hypothetical protein,MFCJNMFM_05513,JIEPOILB_05506,MHMAIFBA_05127,KGLDIDPM_05505,
klcA_2,klcA_2,Antirestriction protein KlcA,MFCJNMFM_04687,JIEPOILB_04691,,KGLDIDPM_04691,CFOCILDN_04665
group_1105,,hypothetical protein,MFCJNMFM_02741,JIEPOILB_02519,,KGLDIDPM_02743,CFOCILDN_00333
group_1101,,hypothetical protein,MFCJNMFM_01495,JIEPOILB_01496,,KGLDIDPM_01493,CFOCILDN_04549
group_1099,,hypothetical protein,MFCJNMFM_00507,JIEPOILB_00508,MHMAIFBA_00458,KGLDIDPM_00507,
group_1095,,hypothetical protein,MFCJNMFM_03228,JIEPOILB_02032,,KGLDIDPM_03232,CFOCILDN_03431
group_1091,,hypothetical protein,MFCJNMFM_02449,JIEPOILB_02811,,KGLDIDPM_02451,CFOCILDN_00625
silE_2,silE_2,Silver-binding protein SilE,MFCJNMFM_05509,JIEPOILB_05502,MHMAIFBA_05123,KGLDIDPM_05501,
group_1088,,hypothetical protein,MFCJNMFM_04704,JIEPOILB_04708,,KGLDIDPM_04708,CFOCILDN_04913
group_1086,,hypothetical protein,MFCJNMFM_01548,JIEPOILB_01549,,KGLDIDPM_01546,CFOCILDN_04729
phnG,phnG,Alpha-D-ribose 1-methylphosphonate 5-triphosphate synthase subunit PhnG,MFCJNMFM_04718,JIEPOILB_04722,,KGLDIDPM_04722,CFOCILDN_03501
group_1077,,hypothetical protein,MFCJNMFM_01928,JIEPOILB_01934,MHMAIFBA_03862,KGLDIDPM_01931,
soxR,soxR,Redox-sensitive transcriptional activator SoxR,MFCJNMFM_04754,JIEPOILB_04758,,KGLDIDPM_04758,CFOCILDN_03537
derI,derI,D-erythrulose-4-phosphate isomerase,MFCJNMFM_03156,JIEPOILB_02104,,KGLDIDPM_03160,CFOCILDN_03359
group_1070,,hypothetical protein,MFCJNMFM_01528,JIEPOILB_01529,,KGLDIDPM_01526,CFOCILDN_04749
vgrG2b_4,vgrG2b_4,Type VI secretion system spike protein VgrG2b,MFCJNMFM_01512,JIEPOILB_01513,,KGLDIDPM_01510,4_refound_9_pseudo
group_1059,,hypothetical protein,MFCJNMFM_01963,JIEPOILB_01969,MHMAIFBA_03823,KGLDIDPM_01966,
arsA_2,arsA_2,Arsenical pump-driving ATPase,MFCJNMFM_05493,JIEPOILB_05486,MHMAIFBA_05107,KGLDIDPM_05485,
group_1055,,hypothetical protein,MFCJNMFM_04685,JIEPOILB_04689,,KGLDIDPM_04689,CFOCILDN_04663
ibpB_2,ibpB_2,Small heat shock protein IbpB,MFCJNMFM_02758,JIEPOILB_02502,,KGLDIDPM_02760,CFOCILDN_00316
group_1053,,hypothetical protein,MFCJNMFM_01555,JIEPOILB_01556,,KGLDIDPM_01553,CFOCILDN_04722
group_1043,,hypothetical protein,MFCJNMFM_01962,JIEPOILB_01968,MHMAIFBA_03824,KGLDIDPM_01965,
group_1042,,hypothetical protein,MFCJNMFM_01556,JIEPOILB_01557,,KGLDIDPM_01554,CFOCILDN_04721
tacT1,tacT1,tRNA-acetylating toxin 1,MFCJNMFM_05478,JIEPOILB_05471,MHMAIFBA_05092,KGLDIDPM_05470,
group_1029,,hypothetical protein,MFCJNMFM_02731,JIEPOILB_02529,,KGLDIDPM_02733,CFOCILDN_00343
group_1022,,hypothetical protein,MFCJNMFM_05396,JIEPOILB_05395,MHMAIFBA_05161,KGLDIDPM_05394,
group_1019,,hypothetical protein,MFCJNMFM_00071,JIEPOILB_00071,,KGLDIDPM_00071,CFOCILDN_04378
group_1018,,hypothetical protein,MFCJNMFM_05472,JIEPOILB_05465,MHMAIFBA_05086,KGLDIDPM_05464,
hcpA_2,hcpA_2,Major exported protein,MFCJNMFM_01490,JIEPOILB_01491,,KGLDIDPM_01488,CFOCILDN_04554
group_1009,,hypothetical protein,MFCJNMFM_05484,JIEPOILB_05477,MHMAIFBA_05098,KGLDIDPM_05476,
yfcR,yfcR,putative fimbrial-like protein YfcR,MFCJNMFM_04034,JIEPOILB_04038,,KGLDIDPM_04038,CFOCILDN_04075
group_1004,,hypothetical protein,MFCJNMFM_01540,JIEPOILB_01541,,KGLDIDPM_01538,CFOCILDN_04737
group_997,,hypothetical protein,MFCJNMFM_04667,JIEPOILB_04671,,KGLDIDPM_04671,CFOCILDN_04646
group_994,,hypothetical protein,MFCJNMFM_01507,JIEPOILB_01508,,KGLDIDPM_01505,CFOCILDN_04538
pncC_3,pncC_3,Nicotinamide-nucleotide amidohydrolase PncC,MFCJNMFM_02757,JIEPOILB_02503,,KGLDIDPM_02759,CFOCILDN_00317
group_976,,hypothetical protein,MFCJNMFM_00501,JIEPOILB_00502,MHMAIFBA_00452,KGLDIDPM_00501,
group_974,,hypothetical protein,MFCJNMFM_03576,JIEPOILB_03580,,KGLDIDPM_03580,CFOCILDN_04592
group_972,,hypothetical protein,MFCJNMFM_01520,JIEPOILB_01521,,KGLDIDPM_01518,CFOCILDN_04756
group_971,,hypothetical protein,MFCJNMFM_01090,JIEPOILB_01090,,KGLDIDPM_01089,CFOCILDN_01357
group_968,,hypothetical protein,MFCJNMFM_04441,JIEPOILB_04445,,KGLDIDPM_04445,CFOCILDN_00958
dapH,dapH,2345-tetrahydropyridine-26-dicarboxylate N-acetyltransferase,MFCJNMFM_04076,JIEPOILB_04080,,KGLDIDPM_04080,CFOCILDN_04033
group_964,,hypothetical protein,MFCJNMFM_01505,JIEPOILB_01506,,KGLDIDPM_01503,CFOCILDN_04540
group_954,,hypothetical protein,MFCJNMFM_04668,JIEPOILB_04672,,KGLDIDPM_04672,CFOCILDN_04647
group_952,,hypothetical protein,MFCJNMFM_01515,JIEPOILB_01516,,KGLDIDPM_01513,CFOCILDN_04531
group_951,,hypothetical protein,MFCJNMFM_00996,JIEPOILB_00997,,KGLDIDPM_00996,CFOCILDN_01448
group_950,,hypothetical protein,MFCJNMFM_00993,JIEPOILB_00994,,KGLDIDPM_00993,CFOCILDN_01451
yncA,yncA,L-methionine sulfoximine/L-methionine sulfone acetyltransferase,MFCJNMFM_05492,JIEPOILB_05485,MHMAIFBA_05106,KGLDIDPM_05484,
smfA,smfA,Fimbria A protein,MFCJNMFM_04039,JIEPOILB_04043,,KGLDIDPM_04043,CFOCILDN_04070
papH,papH,PAP fimbrial minor pilin protein,MFCJNMFM_04038,JIEPOILB_04042,,KGLDIDPM_04042,CFOCILDN_04071
ycbV,ycbV,putative fimbrial-like protein YcbV,MFCJNMFM_04747,JIEPOILB_04751,,KGLDIDPM_04751,CFOCILDN_03530
group_934,,hypothetical protein,MFCJNMFM_03818,JIEPOILB_03822,,KGLDIDPM_03822,CFOCILDN_02474
group_930,,hypothetical protein,MFCJNMFM_04688,JIEPOILB_04692,,KGLDIDPM_04692,CFOCILDN_04666
fumB_2,fumB_2,Fumarate hydratase class I anaerobic,MFCJNMFM_03632,JIEPOILB_03636,,KGLDIDPM_03636,CFOCILDN_04679
group_926,,hypothetical protein,MFCJNMFM_01493,JIEPOILB_01494,,KGLDIDPM_01491,CFOCILDN_04551
sigL,sigL,ECF RNA polymerase sigma factor SigL,MFCJNMFM_05496,JIEPOILB_05489,MHMAIFBA_05110,KGLDIDPM_05488,
group_915,,hypothetical protein,MFCJNMFM_04744,JIEPOILB_04748,,KGLDIDPM_04748,CFOCILDN_03527
group_914,,hypothetical protein,MFCJNMFM_04030,JIEPOILB_04034,,KGLDIDPM_04034,CFOCILDN_04079
group_913,,hypothetical protein,MFCJNMFM_02943,JIEPOILB_02317,,KGLDIDPM_02945,CFOCILDN_00131
group_902,,hypothetical protein,MFCJNMFM_04067,JIEPOILB_04071,,KGLDIDPM_04071,CFOCILDN_04042
group_897,,hypothetical protein,MFCJNMFM_01514,JIEPOILB_01515,,KGLDIDPM_01512,CFOCILDN_04532
group_893,,hypothetical protein,MFCJNMFM_00503,JIEPOILB_00504,MHMAIFBA_00454,KGLDIDPM_00503,
phnN,phnN,Ribose 15-bisphosphate phosphokinase PhnN,MFCJNMFM_04725,JIEPOILB_04729,,KGLDIDPM_04729,CFOCILDN_03508
group_886,,hypothetical protein,MFCJNMFM_00153,JIEPOILB_00152,,KGLDIDPM_00152,CFOCILDN_04886
group_881,,hypothetical protein,MFCJNMFM_05401,JIEPOILB_05400,MHMAIFBA_05166,KGLDIDPM_05399,
group_875,,hypothetical protein,MFCJNMFM_05469,JIEPOILB_05462,MHMAIFBA_05083,KGLDIDPM_05461,
group_871,,hypothetical protein,MFCJNMFM_02268,JIEPOILB_02993,,KGLDIDPM_02271,CFOCILDN_00801
group_860,,hypothetical protein,MFCJNMFM_01533,JIEPOILB_01534,,KGLDIDPM_01531,CFOCILDN_04744
group_857,,hypothetical protein,MFCJNMFM_04671,JIEPOILB_04675,,KGLDIDPM_04675,CFOCILDN_04649
group_854,betI_1,HTH-type transcriptional regulator BetI,MFCJNMFM_04439,JIEPOILB_04443,,KGLDIDPM_04443,CFOCILDN_00960
phnH,phnH,Alpha-D-ribose 1-methylphosphonate 5-triphosphate synthase subunit PhnH,MFCJNMFM_04719,JIEPOILB_04723,,KGLDIDPM_04723,CFOCILDN_03502
group_851,,hypothetical protein,MFCJNMFM_01087,JIEPOILB_01087,,KGLDIDPM_01086,CFOCILDN_01360
group_836,,hypothetical protein,MFCJNMFM_01544,JIEPOILB_01545,,KGLDIDPM_01542,CFOCILDN_04733
pinR,pinR,Serine recombinase PinR,MFCJNMFM_00146,JIEPOILB_00145,MHMAIFBA_05302,KGLDIDPM_00145,
group_818,,hypothetical protein,MFCJNMFM_02755,JIEPOILB_02505,,KGLDIDPM_02757,CFOCILDN_00319
pduL_2,pduL_2,Phosphate propanoyltransferase,MFCJNMFM_04451,JIEPOILB_04455,,KGLDIDPM_04455,CFOCILDN_00948
otnC,otnC,3-oxo-tetronate 4-phosphate decarboxylase,MFCJNMFM_02751,JIEPOILB_02509,,KGLDIDPM_02753,CFOCILDN_00323
rhtB_1,rhtB_1,Homoserine/homoserine lactone efflux protein,MFCJNMFM_02601,JIEPOILB_02659,,KGLDIDPM_02603,CFOCILDN_00473
group_791,,hypothetical protein,MFCJNMFM_01537,JIEPOILB_01538,,KGLDIDPM_01535,CFOCILDN_04740
group_788,,hypothetical protein,MFCJNMFM_01378,JIEPOILB_01379,,KGLDIDPM_01376,CFOCILDN_03140
group_785,,hypothetical protein,MFCJNMFM_05465,JIEPOILB_05458,MHMAIFBA_05079,KGLDIDPM_05457,
group_783,,hypothetical protein,MFCJNMFM_02760,JIEPOILB_02500,,KGLDIDPM_02762,CFOCILDN_00314
group_780,,hypothetical protein,MFCJNMFM_05414,JIEPOILB_05413,MHMAIFBA_05180,KGLDIDPM_05412,
era_2,era_2,GTPase Era,MFCJNMFM_04680,JIEPOILB_04684,,KGLDIDPM_04684,CFOCILDN_04658
group_769,,Pentapeptide repeat protein,MFCJNMFM_00150,JIEPOILB_00149,,KGLDIDPM_00149,CFOCILDN_04923
group_764,,ISL3 family transposase ISEc38,MFCJNMFM_05501,JIEPOILB_05494,MHMAIFBA_05115,KGLDIDPM_05493,
group_762,,ISNCY family transposase ISBcen27,MFCJNMFM_02634,JIEPOILB_02626,,KGLDIDPM_02636,CFOCILDN_00440
group_750,,hypothetical protein,MFCJNMFM_01539,JIEPOILB_01540,,KGLDIDPM_01537,CFOCILDN_04738
group_742,,hypothetical protein,MFCJNMFM_01008,JIEPOILB_01008,,KGLDIDPM_01007,CFOCILDN_01437
group_737,,hypothetical protein,MFCJNMFM_04753,JIEPOILB_04757,,KGLDIDPM_04757,CFOCILDN_03536
group_736,,hypothetical protein,MFCJNMFM_04452,JIEPOILB_04456,,KGLDIDPM_04456,CFOCILDN_00947
group_735,,hypothetical protein,MFCJNMFM_04035,JIEPOILB_04039,,KGLDIDPM_04039,CFOCILDN_04074
yghA_1,yghA_1,putative oxidoreductase YghA,MFCJNMFM_00151,JIEPOILB_00150,,KGLDIDPM_00150,CFOCILDN_04922
copR,copR,Transcriptional activator protein CopR,MFCJNMFM_05504,JIEPOILB_05497,MHMAIFBA_05118,KGLDIDPM_05496,
phnL,phnL,Alpha-D-ribose 1-methylphosphonate 5-triphosphate synthase subunit PhnL,MFCJNMFM_04723,JIEPOILB_04727,,KGLDIDPM_04727,CFOCILDN_03506
group_720,,hypothetical protein,MFCJNMFM_01909,JIEPOILB_01915,MHMAIFBA_03878,KGLDIDPM_01912,
group_716,,hypothetical protein,MFCJNMFM_04738,JIEPOILB_04742,,KGLDIDPM_04742,CFOCILDN_03521
yohK_2,yohK_2,Inner membrane protein YohK,MFCJNMFM_04748,JIEPOILB_04752,,KGLDIDPM_04752,CFOCILDN_03531
lpfB,lpfB,putative fimbrial chaperone LpfB,MFCJNMFM_04746,JIEPOILB_04750,,KGLDIDPM_04750,CFOCILDN_03529
group_709,,hypothetical protein,MFCJNMFM_01488,JIEPOILB_01489,,KGLDIDPM_01486,CFOCILDN_04556
bioH_2,bioH_2,Pimeloyl-[acyl-carrier protein] methyl ester esterase,MFCJNMFM_02562,JIEPOILB_02698,,KGLDIDPM_02564,CFOCILDN_00512
group_704,,putative HTH-type transcriptional regulator,MFCJNMFM_01526,JIEPOILB_01527,,KGLDIDPM_01524,CFOCILDN_04750
livF_3,livF_3,High-affinity branched-chain amino acid transport ATP-binding protein LivF,MFCJNMFM_02732,JIEPOILB_02528,,KGLDIDPM_02734,CFOCILDN_00342
group_698,,hypothetical protein,MFCJNMFM_01550,JIEPOILB_01551,,KGLDIDPM_01548,CFOCILDN_04727
citG_2,citG_2,2-(5''-triphosphoribosyl)-3'-dephosphocoenzyme-A synthase,MFCJNMFM_03640,JIEPOILB_03644,,KGLDIDPM_03644,CFOCILDN_04687
arsH_2,arsH_2,NADPH-dependent FMN reductase ArsH,MFCJNMFM_05497,JIEPOILB_05490,MHMAIFBA_05111,KGLDIDPM_05489,
group_685,,hypothetical protein,MFCJNMFM_04682,JIEPOILB_04686,,KGLDIDPM_04686,CFOCILDN_04660
group_673,,hypothetical protein,MFCJNMFM_01510,JIEPOILB_01511,,KGLDIDPM_01508,CFOCILDN_04535
group_671,,IS3 family transposase ISKpn38,MFCJNMFM_05475,JIEPOILB_05468,MHMAIFBA_05089,KGLDIDPM_05467,
phnF,phnF,putative transcriptional regulator PhnF,MFCJNMFM_04717,JIEPOILB_04721,,KGLDIDPM_04721,CFOCILDN_03500
ompR_2,ompR_2,DNA-binding dual transcriptional regulator OmpR,MFCJNMFM_04735,JIEPOILB_04739,,KGLDIDPM_04739,CFOCILDN_03518
mepM_2,mepM_2,Murein DD-endopeptidase MepM,MFCJNMFM_05510,JIEPOILB_05503,MHMAIFBA_05124,KGLDIDPM_05502,
group_655,,hypothetical protein,MFCJNMFM_00494,JIEPOILB_00495,MHMAIFBA_00445,KGLDIDPM_00494,
tagH,tagH,Teichoic acids export ATP-binding protein TagH,,JIEPOILB_01794,MHMAIFBA_01764,KGLDIDPM_01791,CFOCILDN_04798
group_653,,hypothetical protein,MFCJNMFM_05402,JIEPOILB_05401,MHMAIFBA_05167,KGLDIDPM_05400,
group_646,,hypothetical protein,MFCJNMFM_02631,JIEPOILB_02629,,KGLDIDPM_02633,CFOCILDN_00443
group_640,,hypothetical protein,MFCJNMFM_05419,JIEPOILB_05418,MHMAIFBA_05185,KGLDIDPM_05417,
group_637,,hypothetical protein,MFCJNMFM_02608,JIEPOILB_02652,,KGLDIDPM_02610,CFOCILDN_00466
group_634,,hypothetical protein,MFCJNMFM_04734,JIEPOILB_04738,,KGLDIDPM_04738,CFOCILDN_03517
phnP,phnP,Phosphoribosyl 12-cyclic phosphate phosphodiesterase,MFCJNMFM_04726,JIEPOILB_04730,,KGLDIDPM_04730,CFOCILDN_03509
phnK,phnK,Putative phosphonates utilization ATP-binding protein PhnK,MFCJNMFM_04722,JIEPOILB_04726,,KGLDIDPM_04726,CFOCILDN_03505
group_633,,hypothetical protein,MFCJNMFM_04706,JIEPOILB_04710,,KGLDIDPM_04710,CFOCILDN_04915
glpR_3,glpR_3,Glycerol-3-phosphate regulon repressor,MFCJNMFM_02748,JIEPOILB_02512,,KGLDIDPM_02750,CFOCILDN_00326
group_622,,hypothetical protein,MFCJNMFM_01509,JIEPOILB_01510,,KGLDIDPM_01507,CFOCILDN_04536
group_614,,hypothetical protein,MFCJNMFM_02084,JIEPOILB_03177,,KGLDIDPM_02087,CFOCILDN_02385
group_612,,hypothetical protein,MFCJNMFM_00493,JIEPOILB_00494,MHMAIFBA_00444,KGLDIDPM_00493,
yfcS,yfcS,putative fimbrial chaperone YfcS,MFCJNMFM_04036,JIEPOILB_04040,,KGLDIDPM_04040,CFOCILDN_04073
otnI,otnI,2-oxo-tetronate isomerase,MFCJNMFM_02752,JIEPOILB_02508,,KGLDIDPM_02754,CFOCILDN_00322
frcA,frcA,Fructose import ATP-binding protein FrcA,MFCJNMFM_02611,JIEPOILB_02649,,KGLDIDPM_02613,CFOCILDN_00463
group_606,,hypothetical protein,MFCJNMFM_04705,JIEPOILB_04709,,KGLDIDPM_04709,CFOCILDN_04914
group_605,,hypothetical protein,MFCJNMFM_01524,JIEPOILB_01525,,KGLDIDPM_01522,CFOCILDN_04752
attM,attM,N-acyl homoserine lactonase AttM,MFCJNMFM_02605,JIEPOILB_02655,,KGLDIDPM_02607,CFOCILDN_00469
group_599,,hypothetical protein,MFCJNMFM_04672,JIEPOILB_04676,,KGLDIDPM_04676,CFOCILDN_04650
group_598,,hypothetical protein,MFCJNMFM_04040,JIEPOILB_04044,,KGLDIDPM_04044,CFOCILDN_04069
group_597,,hypothetical protein,MFCJNMFM_04032,JIEPOILB_04036,,KGLDIDPM_04036,CFOCILDN_04077
eryH,eryH,L-erythrulose-1-phosphate isomerase,MFCJNMFM_03161,JIEPOILB_02099,,KGLDIDPM_03165,CFOCILDN_03364
livF_4,livF_4,High-affinity branched-chain amino acid transport ATP-binding protein LivF,MFCJNMFM_02733,JIEPOILB_02527,,KGLDIDPM_02735,CFOCILDN_00341
group_591,,hypothetical protein,MFCJNMFM_04440,JIEPOILB_04444,,KGLDIDPM_04444,CFOCILDN_00959
group_590,,hypothetical protein,MFCJNMFM_01519,JIEPOILB_01520,,KGLDIDPM_01517,CFOCILDN_04757
group_588,,hypothetical protein,MFCJNMFM_04673,JIEPOILB_04677,,KGLDIDPM_04677,CFOCILDN_04651
group_583,dam_2,DNA adenine methylase,MFCJNMFM_01530,JIEPOILB_01531,,KGLDIDPM_01528,CFOCILDN_04747
group_579,,ISL3 family transposase ISEc38,MFCJNMFM_05500,JIEPOILB_05493,MHMAIFBA_05114,KGLDIDPM_05492,
wbbD,wbbD,UDP-Gal:alpha-D-GlcNAc-diphosphoundecaprenol beta-13-galactosyltransferase,MFCJNMFM_01785,JIEPOILB_01784,,KGLDIDPM_01781,CFOCILDN_03355
group_574,,hypothetical protein,MFCJNMFM_05395,JIEPOILB_05394,MHMAIFBA_05160,KGLDIDPM_05393,
group_573,,hypothetical protein,MFCJNMFM_04686,JIEPOILB_04690,,KGLDIDPM_04690,CFOCILDN_04664
rhaS_5,rhaS_5,HTH-type transcriptional activator RhaS,MFCJNMFM_04398,JIEPOILB_04402,,KGLDIDPM_04402,CFOCILDN_01001
group_569,,IS110 family transposase IS4321L,MFCJNMFM_00711,JIEPOILB_00712,MHMAIFBA_00662,KGLDIDPM_00711,
phnE_2,phnE_2,Phosphate-import permease protein PhnE,MFCJNMFM_05462,JIEPOILB_05455,MHMAIFBA_05076,KGLDIDPM_05454,
glnQ_6,glnQ_6,Glutamine transport ATP-binding protein GlnQ,MFCJNMFM_05460,JIEPOILB_05453,MHMAIFBA_05074,KGLDIDPM_05452,
group_566,,hypothetical protein,MFCJNMFM_01789,JIEPOILB_01788,,KGLDIDPM_01785,CFOCILDN_04792
pdeC_2,pdeC_2,putative cyclic di-GMP phosphodiesterase PdeC,MFCJNMFM_05358,JIEPOILB_05358,MHMAIFBA_05143,KGLDIDPM_05357,
group_547,,hypothetical protein,MFCJNMFM_01518,JIEPOILB_01519,,KGLDIDPM_01516,CFOCILDN_04758
ttdA,ttdA,L(+)-tartrate dehydratase subunit alpha,MFCJNMFM_03633,JIEPOILB_03637,,KGLDIDPM_03637,CFOCILDN_04680
group_544,,hypothetical protein,MFCJNMFM_01910,JIEPOILB_01916,MHMAIFBA_03877,KGLDIDPM_01913,
phnJ,phnJ,Alpha-D-ribose 1-methylphosphonate 5-phosphate C-P lyase,MFCJNMFM_04721,JIEPOILB_04725,,KGLDIDPM_04725,CFOCILDN_03504
group_534,,hypothetical protein,MFCJNMFM_02085,JIEPOILB_03176,,KGLDIDPM_02088,CFOCILDN_02386
group_533,,hypothetical protein,MFCJNMFM_02054,JIEPOILB_03207,,KGLDIDPM_02057,CFOCILDN_02355
bla_2,bla_2,Beta-lactamase SHV-1,MFCJNMFM_02747,JIEPOILB_02513,,KGLDIDPM_02749,CFOCILDN_00327
ptxB,ptxB,putative phosphite transport system-binding protein PtxB,MFCJNMFM_05461,JIEPOILB_05454,MHMAIFBA_05075,KGLDIDPM_05453,
group_523,,hypothetical protein,MFCJNMFM_03227,JIEPOILB_02033,,KGLDIDPM_03231,CFOCILDN_03430
cmpR_2,cmpR_2,HTH-type transcriptional activator CmpR,MFCJNMFM_05464,JIEPOILB_05457,MHMAIFBA_05078,KGLDIDPM_05456,
araC_2,araC_2,Arabinose operon regulatory protein,MFCJNMFM_04575,JIEPOILB_04579,,KGLDIDPM_04579,CFOCILDN_02973
rbsK_1,rbsK_1,Ribokinase,MFCJNMFM_02614,JIEPOILB_02646,,KGLDIDPM_02616,CFOCILDN_00460
group_508,,hypothetical protein,MFCJNMFM_01784,JIEPOILB_01783,,KGLDIDPM_01780,CFOCILDN_03354
group_505,,hypothetical protein,MFCJNMFM_03283,JIEPOILB_01977,,KGLDIDPM_03287,CFOCILDN_03486
bla_1,bla_1,Beta-lactamase CTX-M-15,MFCJNMFM_00121,JIEPOILB_00120,,KGLDIDPM_00120,CFOCILDN_02678
oxyR_3,oxyR_3,DNA-binding transcriptional dual regulator OxyR,MFCJNMFM_04750,JIEPOILB_04754,,KGLDIDPM_04754,CFOCILDN_03533
cynR_6,cynR_6,HTH-type transcriptional regulator CynR,MFCJNMFM_03634,JIEPOILB_03638,,KGLDIDPM_03638,CFOCILDN_04681
group_496,,hypothetical protein,MFCJNMFM_01513,JIEPOILB_01514,,KGLDIDPM_01511,CFOCILDN_04533
group_494,,hypothetical protein,MFCJNMFM_02604,JIEPOILB_02656,,KGLDIDPM_02606,CFOCILDN_00470
group_491,,hypothetical protein,MFCJNMFM_04031,JIEPOILB_04035,,KGLDIDPM_04035,CFOCILDN_04078
aaeR_4,aaeR_4,HTH-type transcriptional activator AaeR,MFCJNMFM_02306,JIEPOILB_02955,,KGLDIDPM_02308,CFOCILDN_00767
group_485,,hypothetical protein,,JIEPOILB_01797,MHMAIFBA_01767,KGLDIDPM_01794,CFOCILDN_04802
pcoB,pcoB,Copper resistance protein B,MFCJNMFM_05507,JIEPOILB_05500,MHMAIFBA_05121,KGLDIDPM_05499,
eamA,eamA,putative amino-acid metabolite efflux pump,MFCJNMFM_02729,JIEPOILB_02531,,KGLDIDPM_02731,CFOCILDN_00345
ltnD,ltnD,L-threonate dehydrogenase,MFCJNMFM_02749,JIEPOILB_02511,,KGLDIDPM_02751,CFOCILDN_00325
group_470,,HTH-type transcriptional regulator,MFCJNMFM_02603,JIEPOILB_02657,,KGLDIDPM_02605,CFOCILDN_00471
group_457,,hypothetical protein,MFCJNMFM_04674,JIEPOILB_04678,,KGLDIDPM_04678,CFOCILDN_04652
group_454,,hypothetical protein,MFCJNMFM_01532,JIEPOILB_01533,,KGLDIDPM_01530,CFOCILDN_04745
group_445,,hypothetical protein,MFCJNMFM_04733,JIEPOILB_04737,,KGLDIDPM_04737,CFOCILDN_03516
cbpA,cbpA,Curved DNA-binding protein,MFCJNMFM_04707,JIEPOILB_04711,,KGLDIDPM_04711,CFOCILDN_04916
dapA_4,dapA_4,4-hydroxy-tetrahydrodipicolinate synthase,MFCJNMFM_04397,JIEPOILB_04401,,KGLDIDPM_04401,CFOCILDN_01002
group_441,,IS5 family transposase IS903,MFCJNMFM_05359,JIEPOILB_05359,MHMAIFBA_05144,KGLDIDPM_05358,
yjiE_2,yjiE_2,HTH-type transcriptional regulator YjiE,MFCJNMFM_03635,JIEPOILB_03639,,KGLDIDPM_03639,CFOCILDN_04682
copD,copD,Copper resistance protein D,MFCJNMFM_05505,JIEPOILB_05498,MHMAIFBA_05119,KGLDIDPM_05497,
melR,melR,Melibiose operon regulatory protein,MFCJNMFM_04713,JIEPOILB_04717,,KGLDIDPM_04717,CFOCILDN_03496
rbsB_4,rbsB_4,Ribose import binding protein RbsB,MFCJNMFM_04731,JIEPOILB_04735,,KGLDIDPM_04735,CFOCILDN_03514
rob_1,rob_1,Right origin-binding protein,MFCJNMFM_02754,JIEPOILB_02506,,KGLDIDPM_02756,CFOCILDN_00320
group_419,,hypothetical protein,MFCJNMFM_00491,JIEPOILB_00492,MHMAIFBA_00442,KGLDIDPM_00491,
group_416,rhaS_3,HTH-type transcriptional activator RhaS,MFCJNMFM_02518,JIEPOILB_02742,,KGLDIDPM_02520,CFOCILDN_00556
group_414,,Cyclic di-GMP phosphodiesterase,MFCJNMFM_05360,JIEPOILB_05360,MHMAIFBA_05145,KGLDIDPM_05359,
cutD,cutD,Choline trimethylamine-lyase activating enzyme,MFCJNMFM_04449,JIEPOILB_04453,,KGLDIDPM_04453,CFOCILDN_00950
group_413,,4-hydroxyproline 2-epimerase,MFCJNMFM_04399,JIEPOILB_04403,,KGLDIDPM_04403,CFOCILDN_01000
talB_2,talB_2,Transaldolase B,MFCJNMFM_03155,JIEPOILB_02105,,KGLDIDPM_03159,CFOCILDN_03358
group_408,,Hydroxypyruvate reductase,MFCJNMFM_02721,JIEPOILB_02539,,KGLDIDPM_02723,CFOCILDN_00353
rbsB_1,rbsB_1,Ribose import binding protein RbsB,MFCJNMFM_02613,JIEPOILB_02647,,KGLDIDPM_02615,CFOCILDN_00461
group_401,,hypothetical protein,MFCJNMFM_01529,JIEPOILB_01530,,KGLDIDPM_01527,CFOCILDN_04748
parM,parM,Plasmid segregation protein ParM,MFCJNMFM_04710,JIEPOILB_04714,,KGLDIDPM_04714,CFOCILDN_03493
htpX_2,htpX_2,Protease HtpX,MFCJNMFM_05473,JIEPOILB_05466,MHMAIFBA_05087,KGLDIDPM_05465,
sorC_1,sorC_1,Sorbitol operon regulator,MFCJNMFM_03162,JIEPOILB_02098,,KGLDIDPM_03166,CFOCILDN_03365
group_393,,hypothetical protein,MFCJNMFM_00997,JIEPOILB_00998,,KGLDIDPM_00997,CFOCILDN_01447
tehA_2,tehA_2,Tellurite resistance protein TehA,MFCJNMFM_02630,JIEPOILB_02630,,KGLDIDPM_02632,CFOCILDN_00444
group_391,,hypothetical protein,MFCJNMFM_02520,JIEPOILB_02740,,KGLDIDPM_02522,CFOCILDN_00554
ykoT,ykoT,putative glycosyltransferase YkoT,,JIEPOILB_01801,MHMAIFBA_01771,KGLDIDPM_01798,CFOCILDN_04806
group_378,,hypothetical protein,MFCJNMFM_01089,JIEPOILB_01089,,KGLDIDPM_01088,CFOCILDN_01358
qorA_1,qorA_1,Quinone oxidoreductase 1,MFCJNMFM_02307,JIEPOILB_02954,,KGLDIDPM_02309,CFOCILDN_00766
rbsC_6,rbsC_6,Ribose import permease protein RbsC,MFCJNMFM_04730,JIEPOILB_04734,,KGLDIDPM_04734,CFOCILDN_03513
rbsC_1,rbsC_1,Ribose import permease protein RbsC,MFCJNMFM_02610,JIEPOILB_02650,,KGLDIDPM_02612,CFOCILDN_00464
rbsK_3,rbsK_3,Ribokinase,MFCJNMFM_04732,JIEPOILB_04736,,KGLDIDPM_04736,CFOCILDN_03515
pdxA2_2,pdxA2_2,D-erythronate 4-phosphate dehydrogenase,MFCJNMFM_03160,JIEPOILB_02100,,KGLDIDPM_03164,CFOCILDN_03363
ptxD,ptxD,Phosphonate dehydrogenase,MFCJNMFM_05463,JIEPOILB_05456,MHMAIFBA_05077,KGLDIDPM_05455,
kdgT,kdgT,2-keto-3-deoxygluconate permease,MFCJNMFM_03158,JIEPOILB_02102,,KGLDIDPM_03162,CFOCILDN_03361
rbsR_1,rbsR_1,Ribose operon repressor,MFCJNMFM_02612,JIEPOILB_02648,,KGLDIDPM_02614,CFOCILDN_00462
group_345,,hypothetical protein,MFCJNMFM_04071,JIEPOILB_04075,,KGLDIDPM_04075,CFOCILDN_04038
group_338,,hypothetical protein,MFCJNMFM_04504,JIEPOILB_04508,,KGLDIDPM_04508,CFOCILDN_03042
group_321,,hypothetical protein,MFCJNMFM_01786,JIEPOILB_01785,,KGLDIDPM_01782,CFOCILDN_03356
phnI,phnI,Alpha-D-ribose 1-methylphosphonate 5-triphosphate synthase subunit PhnI,MFCJNMFM_04720,JIEPOILB_04724,,KGLDIDPM_04724,CFOCILDN_03503
lacI_1,lacI_1,Lactose operon repressor,MFCJNMFM_02742,JIEPOILB_02518,,KGLDIDPM_02744,CFOCILDN_00332
group_307,,hypothetical protein,MFCJNMFM_02734,JIEPOILB_02526,,KGLDIDPM_02736,CFOCILDN_00340
group_304,,hypothetical protein,MFCJNMFM_01522,JIEPOILB_01523,,KGLDIDPM_01520,CFOCILDN_04754
opd,opd,Parathion hydrolase,MFCJNMFM_02609,JIEPOILB_02651,,KGLDIDPM_02611,CFOCILDN_00465
pglH,pglH,GalNAc-alpha-(1->4)-GalNAc-alpha-(1->3)-diNAcBac-PP-undecaprenol alpha-14-N-acetyl-D-galactosaminyltransferase,MFCJNMFM_01787,JIEPOILB_01786,,KGLDIDPM_01783,CFOCILDN_03357
group_299,,hypothetical protein,MFCJNMFM_01504,JIEPOILB_01505,,KGLDIDPM_01502,CFOCILDN_04541
group_298,,hypothetical protein,MFCJNMFM_00994,JIEPOILB_00995,,KGLDIDPM_00994,CFOCILDN_01450
mdtA_3,mdtA_3,Multidrug resistance protein MdtA,MFCJNMFM_03664,JIEPOILB_03668,,KGLDIDPM_03668,CFOCILDN_04711
group_296,,hypothetical protein,MFCJNMFM_02745,JIEPOILB_02515,,KGLDIDPM_02747,CFOCILDN_00329
oatA,oatA,O-acetyltransferase OatA,MFCJNMFM_01561,JIEPOILB_01562,,KGLDIDPM_01559,CFOCILDN_04716
group_289,,hypothetical protein,MFCJNMFM_01560,JIEPOILB_01561,,KGLDIDPM_01558,CFOCILDN_04717
group_288,,hypothetical protein,MFCJNMFM_04743,JIEPOILB_04747,,KGLDIDPM_04747,CFOCILDN_03526
rhaS_4,rhaS_4,HTH-type transcriptional activator RhaS,MFCJNMFM_02739,JIEPOILB_02521,,KGLDIDPM_02741,CFOCILDN_00335
group_285,,hypothetical protein,MFCJNMFM_04073,JIEPOILB_04077,,KGLDIDPM_04077,CFOCILDN_04036
group_281,,hypothetical protein,MFCJNMFM_02737,JIEPOILB_02523,,KGLDIDPM_02739,CFOCILDN_00337
fruA_3,fruA_3,PTS system fructose-specific EIIB'BC component,MFCJNMFM_02600,JIEPOILB_02660,,KGLDIDPM_02602,CFOCILDN_00474
thiO,thiO,Glycine oxidase,MFCJNMFM_04400,JIEPOILB_04404,,KGLDIDPM_04404,CFOCILDN_00999
argE_1,argE_1,Acetylornithine deacetylase,MFCJNMFM_02607,JIEPOILB_02653,,KGLDIDPM_02609,CFOCILDN_00467
pglA,pglA,NN'-diacetylbacillosaminyl-diphospho-undecaprenol alpha-13-N-acetylgalactosaminyltransferase,,JIEPOILB_01798,MHMAIFBA_01768,KGLDIDPM_01795,CFOCILDN_04803
phnM,phnM,Alpha-D-ribose 1-methylphosphonate 5-triphosphate diphosphatase,MFCJNMFM_04724,JIEPOILB_04728,,KGLDIDPM_04728,CFOCILDN_03507
wcaJ,wcaJ,UDP-glucose:undecaprenyl-phosphate glucose-1-phosphate transferase,MFCJNMFM_04065,JIEPOILB_04069,,KGLDIDPM_04069,CFOCILDN_04044
group_259,,hypothetical protein,MFCJNMFM_01001,JIEPOILB_01002,,KGLDIDPM_01001,CFOCILDN_01443
group_256,,hypothetical protein,MFCJNMFM_04042,JIEPOILB_04046,,KGLDIDPM_04046,CFOCILDN_04067
group_248,,hypothetical protein,MFCJNMFM_00502,JIEPOILB_00503,MHMAIFBA_00453,KGLDIDPM_00502,
group_247,intA_3,Prophage integrase IntA,MFCJNMFM_01517,JIEPOILB_01518,,KGLDIDPM_01515,CFOCILDN_04759
adhE_3,adhE_3,Aldehyde-alcohol dehydrogenase,MFCJNMFM_04447,JIEPOILB_04451,,KGLDIDPM_04451,CFOCILDN_00952
intS,intS,Prophage integrase IntS,MFCJNMFM_04028,JIEPOILB_04032,,KGLDIDPM_04032,CFOCILDN_04081
group_238,intA_2,Prophage integrase IntA,MFCJNMFM_01204,JIEPOILB_01204,,KGLDIDPM_01202,CFOCILDN_03968
group_234,,hypothetical protein,MFCJNMFM_02730,JIEPOILB_02530,,KGLDIDPM_02732,CFOCILDN_00344
group_232,,hypothetical protein,MFCJNMFM_01093,JIEPOILB_01093,,KGLDIDPM_01092,CFOCILDN_01354
group_230,,hypothetical protein,MFCJNMFM_04664,JIEPOILB_04668,,KGLDIDPM_04668,CFOCILDN_04643
arnC_2,arnC_2,Undecaprenyl-phosphate 4-deoxy-4-formamido-L-arabinose transferase,,JIEPOILB_01799,MHMAIFBA_01769,KGLDIDPM_01796,CFOCILDN_04804
group_227,,hypothetical protein,MFCJNMFM_02602,JIEPOILB_02658,,KGLDIDPM_02604,CFOCILDN_00472
group_226,,hypothetical protein,MFCJNMFM_01498,JIEPOILB_01499,,KGLDIDPM_01496,CFOCILDN_04547
glgM,glgM,Alpha-maltose-1-phosphate synthase,MFCJNMFM_04072,JIEPOILB_04076,,KGLDIDPM_04076,CFOCILDN_04037
group_224,,hypothetical protein,MFCJNMFM_04069,JIEPOILB_04073,,KGLDIDPM_04073,CFOCILDN_04040
bluF_1,bluF_1,Blue light- and temperature-regulated antirepressor BluF,MFCJNMFM_02756,JIEPOILB_02504,,KGLDIDPM_02758,CFOCILDN_00318
prsE,prsE,Type I secretion system membrane fusion protein PrsE,MFCJNMFM_03285,JIEPOILB_01975,,KGLDIDPM_03289,CFOCILDN_03488
group_221,,hypothetical protein,MFCJNMFM_01543,JIEPOILB_01544,,KGLDIDPM_01541,CFOCILDN_04734
intA_1,intA_1,Prophage integrase IntA,MFCJNMFM_00490,JIEPOILB_00491,MHMAIFBA_00441,KGLDIDPM_00490,
rafB_2,rafB_2,Raffinose permease,MFCJNMFM_04577,JIEPOILB_04581,,KGLDIDPM_04581,CFOCILDN_02971
group_215,,hypothetical protein,MFCJNMFM_01545,JIEPOILB_01546,,KGLDIDPM_01543,CFOCILDN_04732
group_213,,hypothetical protein,MFCJNMFM_00504,JIEPOILB_00505,MHMAIFBA_00455,KGLDIDPM_00504,
group_210,,hypothetical protein,MFCJNMFM_01511,JIEPOILB_01512,,KGLDIDPM_01509,CFOCILDN_04534
group_208,,hypothetical protein,MFCJNMFM_01783,JIEPOILB_01782,,KGLDIDPM_01779,CFOCILDN_03353
hcnB,hcnB,Hydrogen cyanide synthase subunit HcnB,MFCJNMFM_04402,JIEPOILB_04406,,KGLDIDPM_04406,CFOCILDN_00997
group_207,,IS1380 family transposase ISEcp1,MFCJNMFM_00119,JIEPOILB_00118,,KGLDIDPM_00118,CFOCILDN_02680
otnK,otnK,3-oxo-tetronate kinase,MFCJNMFM_02750,JIEPOILB_02510,,KGLDIDPM_02752,CFOCILDN_00324
lacY,lacY,Lactose permease,MFCJNMFM_02744,JIEPOILB_02516,,KGLDIDPM_02746,CFOCILDN_00330
sdcS,sdcS,Sodium-dependent dicarboxylate transporter SdcS,MFCJNMFM_03636,JIEPOILB_03640,,KGLDIDPM_03640,CFOCILDN_04683
amiC_2,amiC_2,Aliphatic amidase expression-regulating protein,MFCJNMFM_02736,JIEPOILB_02524,,KGLDIDPM_02738,CFOCILDN_00338
group_202,,hypothetical protein,MFCJNMFM_05357,JIEPOILB_05357,MHMAIFBA_05142,KGLDIDPM_05356,
licC_5,licC_5,Lichenan permease IIC component,MFCJNMFM_02516,JIEPOILB_02744,,KGLDIDPM_02518,CFOCILDN_00558
group_194,,hypothetical protein,MFCJNMFM_02519,JIEPOILB_02741,,KGLDIDPM_02521,CFOCILDN_00555
cvaA,cvaA,Colicin V secretion protein CvaA,MFCJNMFM_04501,JIEPOILB_04505,,KGLDIDPM_04505,CFOCILDN_03045
group_193,,hypothetical protein,MFCJNMFM_04066,JIEPOILB_04070,,KGLDIDPM_04070,CFOCILDN_04043
arsB_pKW301,arsB_pKW301,arsenite efflux transporter membrane subunit ArsB,MFCJNMFM_05490,JIEPOILB_05483,MHMAIFBA_05104,KGLDIDPM_05482,
silB,silB,Cu(+)/Ag(+) efflux RND transporter periplasmic adaptor subunit SilB,MFCJNMFM_05515,JIEPOILB_05508,MHMAIFBA_05129,KGLDIDPM_05507,
tuaB,tuaB,Teichuronic acid biosynthesis protein TuaB,MFCJNMFM_01790,JIEPOILB_01789,,KGLDIDPM_01786,CFOCILDN_04793
gltP,gltP,Proton/glutamate-aspartate symporter,MFCJNMFM_04739,JIEPOILB_04743,,KGLDIDPM_04743,CFOCILDN_03522
group_181,,hypothetical protein,MFCJNMFM_04676,JIEPOILB_04680,,KGLDIDPM_04680,CFOCILDN_04654
gudP_2,gudP_2,putative galactarate/D-glucarate transporter GudP,MFCJNMFM_02722,JIEPOILB_02538,,KGLDIDPM_02724,CFOCILDN_00352
pgaC,pgaC,Poly-beta-16-N-acetyl-D-glucosamine synthase,MFCJNMFM_04703,JIEPOILB_04707,,KGLDIDPM_04707,CFOCILDN_04912
bglF_2,bglF_2,PTS system beta-glucoside-specific EIIBCA component,MFCJNMFM_02632,JIEPOILB_02628,,KGLDIDPM_02634,CFOCILDN_00442
arsA_3,arsA_3,Arsenical pump-driving ATPase,MFCJNMFM_05494,JIEPOILB_05487,MHMAIFBA_05108,KGLDIDPM_05486,
tssK1_1,tssK1_1,Type VI secretion system baseplate component TssK1,MFCJNMFM_01009,JIEPOILB_01009,,KGLDIDPM_01008,CFOCILDN_01436
ghxP,ghxP,Guanine/hypoxanthine permease GhxP,MFCJNMFM_04752,JIEPOILB_04756,,KGLDIDPM_04756,CFOCILDN_03535
tssK1_2,tssK1_2,Type VI secretion system baseplate component TssK1,MFCJNMFM_01487,JIEPOILB_01488,,KGLDIDPM_01485,CFOCILDN_04557
melA,melA,Alpha-galactosidase,MFCJNMFM_04712,JIEPOILB_04716,,KGLDIDPM_04716,CFOCILDN_03495
ygbN,ygbN,Inner membrane permease YgbN,MFCJNMFM_02753,JIEPOILB_02507,,KGLDIDPM_02755,CFOCILDN_00321
group_171,,hypothetical protein,MFCJNMFM_04070,JIEPOILB_04074,,KGLDIDPM_04074,CFOCILDN_04039
silC,silC,Cu(+)/Ag(+) efflux RND transporter outer membrane channel SilC,MFCJNMFM_05517,JIEPOILB_05510,MHMAIFBA_05131,KGLDIDPM_05509,
pcoS,pcoS,copper resistance membrane spanning protein PcoS,MFCJNMFM_05503,JIEPOILB_05496,MHMAIFBA_05117,KGLDIDPM_05495,
melB,melB,Melibiose permease,MFCJNMFM_04711,JIEPOILB_04715,,KGLDIDPM_04715,CFOCILDN_03494
group_160,,hypothetical protein,MFCJNMFM_04075,JIEPOILB_04079,,KGLDIDPM_04079,CFOCILDN_04034
group_152,,hypothetical protein,MFCJNMFM_05403,JIEPOILB_05402,MHMAIFBA_05168,KGLDIDPM_05401,
group_146,,hypothetical protein,MFCJNMFM_00161,JIEPOILB_00160,,KGLDIDPM_00160,CFOCILDN_04878
group_145,,hypothetical protein,MFCJNMFM_03287,JIEPOILB_01973,,KGLDIDPM_03291,CFOCILDN_03490
bglH_2,bglH_2,Aryl-phospho-beta-D-glucosidase BglH,MFCJNMFM_02633,JIEPOILB_02627,,KGLDIDPM_02635,CFOCILDN_00441
group_140,,hypothetical protein,MFCJNMFM_01005,JIEPOILB_01005,,KGLDIDPM_01004,CFOCILDN_01440
group_139,,hypothetical protein,MFCJNMFM_01086,JIEPOILB_01086,,KGLDIDPM_01085,CFOCILDN_01361
group_138,,hypothetical protein,,JIEPOILB_01800,MHMAIFBA_01770,KGLDIDPM_01797,CFOCILDN_04805
group_132,,Type I restriction enzyme MpnII methylase subunit,MFCJNMFM_04663,JIEPOILB_04667,,KGLDIDPM_04667,CFOCILDN_04642
hsdM,hsdM,Type I restriction enzyme EcoR124I/EcoR124II methylase subunit,MFCJNMFM_04662,JIEPOILB_04666,,KGLDIDPM_04666,CFOCILDN_04641
proP_2,proP_2,Proline/betaine transporter,MFCJNMFM_04714,JIEPOILB_04718,,KGLDIDPM_04718,CFOCILDN_03497
gabR_3,gabR_3,HTH-type transcriptional regulatory protein GabR,MFCJNMFM_02629,JIEPOILB_02631,,KGLDIDPM_02631,CFOCILDN_00445
group_130,,hypothetical protein,MFCJNMFM_04679,JIEPOILB_04683,,KGLDIDPM_04683,CFOCILDN_04657
rbsA_2,rbsA_2,Ribose import ATP-binding protein RbsA,MFCJNMFM_04729,JIEPOILB_04733,,KGLDIDPM_04733,CFOCILDN_03512
group_116,,hypothetical protein,MFCJNMFM_02735,JIEPOILB_02525,,KGLDIDPM_02737,CFOCILDN_00339
adhE_2,adhE_2,Bifunctional aldehyde-alcohol dehydrogenase AdhE,MFCJNMFM_04445,JIEPOILB_04449,,KGLDIDPM_04449,CFOCILDN_00954
yveA,yveA,Aspartate-proton symporter,MFCJNMFM_04395,JIEPOILB_04399,,KGLDIDPM_04399,CFOCILDN_01004
group_112,,Alpha-ketoglutaric semialdehyde dehydrogenase,MFCJNMFM_04396,JIEPOILB_04400,,KGLDIDPM_04400,CFOCILDN_01003
group_109,,hypothetical protein,MFCJNMFM_01502,JIEPOILB_01503,,KGLDIDPM_01500,CFOCILDN_04543
nhaK,nhaK,Sodium potassium lithium and rubidium/H(+) antiporter,MFCJNMFM_04751,JIEPOILB_04755,,KGLDIDPM_04755,CFOCILDN_03534
actP,actP,Cation/acetate symporter ActP,MFCJNMFM_04742,JIEPOILB_04746,,KGLDIDPM_04746,CFOCILDN_03525
group_94,,hypothetical protein,MFCJNMFM_00511,JIEPOILB_00512,MHMAIFBA_00462,KGLDIDPM_00511,
pal_2,pal_2,Peptidoglycan-associated lipoprotein,MFCJNMFM_01489,JIEPOILB_01490,,KGLDIDPM_01487,CFOCILDN_04555
fdhF_3,fdhF_3,Formate dehydrogenase H,MFCJNMFM_04737,JIEPOILB_04741,,KGLDIDPM_04741,CFOCILDN_03520
pal_1,pal_1,Peptidoglycan-associated lipoprotein,MFCJNMFM_01007,JIEPOILB_01007,,KGLDIDPM_01006,CFOCILDN_01438
xerC_4,xerC_4,Tyrosine recombinase XerC,MFCJNMFM_05218,JIEPOILB_05214,MHMAIFBA_05246,KGLDIDPM_05215,
group_87,,hypothetical protein,MFCJNMFM_03159,JIEPOILB_02101,,KGLDIDPM_03163,CFOCILDN_03362
arsA_1,arsA_1,arsenite efflux transporter ATPase subunit ArsA,MFCJNMFM_05489,JIEPOILB_05482,MHMAIFBA_05103,KGLDIDPM_05481,
group_83,,hypothetical protein,MFCJNMFM_01541,JIEPOILB_01542,,KGLDIDPM_01539,CFOCILDN_04736
tssF1_1,tssF1_1,Type VI secretion system component TssF1,MFCJNMFM_00995,JIEPOILB_00996,,KGLDIDPM_00995,CFOCILDN_01449
tssF1_2,tssF1_2,Type VI secretion system component TssF1,MFCJNMFM_01503,JIEPOILB_01504,,KGLDIDPM_01501,CFOCILDN_04542
pcoA,pcoA,multicopper oxidase PcoA,MFCJNMFM_05508,JIEPOILB_05501,MHMAIFBA_05122,KGLDIDPM_05500,
group_72,,Tn3 family transposase IS3000,MFCJNMFM_00148,JIEPOILB_00147,,KGLDIDPM_00147,CFOCILDN_04925
pcrA,pcrA,ATP-dependent DNA helicase PcrA,MFCJNMFM_01376,JIEPOILB_01377,,KGLDIDPM_01374,CFOCILDN_03142
group_68,,hypothetical protein,,JIEPOILB_01795,MHMAIFBA_01765,KGLDIDPM_01792,CFOCILDN_04799
acs,acs,Acetyl-coenzyme A synthetase,MFCJNMFM_04740,JIEPOILB_04744,,KGLDIDPM_04744,CFOCILDN_03523
recF_2,recF_2,DNA replication and repair protein RecF,MFCJNMFM_01375,JIEPOILB_01376,,KGLDIDPM_01373,CFOCILDN_03143
group_65,,Glycine betaine transporter,MFCJNMFM_05355,JIEPOILB_05355,MHMAIFBA_05140,KGLDIDPM_05354,
bgaA,bgaA,Beta-galactosidase BgaA,MFCJNMFM_04576,JIEPOILB_04580,,KGLDIDPM_04580,CFOCILDN_02972
pgaB,pgaB,Poly-beta-16-N-acetyl-D-glucosamine N-deacetylase,MFCJNMFM_04702,JIEPOILB_04706,,KGLDIDPM_04706,CFOCILDN_04911
group_63,,hypothetical protein,MFCJNMFM_02083,JIEPOILB_03178,,KGLDIDPM_02086,CFOCILDN_02384
group_62,,hypothetical protein,MFCJNMFM_04691,JIEPOILB_04695,,KGLDIDPM_04695,CFOCILDN_04669
group_57,,hypothetical protein,MFCJNMFM_04068,JIEPOILB_04072,,KGLDIDPM_04072,CFOCILDN_04041
hlyB,hlyB,Alpha-hemolysin translocation ATP-binding protein HlyB,MFCJNMFM_04500,JIEPOILB_04504,,KGLDIDPM_04504,CFOCILDN_03046
group_55,,hypothetical protein,MFCJNMFM_00499,JIEPOILB_00500,MHMAIFBA_00450,KGLDIDPM_00499,
apxIB,apxIB,Toxin RTX-I translocation ATP-binding protein,MFCJNMFM_03286,JIEPOILB_01974,,KGLDIDPM_03290,CFOCILDN_03489
dbpA_2,dbpA_2,ATP-dependent RNA helicase DbpA,MFCJNMFM_04677,JIEPOILB_04681,,KGLDIDPM_04681,CFOCILDN_04655
rcsC_4,rcsC_4,Sensor histidine kinase RcsC,MFCJNMFM_04728,JIEPOILB_04732,,KGLDIDPM_04732,CFOCILDN_03511
group_48,,hypothetical protein,MFCJNMFM_04675,JIEPOILB_04679,,KGLDIDPM_04679,CFOCILDN_04653
vgrG2b_3,vgrG2b_3,Type VI secretion system spike protein VgrG2b,MFCJNMFM_01506,JIEPOILB_01507,,KGLDIDPM_01504,CFOCILDN_04539
vgrG2b_2,vgrG2b_2,Type VI secretion system spike protein VgrG2b,MFCJNMFM_01492,JIEPOILB_01493,,KGLDIDPM_01490,CFOCILDN_04552
group_40,,hypothetical protein,MFCJNMFM_02944,JIEPOILB_02316,,KGLDIDPM_02946,CFOCILDN_00130
silP,silP,Ag(+)-translocating P-type ATPase SilP,MFCJNMFM_05512,JIEPOILB_05505,MHMAIFBA_05126,KGLDIDPM_05504,
group_37,,hypothetical protein,MFCJNMFM_01965,JIEPOILB_01971,MHMAIFBA_03821,KGLDIDPM_01968,
pgaA,pgaA,Poly-beta-16-N-acetyl-D-glucosamine export protein,MFCJNMFM_04701,JIEPOILB_04705,,KGLDIDPM_04705,CFOCILDN_04910
group_33,,Tn3 family transposase Tn2,MFCJNMFM_00123,JIEPOILB_00122,,KGLDIDPM_00122,CFOCILDN_02676
vgrG2b_1,vgrG2b_1,Type VI secretion system spike protein VgrG2b,MFCJNMFM_01006,JIEPOILB_01006,,KGLDIDPM_01005,CFOCILDN_01439
steB,steB,fimbrial biogenesis outer membrane usher protein SteB,MFCJNMFM_04037,JIEPOILB_04041,,KGLDIDPM_04041,CFOCILDN_04072
fimD_2,fimD_2,Outer membrane usher protein FimD,MFCJNMFM_04745,JIEPOILB_04749,,KGLDIDPM_04749,CFOCILDN_03528
group_31,,hypothetical protein,MFCJNMFM_01559,JIEPOILB_01560,,KGLDIDPM_01557,CFOCILDN_04718
group_30,,Alpha-L-rhamnosidase,MFCJNMFM_02517,JIEPOILB_02743,,KGLDIDPM_02519,CFOCILDN_00557
traC_2,traC_2,Protein TraC,MFCJNMFM_05409,JIEPOILB_05408,MHMAIFBA_05176,KGLDIDPM_05407,
ctpF_1,ctpF_1,putative cation-transporting ATPase F,MFCJNMFM_03667,JIEPOILB_03671,,KGLDIDPM_03671,CFOCILDN_04714
group_26,,hypothetical protein,MFCJNMFM_01494,JIEPOILB_01495,,KGLDIDPM_01492,CFOCILDN_04550
clpK,clpK,heat shock survival AAA family ATPase ClpK,MFCJNMFM_05470,JIEPOILB_05463,MHMAIFBA_05084,KGLDIDPM_05462,
group_16,,hypothetical protein,MFCJNMFM_04665,JIEPOILB_04669,,KGLDIDPM_04669,CFOCILDN_04644
bepE,bepE,Efflux pump membrane transporter BepE,MFCJNMFM_03663,JIEPOILB_03667,,KGLDIDPM_03667,CFOCILDN_04710
group_13,,hypothetical protein,MFCJNMFM_01558,JIEPOILB_01559,,KGLDIDPM_01556,CFOCILDN_04719
lacZ,lacZ,Beta-galactosidase,MFCJNMFM_02743,JIEPOILB_02517,,KGLDIDPM_02745,CFOCILDN_00331
gtfA,gtfA,UDP-N-acetylglucosamine--peptide N-acetylglucosaminyltransferase GtfA subunit,MFCJNMFM_03284,JIEPOILB_01976,,KGLDIDPM_03288,CFOCILDN_03487
silA_2,silA_2,Cu(+)/Ag(+) efflux RND transporter permease subunit SilA,MFCJNMFM_05514,JIEPOILB_05507,MHMAIFBA_05128,KGLDIDPM_05506,
group_9,,hypothetical protein,MFCJNMFM_01000,JIEPOILB_01001,,KGLDIDPM_01000,CFOCILDN_01444
group_8,,hypothetical protein,MFCJNMFM_01499,JIEPOILB_01500,,KGLDIDPM_01497,CFOCILDN_04546
cutC_2,cutC_2,Choline trimethylamine-lyase,MFCJNMFM_04448,JIEPOILB_04452,,KGLDIDPM_04452,CFOCILDN_00951
group_3,,hypothetical protein,MFCJNMFM_01095,JIEPOILB_01095,,KGLDIDPM_01094,CFOCILDN_01352
group_0,,hypothetical protein,MFCJNMFM_04678,JIEPOILB_04682,,KGLDIDPM_04682,CFOCILDN_04656
group_2005,,IS3 family transposase ISKpn1,MFCJNMFM_04698,JIEPOILB_04702,,KGLDIDPM_04702,
group_1996,,hypothetical protein,MFCJNMFM_05136,JIEPOILB_05132,,KGLDIDPM_05133,
group_1987,,hypothetical protein,MFCJNMFM_04020,JIEPOILB_04024,,KGLDIDPM_04024,
group_1960,,hypothetical protein,MFCJNMFM_05371;MFCJNMFM_05370,JIEPOILB_05370,,KGLDIDPM_05369,
group_1953,,hypothetical protein,MFCJNMFM_05417,JIEPOILB_05416,,KGLDIDPM_05415,
group_1908,,IS3 family transposase ISEcl1,MFCJNMFM_00126,JIEPOILB_00125,,KGLDIDPM_00125,
merC_1,merC_1,Mercuric transport protein MerC,MFCJNMFM_05229,JIEPOILB_05225,,KGLDIDPM_05226,
xerC_5,xerC_5,Tyrosine recombinase XerC,MFCJNMFM_05241,JIEPOILB_05237,,KGLDIDPM_05238,
group_1888,,Putative transposase for insertion sequence element IS5376,MFCJNMFM_05456,JIEPOILB_05341,,KGLDIDPM_05343,
group_1884,,Putative transposase for insertion sequence element IS5376,MFCJNMFM_05212,JIEPOILB_05208,,KGLDIDPM_05209,
group_1882,,IS21 family transposase IS100kyp,MFCJNMFM_05211,JIEPOILB_05207,,KGLDIDPM_05208,
group_1880,,IS21 family transposase ISKpn7,MFCJNMFM_05106,JIEPOILB_05340,,KGLDIDPM_05342,
group_1877,,IS5 family transposase IS903,MFCJNMFM_05428,JIEPOILB_05427,,KGLDIDPM_05426,
group_1876,,IS3 family transposase ISKpn1,MFCJNMFM_03669,JIEPOILB_03673,,KGLDIDPM_03673,
group_1874,,IS3 family transposase ISKpn1,MFCJNMFM_03668,JIEPOILB_03672,,KGLDIDPM_03672,
group_1870,,hypothetical protein,MFCJNMFM_01313,JIEPOILB_01314,,KGLDIDPM_01311,
group_1866,,IS5 family transposase ISKpn26,MFCJNMFM_01795,JIEPOILB_01313,MHMAIFBA_02035,,
group_1865,,IS5 family transposase ISKpn26,MFCJNMFM_01202,JIEPOILB_01202,,KGLDIDPM_01200,
group_1863,,IS1 family transposase IS1R,MFCJNMFM_04584,JIEPOILB_04588,,KGLDIDPM_04588,
group_1861,,IS1 family transposase IS1R,MFCJNMFM_00969,JIEPOILB_00970,,KGLDIDPM_00969,
group_1860,,IS1 family transposase IS1R,MFCJNMFM_00890,JIEPOILB_00891,,KGLDIDPM_00890,
tktA_2,tktA_2,Transketolase 1,MFCJNMFM_03154,JIEPOILB_02106,,KGLDIDPM_03158,
group_1857,,IS4 family transposase IS421,MFCJNMFM_04792,JIEPOILB_04796,,KGLDIDPM_04796,
group_1856,,IS4 family transposase IS421,MFCJNMFM_00239,JIEPOILB_00239,,KGLDIDPM_00238,
group_1854,,hypothetical protein,MFCJNMFM_04793,JIEPOILB_04797,,KGLDIDPM_04797,
group_1853,,hypothetical protein,MFCJNMFM_00238,JIEPOILB_00238,,KGLDIDPM_00237,
umuC_1,umuC_1,Protein UmuC,MFCJNMFM_05368,JIEPOILB_05368,,KGLDIDPM_05367,
group_1852,umuD_1,Protein UmuD,MFCJNMFM_05369,JIEPOILB_05369,,KGLDIDPM_05368,
group_1851,,hypothetical protein,MFCJNMFM_05372,JIEPOILB_05371,,KGLDIDPM_05370,
group_1849,klcA_1,Antirestriction protein KlcA,MFCJNMFM_05373,JIEPOILB_05372,,KGLDIDPM_05371,
group_1847,,hypothetical protein,MFCJNMFM_05374,JIEPOILB_05373,,KGLDIDPM_05372,
group_1845,,hypothetical protein,MFCJNMFM_05375,JIEPOILB_05374,,KGLDIDPM_05373,
group_1843,,hypothetical protein,MFCJNMFM_05377,JIEPOILB_05376,,KGLDIDPM_05375,
group_1841,,hypothetical protein,MFCJNMFM_05378,JIEPOILB_05377,,KGLDIDPM_05376,
group_1838,,IS3 family transposase ISEcl1,MFCJNMFM_00127,JIEPOILB_00126,,KGLDIDPM_00126,
group_1837,,IS6 family transposase IS26,MFCJNMFM_05450,JIEPOILB_05449,,KGLDIDPM_05448,
group_1836,,IS6 family transposase IS26,MFCJNMFM_05247,JIEPOILB_05243,,KGLDIDPM_05244,
group_1835,,IS6 family transposase IS26,MFCJNMFM_00167,JIEPOILB_00167,,KGLDIDPM_00166,
group_1834,,IS6 family transposase IS26,MFCJNMFM_00152,JIEPOILB_00151,,KGLDIDPM_00151,
group_1833,,IS6 family transposase IS26,MFCJNMFM_00140,JIEPOILB_00139,,KGLDIDPM_00139,
group_1832,,IS6 family transposase IS26,MFCJNMFM_00136,JIEPOILB_00135,,KGLDIDPM_00135,
group_1780,,hypothetical protein,MFCJNMFM_05266,JIEPOILB_05262,,KGLDIDPM_05263,
group_1777,,hypothetical protein,MFCJNMFM_01282,JIEPOILB_01282,,KGLDIDPM_01280,
group_1775,,hypothetical protein,MFCJNMFM_05451,JIEPOILB_05450,,KGLDIDPM_05449,
group_1774,,hypothetical protein,MFCJNMFM_01277,JIEPOILB_01277,,KGLDIDPM_01275,
group_1770,,hypothetical protein,MFCJNMFM_01271,JIEPOILB_01271,,KGLDIDPM_01269,
group_1765,,hypothetical protein,MFCJNMFM_01932,JIEPOILB_01938,,KGLDIDPM_01935,
group_1764,,hypothetical protein,MFCJNMFM_05346,JIEPOILB_05339,,KGLDIDPM_05341,
group_1763,,hypothetical protein,MFCJNMFM_05325,JIEPOILB_05318,,KGLDIDPM_05320,
group_1762,,hypothetical protein,MFCJNMFM_00970,JIEPOILB_00971,,KGLDIDPM_00970,
group_1748,,hypothetical protein,MFCJNMFM_01919,JIEPOILB_01925,,KGLDIDPM_01922,
group_1744,,hypothetical protein,MFCJNMFM_01261,JIEPOILB_01261,,KGLDIDPM_01259,
group_1727,,hypothetical protein,MFCJNMFM_05162,JIEPOILB_05158,,KGLDIDPM_05159,
group_1720,,hypothetical protein,MFCJNMFM_01913,JIEPOILB_01919,,KGLDIDPM_01916,
group_1719,,hypothetical protein,MFCJNMFM_01275,JIEPOILB_01275,,KGLDIDPM_01273,
group_1717,,hypothetical protein,MFCJNMFM_01915,JIEPOILB_01921,,KGLDIDPM_01918,
group_1712,,hypothetical protein,MFCJNMFM_05305,JIEPOILB_05298,,KGLDIDPM_05300,
group_1703,,hypothetical protein,MFCJNMFM_05184,JIEPOILB_05180,,KGLDIDPM_05181,
group_1701,,hypothetical protein,MFCJNMFM_01291,JIEPOILB_01291,,KGLDIDPM_01289,
group_1695,,hypothetical protein,MFCJNMFM_05287,JIEPOILB_05281,,KGLDIDPM_05284,
group_1690,,hypothetical protein,MFCJNMFM_01262,JIEPOILB_01262,,KGLDIDPM_01260,
group_1686,,hypothetical protein,MFCJNMFM_05177,JIEPOILB_05173,,KGLDIDPM_05174,
group_1685,,hypothetical protein,MFCJNMFM_05167,JIEPOILB_05163,,KGLDIDPM_05164,
group_1682,,hypothetical protein,MFCJNMFM_01905,JIEPOILB_01911,,KGLDIDPM_01908,
group_1666,,hypothetical protein,MFCJNMFM_05276,JIEPOILB_05272,,KGLDIDPM_05273,
group_1665,,hypothetical protein,MFCJNMFM_05216,JIEPOILB_05212,,KGLDIDPM_05213,
group_1664,,hypothetical protein,MFCJNMFM_05147,JIEPOILB_05143,,KGLDIDPM_05144,
group_1660,,hypothetical protein,MFCJNMFM_01263,JIEPOILB_01263,,KGLDIDPM_01261,
group_1643,,hypothetical protein,MFCJNMFM_05248,JIEPOILB_05244,,KGLDIDPM_05245,
group_1626,,hypothetical protein,MFCJNMFM_05337,JIEPOILB_05330,,KGLDIDPM_05332,
group_1625,,hypothetical protein,MFCJNMFM_05273,JIEPOILB_05269,,KGLDIDPM_05270,
group_1624,,hypothetical protein,MFCJNMFM_05155,JIEPOILB_05151,,KGLDIDPM_05152,
group_1623,,hypothetical protein,MFCJNMFM_05126,JIEPOILB_05122,,KGLDIDPM_05122,
group_1622,,IS91 family transposase ISVsa3,MFCJNMFM_05115,JIEPOILB_05111,,KGLDIDPM_05111,
group_1618,,hypothetical protein,MFCJNMFM_01265,JIEPOILB_01265,,KGLDIDPM_01263,
ylpA_1,ylpA_1,Lipoprotein YlpA,MFCJNMFM_05427,JIEPOILB_05426,,KGLDIDPM_05425,
ycbX_2,ycbX_2,putative protein YcbX,MFCJNMFM_05290,JIEPOILB_05284,,KGLDIDPM_05287,
group_1607,,hypothetical protein,MFCJNMFM_05160,JIEPOILB_05156,,KGLDIDPM_05157,
group_1606,,hypothetical protein,MFCJNMFM_05158,JIEPOILB_05154,,KGLDIDPM_05155,
group_1604,,hypothetical protein,MFCJNMFM_01936,JIEPOILB_01942,,KGLDIDPM_01939,
group_1599,,hypothetical protein,MFCJNMFM_05376,JIEPOILB_05375,,KGLDIDPM_05374,
group_1598,,hypothetical protein,MFCJNMFM_05186,JIEPOILB_05182,,KGLDIDPM_05183,
group_1594,,hypothetical protein,MFCJNMFM_01917,JIEPOILB_01923,,KGLDIDPM_01920,
dinI_1,dinI_1,DNA damage-inducible protein I,MFCJNMFM_01278,JIEPOILB_01278,,KGLDIDPM_01276,
group_1579,,hypothetical protein,MFCJNMFM_05249,JIEPOILB_05245,,KGLDIDPM_05246,
group_1578,,hypothetical protein,MFCJNMFM_05232,JIEPOILB_05228,,KGLDIDPM_05229,
group_1576,,hypothetical protein,MFCJNMFM_01290,JIEPOILB_01290,,KGLDIDPM_01288,
group_1571,,hypothetical protein,MFCJNMFM_05267,JIEPOILB_05263,,KGLDIDPM_05264,
group_1563,,hypothetical protein,MFCJNMFM_01315,JIEPOILB_01316,,KGLDIDPM_01313,
group_1560,,hypothetical protein,MFCJNMFM_05120,JIEPOILB_05116,,KGLDIDPM_05116,
group_1559,,hypothetical protein,MFCJNMFM_05119,JIEPOILB_05115,,KGLDIDPM_05115,
group_1552,,hypothetical protein,MFCJNMFM_05214,JIEPOILB_05210,,KGLDIDPM_05211,
group_1550,,hypothetical protein,MFCJNMFM_01961,JIEPOILB_01967,,KGLDIDPM_01964,
group_1549,,hypothetical protein,MFCJNMFM_01904,JIEPOILB_01910,,KGLDIDPM_01907,
group_1546,,hypothetical protein,MFCJNMFM_05381,JIEPOILB_05380,,KGLDIDPM_05379,
group_1545,,hypothetical protein,MFCJNMFM_05121,JIEPOILB_05117,,KGLDIDPM_05117,
group_1534,,hypothetical protein,MFCJNMFM_05416,JIEPOILB_05415,,KGLDIDPM_05414,
group_1525,,hypothetical protein,MFCJNMFM_01949,JIEPOILB_01955,,KGLDIDPM_01952,
group_1521,,hypothetical protein,MFCJNMFM_05278,JIEPOILB_05274,,KGLDIDPM_05275,
group_1518,,hypothetical protein,MFCJNMFM_01289,JIEPOILB_01289,,KGLDIDPM_01287,
group_1513,,hypothetical protein,MFCJNMFM_05338,JIEPOILB_05331,,KGLDIDPM_05333,
group_1497,,hypothetical protein,MFCJNMFM_05274,JIEPOILB_05270,,KGLDIDPM_05271,
group_1493,,hypothetical protein,MFCJNMFM_05263,JIEPOILB_05259,,KGLDIDPM_05260,
group_1492,,hypothetical protein,MFCJNMFM_05209,JIEPOILB_05205,,KGLDIDPM_05206,
hupB_2,hupB_2,DNA-binding protein HU-beta,MFCJNMFM_05181,JIEPOILB_05177,,KGLDIDPM_05178,
group_1491,,hypothetical protein,MFCJNMFM_05109,JIEPOILB_05343,,KGLDIDPM_05345,
merP_2,merP_2,Mercuric transport protein periplasmic component,MFCJNMFM_05253,JIEPOILB_05249,,KGLDIDPM_05250,
merP_1,merP_1,Mercuric transport protein periplasmic component,MFCJNMFM_05228,JIEPOILB_05224,,KGLDIDPM_05225,
group_1485,,hypothetical protein,MFCJNMFM_05157,JIEPOILB_05153,,KGLDIDPM_05154,
group_1484,,hypothetical protein,MFCJNMFM_05130,JIEPOILB_05126,,KGLDIDPM_05126,
group_1479,,hypothetical protein,MFCJNMFM_01287,JIEPOILB_01287,,KGLDIDPM_01285,
group_1478,,hypothetical protein,MFCJNMFM_01256,JIEPOILB_01256,,KGLDIDPM_01254,
group_1474,,hypothetical protein,MFCJNMFM_05268,JIEPOILB_05264,,KGLDIDPM_05265,
group_1470,,hypothetical protein,MFCJNMFM_05345,JIEPOILB_05338,,KGLDIDPM_05340,
group_1469,,hypothetical protein,MFCJNMFM_05323,JIEPOILB_05316,,KGLDIDPM_05318,
group_1468,,hypothetical protein,MFCJNMFM_05260,JIEPOILB_05256,,KGLDIDPM_05257,
group_1467,,hypothetical protein,MFCJNMFM_05146,JIEPOILB_05142,,KGLDIDPM_05143,
group_1460,,IS200/IS605 family transposase IS609,MFCJNMFM_05366,JIEPOILB_05366,,KGLDIDPM_05365,
group_1453,,hypothetical protein,MFCJNMFM_01298,JIEPOILB_01298,,KGLDIDPM_01296,
group_1450,,hypothetical protein,MFCJNMFM_05202,JIEPOILB_05198,,KGLDIDPM_05199,
group_1421,,hypothetical protein,MFCJNMFM_05159,JIEPOILB_05155,,KGLDIDPM_05156,
group_1413,,hypothetical protein,MFCJNMFM_05282,JIEPOILB_05278,,KGLDIDPM_05279,
group_1412,,hypothetical protein,MFCJNMFM_05180,JIEPOILB_05176,,KGLDIDPM_05177,
group_1411,,hypothetical protein,MFCJNMFM_05114,JIEPOILB_05110,,KGLDIDPM_05110,
group_1408,,hypothetical protein,MFCJNMFM_01945,JIEPOILB_01951,,KGLDIDPM_01948,
ybcO,ybcO,Putative nuclease YbcO,MFCJNMFM_01280,JIEPOILB_01280,,KGLDIDPM_01278,
group_1399,,hypothetical protein,MFCJNMFM_01257,JIEPOILB_01257,,KGLDIDPM_01255,
group_1393,,hypothetical protein,MFCJNMFM_05438,JIEPOILB_05437,,KGLDIDPM_05436,
group_1392,,hypothetical protein,MFCJNMFM_05342,JIEPOILB_05335,,KGLDIDPM_05337,
group_1391,,hypothetical protein,MFCJNMFM_05112,JIEPOILB_05346,,KGLDIDPM_05348,
group_1387,,hypothetical protein,MFCJNMFM_01284,JIEPOILB_01284,,KGLDIDPM_01282,
group_1386,,IS3 family transposase ISKpn11,MFCJNMFM_00133,JIEPOILB_00132,,KGLDIDPM_00132,
group_1384,,hypothetical protein,MFCJNMFM_05194,JIEPOILB_05190,,KGLDIDPM_05191,
group_1376,,hypothetical protein,MFCJNMFM_05314,JIEPOILB_05307,,KGLDIDPM_05309,
group_1372,,hypothetical protein,MFCJNMFM_05306,JIEPOILB_05299,,KGLDIDPM_05301,
group_1367,,hypothetical protein,MFCJNMFM_01958,JIEPOILB_01964,,KGLDIDPM_01961,
group_1366,,hypothetical protein,MFCJNMFM_01918,JIEPOILB_01924,,KGLDIDPM_01921,
group_1364,,hypothetical protein,MFCJNMFM_01316,JIEPOILB_01317,,KGLDIDPM_01314,
group_1349,,hypothetical protein,MFCJNMFM_05385,JIEPOILB_05384,,KGLDIDPM_05383,
group_1342,,hypothetical protein,MFCJNMFM_05169,JIEPOILB_05165,,KGLDIDPM_05166,
gdx_2,gdx_2,Guanidinium exporter,MFCJNMFM_05449,JIEPOILB_05448,,KGLDIDPM_05447,
group_1339,,hypothetical protein,MFCJNMFM_05439,JIEPOILB_05438,,KGLDIDPM_05437,
group_1335,,hypothetical protein,MFCJNMFM_05297,JIEPOILB_05290,,KGLDIDPM_05292,
group_1334,,hypothetical protein,MFCJNMFM_05174,JIEPOILB_05170,,KGLDIDPM_05171,
group_1331,,hypothetical protein,MFCJNMFM_01269,JIEPOILB_01269,,KGLDIDPM_01267,
group_1325,,hypothetical protein,MFCJNMFM_05116,JIEPOILB_05112,,KGLDIDPM_05112,
group_1317,,hypothetical protein,MFCJNMFM_05283,JIEPOILB_05279,,KGLDIDPM_05280,
group_1309,,hypothetical protein,MFCJNMFM_05435,JIEPOILB_05434,,KGLDIDPM_05433,
emrE,emrE,Multidrug transporter EmrE,MFCJNMFM_05238,JIEPOILB_05234,,KGLDIDPM_05235,
group_1308,,hypothetical protein,MFCJNMFM_05165,JIEPOILB_05161,,KGLDIDPM_05162,
group_1307,,hypothetical protein,MFCJNMFM_05139,JIEPOILB_05135,,KGLDIDPM_05136,
group_1303,,hypothetical protein,MFCJNMFM_01286,JIEPOILB_01286,,KGLDIDPM_01284,
merT_1,merT_1,Mercuric transport protein MerT,MFCJNMFM_05227,JIEPOILB_05223,,KGLDIDPM_05224,
higB2_2,higB2_2,Putative toxin HigB2,MFCJNMFM_05179,JIEPOILB_05175,,KGLDIDPM_05176,
group_1300,,hypothetical protein,MFCJNMFM_01938,JIEPOILB_01944,,KGLDIDPM_01941,
arsR2,arsR2,Arsenic resistance transcriptional regulator ArsR2,MFCJNMFM_05443,JIEPOILB_05442,,KGLDIDPM_05441,
group_1296,,hypothetical protein,MFCJNMFM_05286,JIEPOILB_05280,,KGLDIDPM_05283,
group_1284,,hypothetical protein,MFCJNMFM_01281,JIEPOILB_01281,,KGLDIDPM_01279,
group_1281,,hypothetical protein,MFCJNMFM_05189,JIEPOILB_05185,,KGLDIDPM_05186,
group_1273,,hypothetical protein,MFCJNMFM_05231,JIEPOILB_05227,,KGLDIDPM_05228,
group_1267,,hypothetical protein,MFCJNMFM_01951,JIEPOILB_01957,,KGLDIDPM_01954,
group_1264,,hypothetical protein,MFCJNMFM_05324,JIEPOILB_05317,,KGLDIDPM_05319,
merT_2,merT_2,Mercuric transport protein MerT,MFCJNMFM_05254,JIEPOILB_05250,,KGLDIDPM_05251,
group_1263,,hypothetical protein,MFCJNMFM_05250,JIEPOILB_05246,,KGLDIDPM_05247,
group_1249,,hypothetical protein,MFCJNMFM_01952,JIEPOILB_01958,,KGLDIDPM_01955,
ylpA_2,ylpA_2,Lipoprotein YlpA,MFCJNMFM_05429,JIEPOILB_05428,,KGLDIDPM_05427,
group_1243,,hypothetical protein,MFCJNMFM_05176,JIEPOILB_05172,,KGLDIDPM_05173,
fluC_2,fluC_2,Fluoride-specific ion channel FluC,MFCJNMFM_05447,JIEPOILB_05446,,KGLDIDPM_05445,
group_1236,,hypothetical protein,MFCJNMFM_05386,JIEPOILB_05385,,KGLDIDPM_05384,
group_1232,,hypothetical protein,MFCJNMFM_05327,JIEPOILB_05320,,KGLDIDPM_05322,
group_1225,,hypothetical protein,MFCJNMFM_01950,JIEPOILB_01956,,KGLDIDPM_01953,
group_1222,,hypothetical protein,MFCJNMFM_01310,JIEPOILB_01310,,KGLDIDPM_01308,
group_1219,traM,Relaxosome protein TraM,MFCJNMFM_05397,JIEPOILB_05396,,KGLDIDPM_05395,
group_1218,,hypothetical protein,MFCJNMFM_05318,JIEPOILB_05311,,KGLDIDPM_05313,
group_1215,,hypothetical protein,MFCJNMFM_01953,JIEPOILB_01959,,KGLDIDPM_01956,
group_1213,,hypothetical protein,MFCJNMFM_01300,JIEPOILB_01300,,KGLDIDPM_01298,
group_1212,,hypothetical protein,MFCJNMFM_01264,JIEPOILB_01264,,KGLDIDPM_01262,
group_1209,,hypothetical protein,MFCJNMFM_05270,JIEPOILB_05266,,KGLDIDPM_05267,
group_1208,,hypothetical protein,MFCJNMFM_05164,JIEPOILB_05160,,KGLDIDPM_05161,
group_1203,,hypothetical protein,MFCJNMFM_05289,JIEPOILB_05283,,KGLDIDPM_05286,
group_1193,,hypothetical protein,MFCJNMFM_05168,JIEPOILB_05164,,KGLDIDPM_05165,
group_1189,,hypothetical protein,MFCJNMFM_01302,JIEPOILB_01302,,KGLDIDPM_01300,
group_1178,,hypothetical protein,MFCJNMFM_05412,JIEPOILB_05411,,KGLDIDPM_05410,
group_1165,,hypothetical protein,MFCJNMFM_01299,JIEPOILB_01299,,KGLDIDPM_01297,
group_1160,,hypothetical protein,MFCJNMFM_01959,JIEPOILB_01965,,KGLDIDPM_01962,
group_1157,,hypothetical protein,MFCJNMFM_01288,JIEPOILB_01288,,KGLDIDPM_01286,
group_1153,,hypothetical protein,MFCJNMFM_05205,JIEPOILB_05201,,KGLDIDPM_05202,
merC_2,merC_2,Mercuric transport protein MerC,MFCJNMFM_05252,JIEPOILB_05248,,KGLDIDPM_05249,
group_1141,,hypothetical protein,MFCJNMFM_05144,JIEPOILB_05140,,KGLDIDPM_05141,
group_1140,,hypothetical protein,MFCJNMFM_05143,JIEPOILB_05139,,KGLDIDPM_05140,
group_1139,,hypothetical protein,MFCJNMFM_01925,JIEPOILB_01931,,KGLDIDPM_01928,
arsC_2,arsC_2,Arsenate reductase,MFCJNMFM_05441,JIEPOILB_05440,,KGLDIDPM_05439,
group_1131,,hypothetical protein,MFCJNMFM_05190,JIEPOILB_05186,,KGLDIDPM_05187,
psiB,psiB,Protein PsiB,MFCJNMFM_05383,JIEPOILB_05382,,KGLDIDPM_05381,
silE_1,silE_1,Silver-binding protein SilE,MFCJNMFM_05349,JIEPOILB_05349,MHMAIFBA_05134,,
group_1127,,hypothetical protein,MFCJNMFM_05280,JIEPOILB_05276,,KGLDIDPM_05277,
group_1126,,hypothetical protein,MFCJNMFM_05117,JIEPOILB_05113,,KGLDIDPM_05113,
group_1125,,hypothetical protein,MFCJNMFM_01947,JIEPOILB_01953,,KGLDIDPM_01950,
group_1123,,hypothetical protein,MFCJNMFM_01274,JIEPOILB_01274,,KGLDIDPM_01272,
group_1120,,ISL3 family transposase ISStma11,MFCJNMFM_05226,JIEPOILB_05222,,KGLDIDPM_05223,
group_1119,,hypothetical protein,MFCJNMFM_05200,JIEPOILB_05196,,KGLDIDPM_05197,
group_1107,,hypothetical protein,MFCJNMFM_05134,JIEPOILB_05130,,KGLDIDPM_05132,
group_1104,,hypothetical protein,MFCJNMFM_05422,JIEPOILB_05421,,KGLDIDPM_05420,
group_1097,,hypothetical protein,MFCJNMFM_05328,JIEPOILB_05321,,KGLDIDPM_05323,
group_1096,,hypothetical protein,MFCJNMFM_05188,JIEPOILB_05184,,KGLDIDPM_05185,
group_1083,,hypothetical protein,MFCJNMFM_05288,JIEPOILB_05282,,KGLDIDPM_05285,
group_1082,,hypothetical protein,MFCJNMFM_05262,JIEPOILB_05258,,KGLDIDPM_05259,
group_1081,,hypothetical protein,MFCJNMFM_05141,JIEPOILB_05137,,KGLDIDPM_05138,
merR,merR,Mercuric resistance operon regulatory protein,MFCJNMFM_05255,JIEPOILB_05251,,KGLDIDPM_05252,
group_1063,,hypothetical protein,MFCJNMFM_05142,JIEPOILB_05138,,KGLDIDPM_05139,
group_1062,,hypothetical protein,MFCJNMFM_01941,JIEPOILB_01947,,KGLDIDPM_01944,
group_1060,,hypothetical protein,MFCJNMFM_05175,JIEPOILB_05171,,KGLDIDPM_05172,
group_1056,,hypothetical protein,MFCJNMFM_05195,JIEPOILB_05191,,KGLDIDPM_05192,
group_1052,,hypothetical protein,MFCJNMFM_01308,JIEPOILB_01308,,KGLDIDPM_01306,
group_1036,,hypothetical protein,MFCJNMFM_05128,JIEPOILB_05124,,KGLDIDPM_05124,
group_1030,,hypothetical protein,MFCJNMFM_05256,JIEPOILB_05252,,KGLDIDPM_05253,
group_1025,,hypothetical protein,MFCJNMFM_01309,JIEPOILB_01309,,KGLDIDPM_01307,
group_1024,,hypothetical protein,MFCJNMFM_01304,JIEPOILB_01304,,KGLDIDPM_01302,
group_1021,,hypothetical protein,MFCJNMFM_05236,JIEPOILB_05232,,KGLDIDPM_05233,
group_1017,,hypothetical protein,MFCJNMFM_05335,JIEPOILB_05328,,KGLDIDPM_05330,
group_1016,,hypothetical protein,MFCJNMFM_05173,JIEPOILB_05169,,KGLDIDPM_05170,
group_1015,,hypothetical protein,MFCJNMFM_05171,JIEPOILB_05167,,KGLDIDPM_05168,
lexA_1,lexA_1,LexA repressor,MFCJNMFM_01916,JIEPOILB_01922,,KGLDIDPM_01919,
rrrD,rrrD,Lysozyme RrrD,MFCJNMFM_01937,JIEPOILB_01943,,KGLDIDPM_01940,
group_1006,,hypothetical protein,MFCJNMFM_05172,JIEPOILB_05168,,KGLDIDPM_05169,
group_1005,,hypothetical protein,MFCJNMFM_05145,JIEPOILB_05141,,KGLDIDPM_05142,
group_1003,,hypothetical protein,MFCJNMFM_01306,JIEPOILB_01306,,KGLDIDPM_01304,
group_1002,,hypothetical protein,MFCJNMFM_05341,JIEPOILB_05334,,KGLDIDPM_05336,
group_1001,,hypothetical protein,MFCJNMFM_05295,JIEPOILB_05288,,KGLDIDPM_05290,
group_1000,,hypothetical protein,MFCJNMFM_05161,JIEPOILB_05157,,KGLDIDPM_05158,
group_988,,hypothetical protein,MFCJNMFM_05343,JIEPOILB_05336,,KGLDIDPM_05338,
group_986,,hypothetical protein,MFCJNMFM_01906,JIEPOILB_01912,,KGLDIDPM_01909,
group_982,,hypothetical protein,MFCJNMFM_05148,JIEPOILB_05144,,KGLDIDPM_05145,
group_980,,hypothetical protein,MFCJNMFM_04585,JIEPOILB_04589,,KGLDIDPM_04589,
group_970,,hypothetical protein,MFCJNMFM_05187,JIEPOILB_05183,,KGLDIDPM_05184,
group_969,,hypothetical protein,MFCJNMFM_05131,JIEPOILB_05127,,KGLDIDPM_05127,
group_967,,hypothetical protein,MFCJNMFM_05197,JIEPOILB_05193,,KGLDIDPM_05194,
group_966,,hypothetical protein,MFCJNMFM_05196,JIEPOILB_05192,,KGLDIDPM_05193,
ssb_1,ssb_1,Single-stranded DNA-binding protein,MFCJNMFM_05302,JIEPOILB_05295,,KGLDIDPM_05297,
group_962,,hypothetical protein,MFCJNMFM_01907,JIEPOILB_01913,,KGLDIDPM_01910,
group_959,,hypothetical protein,MFCJNMFM_05313,JIEPOILB_05306,,KGLDIDPM_05308,
group_957,,hypothetical protein,MFCJNMFM_01305,JIEPOILB_01305,,KGLDIDPM_01303,
group_955,,hypothetical protein,MFCJNMFM_05208,JIEPOILB_05204,,KGLDIDPM_05205,
group_945,,hypothetical protein,MFCJNMFM_05259,JIEPOILB_05255,,KGLDIDPM_05256,
group_940,,hypothetical protein,MFCJNMFM_01266,JIEPOILB_01266,,KGLDIDPM_01264,
group_936,,hypothetical protein,MFCJNMFM_05296,JIEPOILB_05289,,KGLDIDPM_05291,
group_935,,hypothetical protein,MFCJNMFM_05203,JIEPOILB_05199,,KGLDIDPM_05200,
group_931,,hypothetical protein,MFCJNMFM_01285,JIEPOILB_01285,,KGLDIDPM_01283,
ssb_2,ssb_2,Plasmid-derived single-stranded DNA-binding protein,MFCJNMFM_05380,JIEPOILB_05379,,KGLDIDPM_05378,
tmrB,tmrB,Tunicamycin resistance protein,MFCJNMFM_00134,JIEPOILB_00133,,KGLDIDPM_00133,
group_922,,hypothetical protein,MFCJNMFM_05330,JIEPOILB_05323,,KGLDIDPM_05325,
group_921,,hypothetical protein,MFCJNMFM_05123,JIEPOILB_05119,,KGLDIDPM_05119,
group_918,,hypothetical protein,MFCJNMFM_01927,JIEPOILB_01933,,KGLDIDPM_01930,
group_917,,hypothetical protein,MFCJNMFM_01923,JIEPOILB_01929,,KGLDIDPM_01926,
group_916,,hypothetical protein,MFCJNMFM_05178,JIEPOILB_05174,,KGLDIDPM_05175,
cat,cat,Chloramphenicol acetyltransferase,MFCJNMFM_00139,JIEPOILB_00138,,KGLDIDPM_00138,
group_909,,hypothetical protein,MFCJNMFM_05206,JIEPOILB_05202,,KGLDIDPM_05203,
group_907,,hypothetical protein,MFCJNMFM_01301,JIEPOILB_01301,,KGLDIDPM_01299,
group_904,,hypothetical protein,MFCJNMFM_05279,JIEPOILB_05275,,KGLDIDPM_05276,
group_903,,hypothetical protein,MFCJNMFM_05239,JIEPOILB_05235,,KGLDIDPM_05236,
group_899,,hypothetical protein,MFCJNMFM_05272,JIEPOILB_05268,,KGLDIDPM_05269,
hin_2,hin_2,DNA-invertase hin,MFCJNMFM_05242,JIEPOILB_05238,,KGLDIDPM_05239,
group_892,,hypothetical protein,MFCJNMFM_05379,JIEPOILB_05378,,KGLDIDPM_05377,
group_891,,hypothetical protein,MFCJNMFM_05125,JIEPOILB_05121,,KGLDIDPM_05121,
group_889,,hypothetical protein,MFCJNMFM_01272,JIEPOILB_01272,,KGLDIDPM_01270,
group_874,,hypothetical protein,MFCJNMFM_05124,JIEPOILB_05120,,KGLDIDPM_05120,
group_873,,hypothetical protein,MFCJNMFM_05108,JIEPOILB_05342,,KGLDIDPM_05344,
group_865,,hypothetical protein,MFCJNMFM_05319,JIEPOILB_05312,,KGLDIDPM_05314,
hin_1,hin_1,DNA-invertase hin,MFCJNMFM_05133,JIEPOILB_05129,,KGLDIDPM_05129,
finO,finO,Fertility inhibition protein,MFCJNMFM_05434,JIEPOILB_05433,,KGLDIDPM_05432,
group_839,,hypothetical protein,MFCJNMFM_01279,JIEPOILB_01279,,KGLDIDPM_01277,
aacA4,aacA4,Aminoglycoside N(6')-acetyltransferase type 1,MFCJNMFM_00137,JIEPOILB_00136,,KGLDIDPM_00136,
group_834,,hypothetical protein,MFCJNMFM_05261,JIEPOILB_05257,,KGLDIDPM_05258,
tfaE,tfaE,Prophage tail fiber assembly protein TfaE,MFCJNMFM_05135,JIEPOILB_05131,,KGLDIDPM_05131,
yfbR_2,yfbR_2,5'-deoxynucleotidase YfbR,MFCJNMFM_05275,JIEPOILB_05271,,KGLDIDPM_05272,
group_824,,hypothetical protein,MFCJNMFM_05207,JIEPOILB_05203,,KGLDIDPM_05204,
group_823,,hypothetical protein,MFCJNMFM_05198,JIEPOILB_05194,,KGLDIDPM_05195,
group_820,,hypothetical protein,MFCJNMFM_05182,JIEPOILB_05178,,KGLDIDPM_05179,
group_819,,hypothetical protein,MFCJNMFM_05137,JIEPOILB_05133,,KGLDIDPM_05134,
group_817,,hypothetical protein,MFCJNMFM_01939,JIEPOILB_01945,,KGLDIDPM_01942,
group_808,,hypothetical protein,MFCJNMFM_05336,JIEPOILB_05329,,KGLDIDPM_05331,
group_807,,hypothetical protein,MFCJNMFM_05333,JIEPOILB_05326,,KGLDIDPM_05328,
group_799,,hypothetical protein,MFCJNMFM_05322,JIEPOILB_05315,,KGLDIDPM_05317,
group_798,,hypothetical protein,MFCJNMFM_01940,JIEPOILB_01946,,KGLDIDPM_01943,
group_794,,hypothetical protein,MFCJNMFM_05329,JIEPOILB_05322,,KGLDIDPM_05324,
group_784,,hypothetical protein,MFCJNMFM_05140,JIEPOILB_05136,,KGLDIDPM_05137,
group_779,,hypothetical protein,MFCJNMFM_01930,JIEPOILB_01936,,KGLDIDPM_01933,
group_776,,hypothetical protein,MFCJNMFM_05307,JIEPOILB_05300,,KGLDIDPM_05302,
group_774,,hypothetical protein,MFCJNMFM_01931,JIEPOILB_01937,,KGLDIDPM_01934,
group_773,,hypothetical protein,MFCJNMFM_05436,JIEPOILB_05435,,KGLDIDPM_05434,
group_771,,hypothetical protein,MFCJNMFM_01273,JIEPOILB_01273,,KGLDIDPM_01271,
aadB,aadB,2''-aminoglycoside nucleotidyltransferase,MFCJNMFM_05240,JIEPOILB_05236,,KGLDIDPM_05237,
group_763,,hypothetical protein,MFCJNMFM_05437,JIEPOILB_05436,,KGLDIDPM_05435,
group_754,,hypothetical protein,MFCJNMFM_05339,JIEPOILB_05332,,KGLDIDPM_05334,
group_747,,hypothetical protein,MFCJNMFM_05326,JIEPOILB_05319,,KGLDIDPM_05321,
group_731,,hypothetical protein,MFCJNMFM_05311,JIEPOILB_05304,,KGLDIDPM_05306,
group_728,,hypothetical protein,MFCJNMFM_05344,JIEPOILB_05337,,KGLDIDPM_05339,
tetR,tetR,Tetracycline repressor protein class A from transposon 1721,MFCJNMFM_00142,JIEPOILB_00141,,KGLDIDPM_00141,
group_713,,hypothetical protein,MFCJNMFM_05430,JIEPOILB_05429,,KGLDIDPM_05428,
group_710,,hypothetical protein,MFCJNMFM_01933,JIEPOILB_01939,,KGLDIDPM_01936,
group_702,,hypothetical protein,MFCJNMFM_01258,JIEPOILB_01258,,KGLDIDPM_01256,
dsbC_2,dsbC_2,Thiol:disulfide interchange protein DsbC,MFCJNMFM_05316,JIEPOILB_05309,,KGLDIDPM_05311,
mucR,mucR,Bifunctional diguanylate cyclase/cyclic di-GMP phosphodiesterase MucR,MFCJNMFM_05233,JIEPOILB_05229,,KGLDIDPM_05230,
group_687,,hypothetical protein,MFCJNMFM_01955,JIEPOILB_01961,,KGLDIDPM_01958,
arsH_1,arsH_1,NADPH-dependent FMN reductase ArsH,MFCJNMFM_05440,JIEPOILB_05439,,KGLDIDPM_05438,
group_670,,hypothetical protein,MFCJNMFM_05433,JIEPOILB_05432,,KGLDIDPM_05431,
group_669,,hypothetical protein,MFCJNMFM_05265,JIEPOILB_05261,,KGLDIDPM_05262,
group_666,,hypothetical protein,MFCJNMFM_01926,JIEPOILB_01932,,KGLDIDPM_01929,
group_665,,hypothetical protein,MFCJNMFM_05384,JIEPOILB_05383,,KGLDIDPM_05382,
group_656,,hypothetical protein,MFCJNMFM_05398,JIEPOILB_05397,,KGLDIDPM_05396,
group_651,,hypothetical protein,MFCJNMFM_05149,JIEPOILB_05145,,KGLDIDPM_05146,
group_644,,hypothetical protein,MFCJNMFM_01924,JIEPOILB_01930,,KGLDIDPM_01927,
dnaC_1,dnaC_1,Replicative helicase loader DnaC,MFCJNMFM_01268,JIEPOILB_01268,,KGLDIDPM_01266,
group_629,,hypothetical protein,MFCJNMFM_01954,JIEPOILB_01960,,KGLDIDPM_01957,
group_628,,hypothetical protein,MFCJNMFM_01296,JIEPOILB_01296,,KGLDIDPM_01294,
lvr,lvr,Levodione reductase,MFCJNMFM_02473,JIEPOILB_02787,,KGLDIDPM_02475,
group_620,,hypothetical protein,MFCJNMFM_01902,JIEPOILB_01908,,KGLDIDPM_01905,
group_607,soj,Sporulation initiation inhibitor protein Soj,MFCJNMFM_05111,JIEPOILB_05345,,KGLDIDPM_05347,
group_604,,hypothetical protein,MFCJNMFM_01270,JIEPOILB_01270,,KGLDIDPM_01268,
group_600,,hypothetical protein,MFCJNMFM_05294,JIEPOILB_05287,,KGLDIDPM_05289,
group_571,,hypothetical protein,MFCJNMFM_01283,JIEPOILB_01283,,KGLDIDPM_01281,
group_570,,Tn3 family transposase TnAs1,MFCJNMFM_00145,JIEPOILB_00144,,KGLDIDPM_00144,
group_567,,hypothetical protein,MFCJNMFM_05445,JIEPOILB_05444,,KGLDIDPM_05443,
dinG_2,dinG_2,3'-5' exonuclease DinG,MFCJNMFM_05257,JIEPOILB_05253,,KGLDIDPM_05254,
OXA1,OXA-1,Beta-lactamase OXA-1,MFCJNMFM_00138,JIEPOILB_00137,,KGLDIDPM_00137,
group_554,,hypothetical protein,MFCJNMFM_01914,JIEPOILB_01920,,KGLDIDPM_01917,
sul1,sul1,Dihydropteroate synthase type-1,MFCJNMFM_05237,JIEPOILB_05233,,KGLDIDPM_05234,
dnaA_2,dnaA_2,Chromosomal replication initiator protein DnaA,MFCJNMFM_01921,JIEPOILB_01927,,KGLDIDPM_01924,
group_543,,IS3 family transposase ISKpn11,MFCJNMFM_00132,JIEPOILB_00131,,KGLDIDPM_00131,
group_542,,hypothetical protein,MFCJNMFM_05271,JIEPOILB_05267,,KGLDIDPM_05268,
group_540,,hypothetical protein,MFCJNMFM_05193,JIEPOILB_05189,,KGLDIDPM_05190,
group_539,,hypothetical protein,MFCJNMFM_05151,JIEPOILB_05147,,KGLDIDPM_05148,
group_537,,IS200/IS605 family transposase IS609,MFCJNMFM_05367,JIEPOILB_05367,,KGLDIDPM_05366,
group_536,,hypothetical protein,MFCJNMFM_05185,JIEPOILB_05181,,KGLDIDPM_05182,
group_532,,hypothetical protein,MFCJNMFM_05308,JIEPOILB_05301,,KGLDIDPM_05303,
group_531,,hypothetical protein,MFCJNMFM_05191,JIEPOILB_05187,,KGLDIDPM_05188,
group_527,,hypothetical protein,MFCJNMFM_01920,JIEPOILB_01926,,KGLDIDPM_01923,
aac3Vb,aac3-Vb,Aminoglycoside N(3)-acetyltransferase III,MFCJNMFM_00135,JIEPOILB_00134,,KGLDIDPM_00134,
tus_2,tus_2,DNA replication terminus site-binding protein,MFCJNMFM_05224,JIEPOILB_05220,,KGLDIDPM_05221,
group_495,,hypothetical protein,MFCJNMFM_00144,JIEPOILB_00143,,KGLDIDPM_00143,
group_489,,hypothetical protein,MFCJNMFM_01944,JIEPOILB_01950,,KGLDIDPM_01947,
group_476,,hypothetical protein,MFCJNMFM_01276,JIEPOILB_01276,,KGLDIDPM_01274,
group_459,,hypothetical protein,MFCJNMFM_05303,JIEPOILB_05296,,KGLDIDPM_05298,
group_458,,hypothetical protein,MFCJNMFM_05138,JIEPOILB_05134,,KGLDIDPM_05135,
group_453,,hypothetical protein,MFCJNMFM_01267,JIEPOILB_01267,,KGLDIDPM_01265,
group_446,,hypothetical protein,MFCJNMFM_05321,JIEPOILB_05314,,KGLDIDPM_05316,
group_426,,hypothetical protein,MFCJNMFM_05122,JIEPOILB_05118,,KGLDIDPM_05118,
group_397,,hypothetical protein,MFCJNMFM_05192,JIEPOILB_05188,,KGLDIDPM_05189,
cobS_2,cobS_2,Aerobic cobaltochelatase subunit CobS,MFCJNMFM_05304,JIEPOILB_05297,,KGLDIDPM_05299,
group_380,,hypothetical protein,MFCJNMFM_05204,JIEPOILB_05200,,KGLDIDPM_05201,
group_372,,hypothetical protein,MFCJNMFM_05235,JIEPOILB_05231,,KGLDIDPM_05232,
group_361,,hypothetical protein,MFCJNMFM_01292,JIEPOILB_01292,,KGLDIDPM_01290,
group_360,,hypothetical protein,MFCJNMFM_05310,JIEPOILB_05303,,KGLDIDPM_05305,
group_357,,hypothetical protein,MFCJNMFM_05300,JIEPOILB_05293,,KGLDIDPM_05295,
xerC_6,xerC_6,Tyrosine recombinase XerC,MFCJNMFM_05258,JIEPOILB_05254,,KGLDIDPM_05255,
group_354,xerC_3,Tyrosine recombinase XerC,MFCJNMFM_05163,JIEPOILB_05159,,KGLDIDPM_05160,
group_342,,hypothetical protein,MFCJNMFM_05301,JIEPOILB_05294,,KGLDIDPM_05296,
group_339,,hypothetical protein,MFCJNMFM_05153,JIEPOILB_05149,,KGLDIDPM_05150,
smc_2,smc_2,Chromosome partition protein Smc,MFCJNMFM_05217,JIEPOILB_05213,,KGLDIDPM_05214,
group_315,,hypothetical protein,MFCJNMFM_05201,JIEPOILB_05197,,KGLDIDPM_05198,
group_309,,hypothetical protein,MFCJNMFM_05150,JIEPOILB_05146,,KGLDIDPM_05147,
group_294,,hypothetical protein,MFCJNMFM_01259,JIEPOILB_01259,,KGLDIDPM_01257,
group_287,,hypothetical protein,MFCJNMFM_01948,JIEPOILB_01954,,KGLDIDPM_01951,
group_273,,hypothetical protein,MFCJNMFM_01295,JIEPOILB_01295,,KGLDIDPM_01293,
group_271,,hypothetical protein,MFCJNMFM_05199,JIEPOILB_05195,,KGLDIDPM_05196,
group_263,,hypothetical protein,MFCJNMFM_01297,JIEPOILB_01297,,KGLDIDPM_01295,
group_251,,hypothetical protein,MFCJNMFM_05127,JIEPOILB_05123,,KGLDIDPM_05123,
group_244,,hypothetical protein,MFCJNMFM_01303,JIEPOILB_01303,,KGLDIDPM_01301,
nhaA_2,nhaA_2,Na(+)/H(+) antiporter NhaA,MFCJNMFM_05448,JIEPOILB_05447,,KGLDIDPM_05446,
noc_1,noc_1,Nucleoid occlusion protein,MFCJNMFM_05110,JIEPOILB_05344,,KGLDIDPM_05346,
group_241,,hypothetical protein,MFCJNMFM_05166,JIEPOILB_05162,,KGLDIDPM_05163,
gpFI,gpFI,Putative prophage major tail sheath protein,MFCJNMFM_05132,JIEPOILB_05128,,KGLDIDPM_05128,
group_235,,hypothetical protein,MFCJNMFM_05446,JIEPOILB_05445,,KGLDIDPM_05444,
tetA,tetA,Tetracycline resistance protein class C,MFCJNMFM_00143,JIEPOILB_00142,,KGLDIDPM_00142,
group_219,,hypothetical protein,MFCJNMFM_01255,JIEPOILB_01255,,KGLDIDPM_01253,
group_212,,hypothetical protein,MFCJNMFM_05118,JIEPOILB_05114,,KGLDIDPM_05114,
intQ,intQ,Putative defective protein IntQ,MFCJNMFM_01903,JIEPOILB_01909,,KGLDIDPM_01906,
group_205,,hypothetical protein,MFCJNMFM_05312,JIEPOILB_05305,,KGLDIDPM_05307,
group_201,,hypothetical protein,MFCJNMFM_05299,JIEPOILB_05292,,KGLDIDPM_05294,
arsB_2,arsB_2,Arsenical pump membrane protein,MFCJNMFM_05442,JIEPOILB_05441,,KGLDIDPM_05440,
group_187,,hypothetical protein,MFCJNMFM_01942,JIEPOILB_01948,,KGLDIDPM_01945,
group_186,,hypothetical protein,MFCJNMFM_01293,JIEPOILB_01293,,KGLDIDPM_01291,
group_182,,hypothetical protein,MFCJNMFM_05320,JIEPOILB_05313,,KGLDIDPM_05315,
group_168,,hypothetical protein,MFCJNMFM_01946,JIEPOILB_01952,,KGLDIDPM_01949,
group_161,,hypothetical protein,MFCJNMFM_05213,JIEPOILB_05209,,KGLDIDPM_05210,
group_150,,hypothetical protein,MFCJNMFM_01294,JIEPOILB_01294,,KGLDIDPM_01292,
group_149,,hypothetical protein,MFCJNMFM_05340,JIEPOILB_05333,,KGLDIDPM_05335,
ftsH_2,ftsH_2,ATP-dependent zinc metalloprotease FtsH,MFCJNMFM_05170,JIEPOILB_05166,,KGLDIDPM_05167,
group_137,,hypothetical protein,MFCJNMFM_01943,JIEPOILB_01949,,KGLDIDPM_01946,
silS,silS,copper/silver sensor histidine kinase SilS,MFCJNMFM_05348,JIEPOILB_05348,MHMAIFBA_05133,,
dauA_3,dauA_3,C4-dicarboxylic acid transporter DauA,MFCJNMFM_05444,JIEPOILB_05443,,KGLDIDPM_05442,
addA,addA,ATP-dependent helicase/nuclease subunit A,MFCJNMFM_05215,JIEPOILB_05211,,KGLDIDPM_05212,
group_126,,Tn3 family transposase TnAs1,MFCJNMFM_00141,JIEPOILB_00140,,KGLDIDPM_00140,
group_122,,hypothetical protein,MFCJNMFM_05154,JIEPOILB_05150,,KGLDIDPM_05151,
group_104,,hypothetical protein,MFCJNMFM_05281,JIEPOILB_05277,,KGLDIDPM_05278,
group_93,,hypothetical protein,MFCJNMFM_05234,JIEPOILB_05230,,KGLDIDPM_05231,
merA_2,merA_2,mercury(II) reductase,MFCJNMFM_05251,JIEPOILB_05247,,KGLDIDPM_05248,
merA_1,merA_1,mercury(II) reductase,MFCJNMFM_05230,JIEPOILB_05226,,KGLDIDPM_05227,
group_85,,hypothetical protein,MFCJNMFM_05269,JIEPOILB_05265,,KGLDIDPM_05266,
group_78,,hypothetical protein,MFCJNMFM_05152,JIEPOILB_05148,,KGLDIDPM_05149,
group_74,,hypothetical protein,MFCJNMFM_05298,JIEPOILB_05291,,KGLDIDPM_05293,
group_70,,hypothetical protein,MFCJNMFM_05331,JIEPOILB_05324,,KGLDIDPM_05326,
noc_2,noc_2,Nucleoid occlusion protein,MFCJNMFM_05382,JIEPOILB_05381,,KGLDIDPM_05380,
topB_2,topB_2,DNA topoisomerase 3,MFCJNMFM_05334,JIEPOILB_05327,,KGLDIDPM_05329,
group_51,,hypothetical protein,MFCJNMFM_05156,JIEPOILB_05152,,KGLDIDPM_05153,
traD,traD,Coupling protein TraD,MFCJNMFM_05431,JIEPOILB_05430,,KGLDIDPM_05429,
traC_1,traC_1,Protein TraC,MFCJNMFM_05315,JIEPOILB_05308,,KGLDIDPM_05310,
group_39,,hypothetical protein,MFCJNMFM_05129,JIEPOILB_05125,,KGLDIDPM_05125,
group_38,,hypothetical protein,MFCJNMFM_05277,JIEPOILB_05273,,KGLDIDPM_05274,
group_29,,hypothetical protein,MFCJNMFM_01312,JIEPOILB_01312,,KGLDIDPM_01310,
group_22,,hypothetical protein,MFCJNMFM_05309,JIEPOILB_05302,,KGLDIDPM_05304,
group_19,,hypothetical protein,MFCJNMFM_05332,JIEPOILB_05325,,KGLDIDPM_05327,
group_15,,hypothetical protein,MFCJNMFM_01311,JIEPOILB_01311,,KGLDIDPM_01309,
group_12,,hypothetical protein,MFCJNMFM_01260,JIEPOILB_01260,,KGLDIDPM_01258,
group_10,,hypothetical protein,MFCJNMFM_01960,JIEPOILB_01966,,KGLDIDPM_01963,
group_6,,hypothetical protein,MFCJNMFM_05317,JIEPOILB_05310,,KGLDIDPM_05312,
group_5,,hypothetical protein,MFCJNMFM_01307,JIEPOILB_01307,,KGLDIDPM_01305,
group_4,,hypothetical protein,MFCJNMFM_05210,JIEPOILB_05206,,KGLDIDPM_05207,
group_2,,hypothetical protein,MFCJNMFM_05264,JIEPOILB_05260,,KGLDIDPM_05261,
traI,traI,Multifunctional conjugation protein TraI,MFCJNMFM_05432,JIEPOILB_05431,,KGLDIDPM_05430,
group_2046,,hypothetical protein,,,MHMAIFBA_03377,,CFOCILDN_02057
group_2045,,hypothetical protein,,,MHMAIFBA_03378,,CFOCILDN_02058
group_2044,,hypothetical protein,,,MHMAIFBA_03380,,CFOCILDN_02060
group_2043,,hypothetical protein,,,MHMAIFBA_03381,,CFOCILDN_02061
gpFI_2~~~gpFI,gpFI_2;gpFI,Putative prophage major tail sheath protein,,,MHMAIFBA_03370,,CFOCILDN_02053
group_2041,,hypothetical protein,,,MHMAIFBA_03369,,CFOCILDN_02052
group_2038,,hypothetical protein,,,MHMAIFBA_03368,,CFOCILDN_02051
group_2033,,hypothetical protein,,,MHMAIFBA_03384,,CFOCILDN_02064
group_2029,,hypothetical protein,,,MHMAIFBA_03404,,CFOCILDN_02085
group_2028,,hypothetical protein,,,MHMAIFBA_03385,,CFOCILDN_02065
group_2015,,hypothetical protein,,,MHMAIFBA_03397,,CFOCILDN_02078
group_2014,;dinI_1,hypothetical protein;DNA damage-inducible protein I,,,MHMAIFBA_03395,,CFOCILDN_02076
group_2013,,hypothetical protein,,,MHMAIFBA_03403,,CFOCILDN_02084
group_2012,,hypothetical protein,,,MHMAIFBA_03401,,CFOCILDN_02082
group_2011,,hypothetical protein,,,MHMAIFBA_03400,,CFOCILDN_02081
dam_3~~~dam_1,dam_3;dam_1,DNA adenine methylase,,,MHMAIFBA_03398,,CFOCILDN_02079
group_2001,,hypothetical protein,,,MHMAIFBA_03386,,CFOCILDN_02066
group_1980,,hypothetical protein,,,MHMAIFBA_03366,,CFOCILDN_02049
group_1970,,hypothetical protein,,,MHMAIFBA_03392,,CFOCILDN_02072
pgrR_6,;pgrR_6,HTH-type transcriptional regulator;HTH-type transcriptional regulator PgrR,,,MHMAIFBA_01215,,CFOCILDN_03962;CFOCILDN_03961
group_1961,,Tn3 family transposase ISPa38,,,MHMAIFBA_05260,,CFOCILDN_04466
group_1951,,hypothetical protein,,,MHMAIFBA_01214,,CFOCILDN_03960
group_1939,,hypothetical protein,,,MHMAIFBA_01197,,CFOCILDN_03943
neo,neo,Aminoglycoside 3'-phosphotransferase,,,MHMAIFBA_05256,,CFOCILDN_04470
group_1885,,Putative transposase for insertion sequence element IS5376,MFCJNMFM_05292,JIEPOILB_05286,,,
group_1883,,IS21 family transposase IS100kyp,MFCJNMFM_05291,JIEPOILB_05285,,,
group_1871,,hypothetical protein,MFCJNMFM_01967,,,KGLDIDPM_01970,
group_1862,,IS1 family transposase IS1R,MFCJNMFM_01654,,,KGLDIDPM_02013,
group_1858,,IS4 family transposase IS421,MFCJNMFM_05284,,,KGLDIDPM_05281,
group_1855,,hypothetical protein,MFCJNMFM_05285,,,KGLDIDPM_05282,
group_1721,,hypothetical protein,,,MHMAIFBA_05258,,CFOCILDN_04468
group_1706,,hypothetical protein,,,MHMAIFBA_03396,,CFOCILDN_02077
group_1674,,hypothetical protein,,,MHMAIFBA_03402,,CFOCILDN_02083
group_1629,,hypothetical protein,,,MHMAIFBA_03364,,CFOCILDN_02047
ybiI_2,ybiI_2,putative protein YbiI,,,MHMAIFBA_03399,,CFOCILDN_02080
group_1265,rob_1,Right origin-binding protein,,,MHMAIFBA_01213,,CFOCILDN_03959
group_1068,,hypothetical protein,,,MHMAIFBA_03387,,CFOCILDN_02067
group_1037,,hypothetical protein,,,MHMAIFBA_01210,,CFOCILDN_03956
group_938,,hypothetical protein,,,MHMAIFBA_05254,,CFOCILDN_04472
group_858,,hypothetical protein,,,MHMAIFBA_01190,,CFOCILDN_03936
group_805,,hypothetical protein,,,MHMAIFBA_01200,,CFOCILDN_03946
group_765,,hypothetical protein,,,MHMAIFBA_03388,,CFOCILDN_02068
group_748,yraI,putative fimbrial chaperone YraI,,,MHMAIFBA_01191,,CFOCILDN_03937
group_738,yadV_2,putative fimbrial chaperone YadV,,,MHMAIFBA_01196,,CFOCILDN_03942
group_700,,hypothetical protein,,,MHMAIFBA_01198,,CFOCILDN_03944
cloR,cloR,4-hydroxy-3-prenylphenylpyruvate oxygenase/4-hydroxy-3-prenylbenzoate synthase,,,MHMAIFBA_01203,,CFOCILDN_03949
pheC,pheC,Cyclohexadienyl dehydratase,,,MHMAIFBA_01199,,CFOCILDN_03945
fabG_2,fabG_2,3-oxoacyl-[acyl-carrier-protein] reductase FabG,,,MHMAIFBA_01201,,CFOCILDN_03947
group_596,,hypothetical protein,,,MHMAIFBA_01216,,CFOCILDN_03963
tcyJ_1,tcyJ_1,L-cystine-binding protein TcyJ,,,MHMAIFBA_01205,,CFOCILDN_03951
group_563,,hypothetical protein,,,MHMAIFBA_03390,,CFOCILDN_02070
group_557,,hypothetical protein,,,MHMAIFBA_05255,,CFOCILDN_04471
group_526,,hypothetical protein,,,MHMAIFBA_01207,,CFOCILDN_03953
group_452,,hypothetical protein,,,MHMAIFBA_01209,,CFOCILDN_03955
ghrA_1,ghrA_1,Glyoxylate/hydroxypyruvate reductase A,,,MHMAIFBA_01202,,CFOCILDN_03948
gbuA,gbuA,Guanidinobutyrase,,,MHMAIFBA_01208,,CFOCILDN_03954
group_343,,hypothetical protein,,,MHMAIFBA_01194,,CFOCILDN_03940
xerC_3,xerC_3,Tyrosine recombinase XerC,,,MHMAIFBA_03408,,CFOCILDN_02089
group_320,,hypothetical protein,,,MHMAIFBA_03389,,CFOCILDN_02069
vldW_1,vldW_1,Validamycin A dioxygenase,,,MHMAIFBA_01206,,CFOCILDN_03952
group_290,,hypothetical protein,,,MHMAIFBA_01193,,CFOCILDN_03939
group_286,,hypothetical protein,,,MHMAIFBA_03365,,CFOCILDN_02048
bepF,bepF,Efflux pump periplasmic linker BepF,,,MHMAIFBA_01212,,CFOCILDN_03958
uup_1,uup_1,ATP-binding protein Uup,,,MHMAIFBA_01204,,CFOCILDN_03950
group_80,,hypothetical protein,,,MHMAIFBA_03391,,CFOCILDN_02071
group_34,fimD_2,Outer membrane usher protein FimD,,,MHMAIFBA_01195,,CFOCILDN_03941
fimD_1,fimD_1,Outer membrane usher protein FimD,,,MHMAIFBA_01192,,CFOCILDN_03938
group_27,,hypothetical protein,MFCJNMFM_01966,,,KGLDIDPM_01969,
oqxB3,oqxB3,multidrug efflux RND transporter permease subunit OqxB3,,,MHMAIFBA_01211,,CFOCILDN_03957
group_2050,,hypothetical protein,,,MHMAIFBA_05263,,
group_2049,,IS1 family transposase IS1X2,,,MHMAIFBA_05264,,
group_2048,,hypothetical protein,,,MHMAIFBA_05262,,
group_2047,,hypothetical protein,,,MHMAIFBA_04086,,
tnpR_2,tnpR_2,Transposon Tn3 resolvase,,,MHMAIFBA_05252,,
group_1829,bla_2,Beta-lactamase OXA-18,,,MHMAIFBA_05251,,
aadA_1,aadA_1,Aminoglycoside (3'') (9) adenylyltransferase,,,MHMAIFBA_05250,,
aacA4_1,aacA4_1,Aminoglycoside N(6')-acetyltransferase type 1,,,MHMAIFBA_05249,,
group_1828,,IS91 family transposase ISSbo1,,,MHMAIFBA_04716,,
group_1827,,hypothetical protein,,,MHMAIFBA_04715,,
group_1826,,IS91 family transposase ISSbo1,,,MHMAIFBA_04698,,
group_1825,,hypothetical protein,,,MHMAIFBA_04697,,
group_1824,,hypothetical protein,,,MHMAIFBA_04537,,
group_1823,,hypothetical protein,,,MHMAIFBA_04535,,
group_1822,,IS3 family transposase ISKpn18,,,MHMAIFBA_04251,,
group_1821,,IS3 family transposase ISKpn18,,,MHMAIFBA_04250,,
group_1820,,hypothetical protein,,,MHMAIFBA_04103,,
group_1819,,hypothetical protein,,,MHMAIFBA_04101,,
group_1818,,hypothetical protein,,,MHMAIFBA_03854,,
group_1817,,hypothetical protein,,,MHMAIFBA_02901,,
group_1816,,IS3 family transposase ISKpn18,,,MHMAIFBA_02884,,
group_1815,,IS3 family transposase ISKpn18,,,MHMAIFBA_02883,,
group_1814,,IS5 family transposase ISKpn26,,,MHMAIFBA_02663,,
group_1813,,IS5 family transposase ISKpn26,,,MHMAIFBA_00913,,
group_1812,,hypothetical protein,,,MHMAIFBA_00736,,
group_1811,,IS91 family transposase ISSbo1,,,MHMAIFBA_00735,,
group_1810,,IS1182 family transposase ISKpn6,MFCJNMFM_05459,,,,
bla_3,bla_3,Carbapenem-hydrolyzing beta-lactamase KPC,MFCJNMFM_05458,,,,
group_1809,,IS21 family transposase ISKpn7,MFCJNMFM_05457,,,,
group_1808,,Tn3 family transposase ISPsy42,MFCJNMFM_05455,,,,
group_1807,,IS5 family transposase IS903,MFCJNMFM_02010,,,,
group_1793,,hypothetical protein,,,,KGLDIDPM_05288,
group_1786,,hypothetical protein,,,MHMAIFBA_03874,,
group_1783,,hypothetical protein,,,MHMAIFBA_03865,,
group_1782,,hypothetical protein,MFCJNMFM_05293,,,,
group_1772,,hypothetical protein,,,MHMAIFBA_01385,,
group_1769,,hypothetical protein,,,MHMAIFBA_03859,,
group_1761,,hypothetical protein,,,MHMAIFBA_03870,,
group_1760,,hypothetical protein,,,MHMAIFBA_02919,,
group_1757,,hypothetical protein,,,MHMAIFBA_01378,,
group_1753,,hypothetical protein,,,MHMAIFBA_02881,,
group_1752,,hypothetical protein,,,MHMAIFBA_01417,,
group_1751,,hypothetical protein,,,MHMAIFBA_00726,,
group_1743,,hypothetical protein,,,MHMAIFBA_03359,,
group_1742,,hypothetical protein,,,MHMAIFBA_01372,,
group_1739,,hypothetical protein,,,MHMAIFBA_03850,,
group_1731,,hypothetical protein,,,MHMAIFBA_03829,,
group_1730,,hypothetical protein,,,MHMAIFBA_02022,,
group_1729,,hypothetical protein,,,MHMAIFBA_01390,,
group_1728,,hypothetical protein,,,MHMAIFBA_00776,,
group_1724,,hypothetical protein,,,,,CFOCILDN_04871
group_1723,,hypothetical protein,,,MHMAIFBA_03839,,
ynfE_1,ynfE_1,Putative dimethyl sulfoxide reductase chain YnfE,,,MHMAIFBA_02678,,
group_1714,,hypothetical protein,,,MHMAIFBA_05183,,
group_1713,,hypothetical protein,,,MHMAIFBA_02875,,
group_1705,,hypothetical protein,,,MHMAIFBA_02908,,
group_1704,,hypothetical protein,,,MHMAIFBA_01227,,
group_1698,,hypothetical protein,,,MHMAIFBA_02920,,
group_1697,,hypothetical protein,,,MHMAIFBA_01387,,
group_1696,,hypothetical protein,,,MHMAIFBA_01370,,
group_1687,,hypothetical protein,,,MHMAIFBA_02912,,
group_1681,,hypothetical protein,,,MHMAIFBA_02868,,
group_1673,,hypothetical protein,,,MHMAIFBA_02036,,
group_1672,,hypothetical protein,,,MHMAIFBA_02028,,
group_1668,,hypothetical protein,,,MHMAIFBA_03372,,
group_1667,,hypothetical protein,,,MHMAIFBA_01238,,
group_1659,,hypothetical protein,,,MHMAIFBA_01399,,
group_1658,,hypothetical protein,,,MHMAIFBA_01220,,
group_1653,,hypothetical protein,,,MHMAIFBA_03818,,
group_1652,,hypothetical protein,,,MHMAIFBA_02865,,
group_1651,,hypothetical protein,,,MHMAIFBA_01381,,
group_1646,,hypothetical protein,,,MHMAIFBA_02917,,
group_1645,,hypothetical protein,,,MHMAIFBA_01391,,
group_1638,,hypothetical protein,,,MHMAIFBA_03883,,
group_1637,,hypothetical protein,,,MHMAIFBA_01823,,
group_1636,,hypothetical protein,,,MHMAIFBA_01239,,
group_1631,,hypothetical protein,,,,,CFOCILDN_02075
group_1630,,hypothetical protein,,,MHMAIFBA_03882,,
group_1628,,hypothetical protein,,,MHMAIFBA_02910,,
group_1627,,hypothetical protein,,,MHMAIFBA_01811,,
group_1616,,hypothetical protein,,,MHMAIFBA_04561,,
group_1615,,hypothetical protein,,,MHMAIFBA_03871,,
group_1614,,hypothetical protein,,,MHMAIFBA_02906,,
group_1609,,hypothetical protein,,,MHMAIFBA_02916,,
group_1601,,hypothetical protein,,,MHMAIFBA_04536,,
group_1600,,hypothetical protein,,,MHMAIFBA_04102,,
ybiI_1,ybiI_1,putative protein YbiI,,,MHMAIFBA_01224,,
group_1588,,hypothetical protein,,,MHMAIFBA_03872,,
group_1587,,hypothetical protein,,,MHMAIFBA_01380,,
group_1586,dinI_1,DNA damage-inducible protein I,,,MHMAIFBA_01228,,
group_1585,,hypothetical protein,,,MHMAIFBA_01223,,
group_1583,,hypothetical protein,,,MHMAIFBA_05182,,
group_1582,,hypothetical protein,,,MHMAIFBA_04717,,
group_1581,,hypothetical protein,,,MHMAIFBA_01849,,
group_1580,,hypothetical protein,,,MHMAIFBA_00753,,
group_1575,,hypothetical protein,,,MHMAIFBA_03841,,
group_1574,,hypothetical protein,,,MHMAIFBA_03815,,
group_1573,,hypothetical protein,,,MHMAIFBA_02568,,
group_1572,,hypothetical protein,,,MHMAIFBA_01393,,
group_1562,,hypothetical protein,,,MHMAIFBA_02026,,
group_1561,,hypothetical protein,,,MHMAIFBA_01822,,
group_1555,,hypothetical protein,,,MHMAIFBA_04540,,
group_1554,,hypothetical protein,,,MHMAIFBA_04098,,
group_1553,,hypothetical protein,,,MHMAIFBA_00774,,
group_1548,dinI_2,DNA damage-inducible protein I,,,MHMAIFBA_02863,,
group_1547,,hypothetical protein,,,MHMAIFBA_01374,,
group_1540,,hypothetical protein,,,MHMAIFBA_00773,,
group_1536,,hypothetical protein,,,MHMAIFBA_02909,,
group_1530,,hypothetical protein,,,MHMAIFBA_01395,,
group_1523,,hypothetical protein,,,MHMAIFBA_01415,,
group_1522,,hypothetical protein,,,MHMAIFBA_00777,,
group_1516,,IS3 family transposase IS1222,,,,,CFOCILDN_04869
group_1515,,hypothetical protein,,,MHMAIFBA_00748,,
group_1506,,IS1 family transposase IS1A,,,,,CFOCILDN_04872
group_1505,,hypothetical protein,,,MHMAIFBA_04538,,
group_1504,,IS3 family transposase IS1400,,,MHMAIFBA_04533,,
group_1503,,hypothetical protein,,,MHMAIFBA_04100,,
group_1502,,hypothetical protein,,,MHMAIFBA_02487,,
group_1501,,hypothetical protein,,,MHMAIFBA_02037,,
group_1475,,hypothetical protein,,,MHMAIFBA_00781,,
group_1471,,hypothetical protein,,,MHMAIFBA_02891,,
group_1462,,IS3 family transposase ISEam1,,,,,CFOCILDN_03966
group_1461,,hypothetical protein,,,MHMAIFBA_02864,,
group_1451,,hypothetical protein,,,MHMAIFBA_04450,,
group_1446,,hypothetical protein,,,MHMAIFBA_05297,,
group_1445,,hypothetical protein,,,MHMAIFBA_03382,,
group_1444,,hypothetical protein,,,MHMAIFBA_02885,,
group_1443,,hypothetical protein,,,MHMAIFBA_01814,,
group_1434,,hypothetical protein,,,MHMAIFBA_01373,,
symE_1,symE_1,Toxic protein SymE,,,MHMAIFBA_00764,,
tacA2,tacA2,Antitoxin TacA2,,,MHMAIFBA_00723,,
group_1426,,hypothetical protein,,,MHMAIFBA_01401,,
group_1424,,hypothetical protein,,,MHMAIFBA_01377,,
group_1423,,hypothetical protein,,,MHMAIFBA_01255,,
group_1422,,hypothetical protein,,,MHMAIFBA_00772,,
group_1414,,hypothetical protein,,,MHMAIFBA_02878,,
group_1406,,hypothetical protein,,,MHMAIFBA_01419,,
group_1401,,hypothetical protein,,,MHMAIFBA_02505,,
group_1396,,hypothetical protein,,,MHMAIFBA_02030,,
group_1395,,hypothetical protein,,,MHMAIFBA_01813,,
group_1394,,hypothetical protein,,,MHMAIFBA_01398,,
group_1385,,hypothetical protein,,,MHMAIFBA_05300,,
group_1378,,hypothetical protein,,,MHMAIFBA_03814,,
group_1377,,hypothetical protein,,,MHMAIFBA_00752,,
group_1360,,hypothetical protein,,,MHMAIFBA_02899,,
group_1359,,hypothetical protein,,,MHMAIFBA_01827,,
group_1358,,hypothetical protein,,,MHMAIFBA_01406,,
group_1345,,hypothetical protein,,,MHMAIFBA_04451,,
group_1344,,hypothetical protein,,,MHMAIFBA_03851,,
group_1343,,hypothetical protein,,,MHMAIFBA_01812,,
group_1340,,hypothetical protein,,,MHMAIFBA_02563,,
group_1327,,hypothetical protein,,,MHMAIFBA_01394,,
group_1326,,hypothetical protein,,,MHMAIFBA_01222,,
group_1322,,hypothetical protein,,,MHMAIFBA_02876,,
group_1321,,hypothetical protein,,,MHMAIFBA_01405,,
group_1320,,hypothetical protein,,,MHMAIFBA_00770,,
group_1312,,hypothetical protein,,,MHMAIFBA_04530,,
group_1311,,hypothetical protein,,,MHMAIFBA_01384,,
group_1310,,hypothetical protein,,,MHMAIFBA_00783,,
asr,asr,Acid shock protein,,,MHMAIFBA_02282,,
group_1298,,hypothetical protein,,,MHMAIFBA_02872,,
group_1297,,hypothetical protein,,,MHMAIFBA_00754,,
group_1290,,hypothetical protein,,,MHMAIFBA_05299,,
group_1289,,hypothetical protein,,,MHMAIFBA_02898,,
group_1288,,hypothetical protein,,,MHMAIFBA_01259,,
group_1282,,hypothetical protein,,,MHMAIFBA_03830,,
group_1275,,hypothetical protein,,,MHMAIFBA_03838,,
group_1274,,hypothetical protein,,,MHMAIFBA_01247,,
group_1245,,hypothetical protein,,,MHMAIFBA_02566,,
group_1244,,hypothetical protein,,,MHMAIFBA_00755,,
group_1234,,hypothetical protein,,,,,CFOCILDN_02063
group_1233,,hypothetical protein,,,MHMAIFBA_01260,,
group_1228,,hypothetical protein,,,MHMAIFBA_03840,,
group_1227,,hypothetical protein,,,MHMAIFBA_01815,,
group_1221,,hypothetical protein,,,MHMAIFBA_03383,,
group_1220,,hypothetical protein,,,MHMAIFBA_01241,,
group_1211,,hypothetical protein,,,MHMAIFBA_02888,,
group_1210,,hypothetical protein,,,MHMAIFBA_00728,,
traM,traM,Relaxosome protein TraM,,,MHMAIFBA_05162,,
group_1195,,hypothetical protein,,,MHMAIFBA_03836,,
group_1194,,hypothetical protein,,,MHMAIFBA_03744,,
group_1187,,hypothetical protein,,,MHMAIFBA_00767,,
klcA_1,klcA_1,Antirestriction protein KlcA,,,MHMAIFBA_00782,,
group_1182,,hypothetical protein,,,MHMAIFBA_00759,,
group_1179,,hypothetical protein,,,MHMAIFBA_05298,,
hns_1,hns_1,DNA-binding protein H-NS,,,MHMAIFBA_01816,,
group_1176,,hypothetical protein,,,MHMAIFBA_01418,,
group_1175,,hypothetical protein,,,MHMAIFBA_01219,,
group_1172,ctpF_1,putative cation-transporting ATPase F,,,MHMAIFBA_03501,,
group_1168,,hypothetical protein,,,MHMAIFBA_05171,,
group_1167,,hypothetical protein,,,MHMAIFBA_01386,,
group_1156,,hypothetical protein,,,MHMAIFBA_02890,,
group_1155,,hypothetical protein,,,MHMAIFBA_01820,,
group_1154,,IS5 family transposase IS5,,,MHMAIFBA_00912,,
group_1151,,hypothetical protein,,,MHMAIFBA_01243,,
group_1147,,hypothetical protein,,,MHMAIFBA_04096,,
group_1146,,hypothetical protein,,,MHMAIFBA_03837,,
group_1145,,hypothetical protein,,,MHMAIFBA_03816,,
group_1144,,hypothetical protein,,,MHMAIFBA_02911,,
group_1143,,hypothetical protein,,,MHMAIFBA_02882,,
group_1142,,hypothetical protein,,,MHMAIFBA_01388,,
group_1135,,hypothetical protein,,,,,CFOCILDN_02062
group_1134,,hypothetical protein,,,MHMAIFBA_05188,,
group_1133,,hypothetical protein,,,MHMAIFBA_03843,,
group_1132,,hypothetical protein,,,MHMAIFBA_01242,,
group_1121,,hypothetical protein,,,MHMAIFBA_02511,,
group_1112,,hypothetical protein,,,MHMAIFBA_01404,,
group_1109,,hypothetical protein,,,MHMAIFBA_02887,,
group_1098,,hypothetical protein,,,MHMAIFBA_01244,,
group_1085,,hypothetical protein,,,MHMAIFBA_02662,,
group_1084,,hypothetical protein,,,MHMAIFBA_00741,,
group_1079,,hypothetical protein,,,MHMAIFBA_00775,,
group_1069,,hypothetical protein,,,MHMAIFBA_03852,,
group_1067,,hypothetical protein,,,MHMAIFBA_01409,,
group_1066,,hypothetical protein,,,MHMAIFBA_01237,,
nanQ,nanQ,N-acetylneuraminate anomerase NanQ,,,MHMAIFBA_02656,,
group_1051,,hypothetical protein,,,MHMAIFBA_03845,,
group_1050,,hypothetical protein,,,MHMAIFBA_02903,,
group_1049,,hypothetical protein,,,MHMAIFBA_00750,,
group_1040,,IS3 family transposase IS1400,,,MHMAIFBA_04532,,
group_1039,hcpA_4,Major exported protein,,,MHMAIFBA_04531,,
group_1038,,hypothetical protein,,,MHMAIFBA_02918,,
group_1032,,hypothetical protein,,,MHMAIFBA_01825,,
group_1031,,hypothetical protein,,,MHMAIFBA_01421,,
group_1023,,hypothetical protein,,,MHMAIFBA_01257,,
tacT2,tacT2,tRNA-acetylating toxin 2,,,MHMAIFBA_00724,,
group_1012,,hypothetical protein,,,MHMAIFBA_02512,,
group_1010,,hypothetical protein,,,MHMAIFBA_02893,,
group_998,,hypothetical protein,,,MHMAIFBA_03826,,
group_992,,hypothetical protein,,,MHMAIFBA_03866,,
group_991,,hypothetical protein,,,MHMAIFBA_02889,,
group_990,,hypothetical protein,,,MHMAIFBA_02027,,
group_989,,hypothetical protein,,,MHMAIFBA_02021,,
group_985,,hypothetical protein,,,MHMAIFBA_02020,,
group_984,,hypothetical protein,,,MHMAIFBA_01240,,
group_983,,hypothetical protein,,,MHMAIFBA_01221,,
group_977,,hypothetical protein,,,MHMAIFBA_00746,,
group_975,,hypothetical protein,,,MHMAIFBA_01254,,
group_960,,hypothetical protein,,,MHMAIFBA_03858,,
rrrD_2,rrrD_2,Lysozyme RrrD,,,MHMAIFBA_03853,,
rrrD_1,rrrD_1,Lysozyme RrrD,,,MHMAIFBA_02900,,
group_947,,hypothetical protein,,,MHMAIFBA_04543,,
group_946,,ISNCY family transposase ISBcen27,,,MHMAIFBA_02562,,
group_937,,hypothetical protein,,,MHMAIFBA_01410,,
group_925,,hypothetical protein,,,,KGLDIDPM_05130,
group_924,,hypothetical protein,,,MHMAIFBA_02023,,
group_923,,hypothetical protein,,,MHMAIFBA_01810,,
group_911,,hypothetical protein,,,,,CFOCILDN_02088
group_910,,hypothetical protein,,,MHMAIFBA_01819,,
rfbC,rfbC,dTDP-4-dehydrorhamnose 35-epimerase,,,MHMAIFBA_01755,,
group_885,,hypothetical protein,,,MHMAIFBA_04541,,
group_884,,hypothetical protein,,,MHMAIFBA_04097,,
group_883,,hypothetical protein,,,MHMAIFBA_02874,,
group_882,,hypothetical protein,,,MHMAIFBA_01818,,
group_878,,hypothetical protein,,,MHMAIFBA_01828,,
group_877,,hypothetical protein,,,MHMAIFBA_00745,,
group_876,,hypothetical protein,,,MHMAIFBA_00742,,
group_872,,hypothetical protein,,,MHMAIFBA_01246,,
ecpA_1,ecpA_1,Common pilus major fimbrillin subunit EcpA,,,MHMAIFBA_03746,,
group_866,,hypothetical protein,,,MHMAIFBA_02914,,
group_859,,hypothetical protein,,,MHMAIFBA_01379,,
group_853,,hypothetical protein,,,MHMAIFBA_01396,,
group_852,,hypothetical protein,,,MHMAIFBA_00731,,
group_846,,hypothetical protein,,,MHMAIFBA_03421,,
group_845,,hypothetical protein,,,MHMAIFBA_01371,,
group_844,,hypothetical protein,,,MHMAIFBA_00725,,
group_842,,hypothetical protein,,,MHMAIFBA_05169,,
group_841,,hypothetical protein,,,MHMAIFBA_01826,,
group_838,,hypothetical protein,,,MHMAIFBA_03375,,
group_837,,hypothetical protein,,,MHMAIFBA_02879,,
group_835,,hypothetical protein,,,MHMAIFBA_03849,,
group_829,,hypothetical protein,,,,,CFOCILDN_02055
group_828,,hypothetical protein,,,MHMAIFBA_01407,,
group_827,,hypothetical protein,,,MHMAIFBA_00784,,
group_810,,hypothetical protein,,,MHMAIFBA_03745,,
group_809,,hypothetical protein,,,MHMAIFBA_00744,,
group_802,,hypothetical protein,,,MHMAIFBA_01249,,
group_795,,hypothetical protein,,,MHMAIFBA_01420,,
group_787,,hypothetical protein,,,MHMAIFBA_03860,,
group_786,,hypothetical protein,,,MHMAIFBA_03751,,
azoR2,azoR2,FMN-dependent NADH:quinone oxidoreductase 2,,,MHMAIFBA_02504,,
group_781,,hypothetical protein,,,MHMAIFBA_04526,,
dsbA_1,dsbA_1,Thiol:disulfide interchange protein DsbA,,,MHMAIFBA_03200,,
group_768,,hypothetical protein,,,MHMAIFBA_03863,,
group_761,,hypothetical protein,,,MHMAIFBA_02873,,
group_760,,hypothetical protein,,,MHMAIFBA_01236,,
group_759,,hypothetical protein,,,MHMAIFBA_00756,,
group_756,,IS3 family transposase ISSen4,,,,,CFOCILDN_04870
group_755,,hypothetical protein,,,MHMAIFBA_03880,,
group_752,,hypothetical protein,,,MHMAIFBA_04105,,
pspA_1,pspA_1,Phosphoserine phosphatase 1,,,MHMAIFBA_02501,,
group_740,,putative HTH-type transcriptional regulator,,,MHMAIFBA_02907,,
group_739,,hypothetical protein,,,MHMAIFBA_01392,,
group_729,,hypothetical protein,,,MHMAIFBA_04529,,
group_725,,hypothetical protein,,,MHMAIFBA_03834,,
ecpB_1,ecpB_1,putative fimbrial chaperone EcpB,,,MHMAIFBA_03747,,
group_724,,hypothetical protein,,,MHMAIFBA_03394,,
group_723,fabG_4,3-oxoacyl-[acyl-carrier-protein] reductase FabG,,,MHMAIFBA_02657,,
group_721,,hypothetical protein,,,MHMAIFBA_01402,,
ecpE_1,ecpE_1,putative fimbrial chaperone EcpE,,,MHMAIFBA_03750,,
group_719,,hypothetical protein,,,MHMAIFBA_01229,,
group_717,,putative ABC transporter ATP-binding protein,,,MHMAIFBA_03897,,
group_715,,hypothetical protein,,,MHMAIFBA_03873,,
group_714,,hypothetical protein,,,MHMAIFBA_03857,,
group_708,,hypothetical protein,,,MHMAIFBA_03379,,
traJ,traJ,Protein TraJ,,,MHMAIFBA_05163,,
group_699,,hypothetical protein,,,MHMAIFBA_00761,,
group_697,,hypothetical protein,,,MHMAIFBA_02915,,
group_696,,hypothetical protein,,,MHMAIFBA_01817,,
group_689,,hypothetical protein,,,MHMAIFBA_03828,,
group_676,,hypothetical protein,,,MHMAIFBA_00740,,
group_663,,hypothetical protein,,,MHMAIFBA_03819,,
group_662,,hypothetical protein,,,MHMAIFBA_03373,,
group_661,,hypothetical protein,,,MHMAIFBA_02866,,
group_658,,hypothetical protein,,,MHMAIFBA_04539,,
group_657,,hypothetical protein,,,MHMAIFBA_04099,,
group_654,,hypothetical protein,,,MHMAIFBA_00743,,
group_652,,hypothetical protein,,,MHMAIFBA_01389,,
group_642,,hypothetical protein,,,MHMAIFBA_03835,,
group_641,,hypothetical protein,,,MHMAIFBA_02897,,
group_639,,hypothetical protein,,,MHMAIFBA_00737,,
ydjF_2,ydjF_2,putative HTH-type transcriptional regulator YdjF,,,MHMAIFBA_03051,,
group_635,,hypothetical protein,,,MHMAIFBA_00749,,
mheI,mheI,Carbendazim hydrolyzing esterase,,,MHMAIFBA_02503,,
group_631,,hypothetical protein,,,MHMAIFBA_01750,,
group_626,,hypothetical protein,,,MHMAIFBA_03881,,
group_625,,hypothetical protein,,,MHMAIFBA_03831,,
dnaT_1,dnaT_1,Replication restart protein DnaT,,,MHMAIFBA_01382,,
group_621,,hypothetical protein,,,MHMAIFBA_02870,,
group_610,,hypothetical protein,,,MHMAIFBA_02902,,
group_609,,hypothetical protein,,,MHMAIFBA_03827,,
group_608,,hypothetical protein,,,MHMAIFBA_01383,,
group_592,,hypothetical protein,,,MHMAIFBA_00751,,
group_584,,IS3 family transposase ISEc14,,,,,CFOCILDN_03965
group_580,,hypothetical protein,,,MHMAIFBA_01414,,
group_568,,hypothetical protein,,,MHMAIFBA_02913,,
group_564,,hypothetical protein,,,,,CFOCILDN_03964
group_562,,hypothetical protein,,,MHMAIFBA_01234,,
ydjI,ydjI,putative protein YdjI,,,MHMAIFBA_03054,,
group_552,,hypothetical protein,,,,,CFOCILDN_02074
group_551,,hypothetical protein,,,MHMAIFBA_04249,,
group_550,,hypothetical protein,,,MHMAIFBA_03864,,
group_545,,hypothetical protein,,,MHMAIFBA_00757,,
dam_2,dam_2,DNA adenine methylase,,,MHMAIFBA_01225,,
group_525,,hypothetical protein,,,MHMAIFBA_00738,,
group_521,,hypothetical protein,,,MHMAIFBA_02869,,
group_520,,hypothetical protein,,,MHMAIFBA_01245,,
rffH_1,rffH_1,Glucose-1-phosphate thymidylyltransferase 2,,,MHMAIFBA_01753,,
group_512,,hypothetical protein,,,MHMAIFBA_00727,,
group_506,,hypothetical protein,,,MHMAIFBA_00733,,
group_500,,hypothetical protein,,,MHMAIFBA_03817,,
egtB_3,egtB_3,Hercynine oxygenase,,,MHMAIFBA_02034,,
rfbD_1,rfbD_1,dTDP-4-dehydrorhamnose reductase,,,MHMAIFBA_01754,,
group_488,,hypothetical protein,,,,,CFOCILDN_02086
group_487,,hypothetical protein,,,MHMAIFBA_02033,,
egtB_2,egtB_2,Hercynine oxygenase,,,MHMAIFBA_02032,,
egtB_1,egtB_1,Hercynine oxygenase,,,MHMAIFBA_02031,,
group_486,,hypothetical protein,,,MHMAIFBA_00779,,
group_481,,hypothetical protein,,,MHMAIFBA_01749,,
group_480,,hypothetical protein,,,MHMAIFBA_01376,,
group_474,,IS5 family transposase IS5B,,,MHMAIFBA_04693,,
group_473,,hypothetical protein,,,MHMAIFBA_03869,,
group_463,,hypothetical protein,,,,,CFOCILDN_02056
group_462,,Tn3 family transposase Tn2,,,MHMAIFBA_05247,,
group_461,,hypothetical protein,,,MHMAIFBA_03376,,
benM_2,benM_2,HTH-type transcriptional regulator BenM,,,MHMAIFBA_02994,,
rfbN,rfbN,O-antigen chain rhamnosyltransferase RfbN,,,MHMAIFBA_01748,,
group_460,,hypothetical protein,,,MHMAIFBA_01248,,
lgoR,lgoR,putative HTH-type transcriptional regulator LgoR,,,MHMAIFBA_04438,,
group_449,,putative protein,,,MHMAIFBA_02567,,
yqhC_2,yqhC_2,HTH-type transcriptional regulator YqhC,,,MHMAIFBA_02569,,
group_430,,hypothetical protein,,,MHMAIFBA_03405,,
crgA_3,crgA_3,HTH-type transcriptional regulator CrgA,,,MHMAIFBA_02510,,
group_422,,hypothetical protein,,,MHMAIFBA_02892,,
group_421,,hypothetical protein,,,MHMAIFBA_00768,,
group_418,,hypothetical protein,,,MHMAIFBA_03406,,
ydjH_1,ydjH_1,putative sugar kinase YdjH,,,MHMAIFBA_03053,,
xerC_1,xerC_1,Tyrosine recombinase XerC,,,MHMAIFBA_00787,,
soj,soj,Sporulation initiation inhibitor protein Soj,,,MHMAIFBA_04095,,
group_406,,hypothetical protein,,,MHMAIFBA_04544,,
group_404,,hypothetical protein,,,MHMAIFBA_00780,,
group_400,lsrD_2,Autoinducer 2 import system permease protein LsrD,,,MHMAIFBA_04488,,
group_394,,hypothetical protein,,,MHMAIFBA_02904,,
group_389,,IS5 family transposase IS903,,,MHMAIFBA_02025,,
group_387,rbsC_5,Ribose import permease protein RbsC,,,MHMAIFBA_04489,,
rhaS_3,rhaS_3,HTH-type transcriptional activator RhaS,,,MHMAIFBA_02565,,
group_384,traC_1,DNA primase TraC,,,MHMAIFBA_00785,,
group_381,lsrB_2,Autoinducer 2-binding protein LsrB,,,MHMAIFBA_04491,,
ydjG,ydjG,NADH-specific methylglyoxal reductase,,,MHMAIFBA_03052,,
group_377,,hypothetical protein,,,MHMAIFBA_01403,,
group_373,,hypothetical protein,,,MHMAIFBA_01759,,
lpsL_1,lpsL_1,UDP-glucuronate 4-epimerase,,,MHMAIFBA_01757,,
group_365,,hypothetical protein,,,MHMAIFBA_01231,,
group_362,,hypothetical protein,,,MHMAIFBA_03846,,
gap_1,gap_1,Glyceraldehyde-3-phosphate dehydrogenase,,,MHMAIFBA_02564,,
group_358,,hypothetical protein,,,MHMAIFBA_00765,,
lgoD,lgoD,L-galactonate-5-dehydrogenase,,,MHMAIFBA_04437,,
group_351,,hypothetical protein,,,MHMAIFBA_02877,,
group_350,,IS110 family transposase ISSm1,,,MHMAIFBA_01672,,
group_349,,hypothetical protein,,,MHMAIFBA_01375,,
xerC_2,xerC_2,Tyrosine recombinase XerC,,,MHMAIFBA_01218,,
group_346,,Putative transposase for insertion sequence element IS5376,MFCJNMFM_05107,,,,
cdhR_2,cdhR_2,HTH-type transcriptional regulator CdhR,,,MHMAIFBA_02502,,
group_340,,hypothetical protein,,,MHMAIFBA_01760,,
group_334,emrA_2,Colistin resistance protein EmrA,,,MHMAIFBA_02515,,
ydjJ,ydjJ,putative zinc-type alcohol dehydrogenase-like protein YdjJ,,,MHMAIFBA_03055,,
group_332,,hypothetical protein,,,MHMAIFBA_01232,,
group_331,,IS481 family transposase ISKpn28,,,MHMAIFBA_03856,,
group_323,,hypothetical protein,,,MHMAIFBA_01235,,
rffG_1,rffG_1,dTDP-glucose 46-dehydratase 2,,,MHMAIFBA_01752,,
group_316,,hypothetical protein,,,MHMAIFBA_00739,,
group_310,,hypothetical protein,,,MHMAIFBA_01252,,
group_306,,hypothetical protein,,,MHMAIFBA_03371,,
group_305,,D-arabitol-phosphate dehydrogenase,,,MHMAIFBA_03057,,
group_303,,hypothetical protein,,,MHMAIFBA_04542,,
group_302,,hypothetical protein,,,MHMAIFBA_01230,,
ttuC,ttuC',putative tartrate dehydrogenase/decarboxylase TtuC',,,MHMAIFBA_02992,,
group_292,,hypothetical protein,,,MHMAIFBA_03842,,
group_291,,hypothetical protein,,,MHMAIFBA_01258,,
group_277,,hypothetical protein,,,MHMAIFBA_02029,,
group_274,,IS481 family transposase ISKpn28,,,MHMAIFBA_05151,,
group_272,,hypothetical protein,,,MHMAIFBA_00763,,
group_269,,hypothetical protein,,,MHMAIFBA_01251,,
group_258,,hypothetical protein,,,,,CFOCILDN_02059
group_257,,hypothetical protein,,,MHMAIFBA_02886,,
group_254,,hypothetical protein,,,MHMAIFBA_02038,,
xerD_2,xerD_2,Tyrosine recombinase XerD,,,MHMAIFBA_03884,,
group_250,,hypothetical protein,,,MHMAIFBA_02655,,
gpFI_1,gpFI_1,Putative prophage major tail sheath protein,,,MHMAIFBA_01253,,
group_243,nhaA_2,Na(+)/H(+) antiporter NhaA,,,MHMAIFBA_05301,,
intA_3,intA_3,Prophage integrase IntA,,,MHMAIFBA_02921,,
intS_2,intS_2,Prophage integrase IntS,,,MHMAIFBA_04094,,
group_239,,hypothetical protein,,,MHMAIFBA_00778,,
group_236,,hypothetical protein,,,MHMAIFBA_02871,,
group_233,,hypothetical protein,,,,,CFOCILDN_02087
group_231,,hypothetical protein,,,MHMAIFBA_02894,,
intS_1,intS_1,Prophage integrase IntS,,,MHMAIFBA_01369,,
group_225,,hypothetical protein,,,MHMAIFBA_00732,,
rfbX,rfbX,Putative O-antigen transporter,,,MHMAIFBA_01758,,
ttuD,ttuD,Putative hydroxypyruvate reductase,,,MHMAIFBA_02991,,
intA_4,intA_4,Prophage integrase IntA,,,MHMAIFBA_04545,,
group_206,,hypothetical protein,,,MHMAIFBA_01821,,
intA_2,intA_2,Prophage integrase IntA,,,MHMAIFBA_01834,,
group_197,,hypothetical protein,,,,,CFOCILDN_04873
group_196,,hypothetical protein,,,MHMAIFBA_02024,,
res,res,Type III restriction-modification enzyme EcoP15I Res subunit,,,MHMAIFBA_01831,,
group_189,,hypothetical protein,,,MHMAIFBA_00786,,
group_184,,hypothetical protein,,,MHMAIFBA_01789,,
group_183,ttuB_3,Putative tartrate transporter,,,MHMAIFBA_02993,,
group_180,vgrG2b_1,Type VI secretion system spike protein VgrG2b,,,MHMAIFBA_02018,,
group_178,,hypothetical protein,,,MHMAIFBA_00734,,
group_175,,hypothetical protein,,,MHMAIFBA_02019,,
ydjE_1,ydjE_1,Inner membrane metabolite transport protein YdjE,,,MHMAIFBA_03050,,
lgoT_3,lgoT_3,putative L-galactonate transporter,,,MHMAIFBA_04439,,
group_173,,hypothetical protein,,,MHMAIFBA_00762,,
dnaB_1,dnaB_1,Replicative DNA helicase DnaB,,,MHMAIFBA_00729,,
ydjE_2,ydjE_2,Inner membrane metabolite transport protein YdjE,,,MHMAIFBA_03056,,
group_169,,hypothetical protein,,,MHMAIFBA_03844,,
group_167,,hypothetical protein,,,MHMAIFBA_01833,,
group_163,,putative protein,,,MHMAIFBA_02896,,
group_162,,hypothetical protein,,,MHMAIFBA_02654,,
group_155,,hypothetical protein,,,,,CFOCILDN_02054
group_154,,hypothetical protein,,,MHMAIFBA_03847,,
group_153,,hypothetical protein,,,MHMAIFBA_00769,,
dnaB_2,dnaB_2,Replicative DNA helicase DnaB,,,MHMAIFBA_03868,,
uxaB_2,uxaB_2,Altronate oxidoreductase,,,MHMAIFBA_04436,,
group_141,,hypothetical protein,,,MHMAIFBA_02895,,
group_136,,hypothetical protein,,,MHMAIFBA_03848,,
group_135,,hypothetical protein,,,MHMAIFBA_01397,,
group_134,,hypothetical protein,,,MHMAIFBA_00758,,
ytfR_1,ytfR_1,Galactofuranose transporter ATP-binding protein YtfR,,,MHMAIFBA_04490,,
group_129,,hypothetical protein,,,MHMAIFBA_01824,,
group_127,,hypothetical protein,,,MHMAIFBA_00771,,
group_121,,hypothetical protein,,,MHMAIFBA_01217,,
group_119,,hypothetical protein,,,MHMAIFBA_01829,,
emrB_2,emrB_2,Colistin resistance protein EmrB,,,MHMAIFBA_02514,,
group_115,,hypothetical protein,,,MHMAIFBA_01761,,
group_113,,hypothetical protein,,,MHMAIFBA_00766,,
ecpD_1,ecpD_1,Fimbria adhesin EcpD,,,MHMAIFBA_03749,,
group_106,,hypothetical protein,,,MHMAIFBA_00730,,
group_103,,hypothetical protein,,,MHMAIFBA_01830,,
group_100,,hypothetical protein,,,,,CFOCILDN_02073
group_96,,hypothetical protein,,,MHMAIFBA_02905,,
group_92,,hypothetical protein,,,MHMAIFBA_01400,,
xerC_8,xerC_8,Tyrosine recombinase XerC,MFCJNMFM_05454,,,,
group_84,,hypothetical protein,,,MHMAIFBA_03393,,
group_82,,hypothetical protein,,,MHMAIFBA_01233,,
mod,mod,Type III restriction-modification enzyme EcoP15I Mod subunit,,,MHMAIFBA_01832,,
group_67,,hypothetical protein,,,MHMAIFBA_01412,,
group_66,,hypothetical protein,,,MHMAIFBA_01250,,
group_64,,hypothetical protein,,,MHMAIFBA_02880,,
group_56,,hypothetical protein,,,MHMAIFBA_00747,,
group_47,,hypothetical protein,,,MHMAIFBA_04534,,
group_46,,hypothetical protein,,,MHMAIFBA_04104,,
group_43,,hypothetical protein,,,MHMAIFBA_01416,,
group_42,,hypothetical protein,,,MHMAIFBA_01226,,
group_36,,hypothetical protein,,,MHMAIFBA_01408,,
ecpC_1,ecpC_1,putative outer membrane usher protein EcpC,,,MHMAIFBA_03748,,
group_32,,hypothetical protein,,,MHMAIFBA_01256,,
group_28,,hypothetical protein,,,MHMAIFBA_03367,,
group_25,,hypothetical protein,,,MHMAIFBA_01413,,
group_24,,hypothetical protein,,,MHMAIFBA_00760,,
group_21,,hypothetical protein,,,MHMAIFBA_01411,,
group_20,,hypothetical protein,,,MHMAIFBA_03374,,
group_18,,hypothetical protein,,,MHMAIFBA_03820,,
group_17,,hypothetical protein,,,MHMAIFBA_02867,,
group_14,,hypothetical protein,,,,,CFOCILDN_02050
group_7,,hypothetical protein,,,MHMAIFBA_03825,,
